fecha,campaign_id,canal,campaign_name,objetivo,marca,modelo_promocionado,impresiones,clicks,inversion_ars,leads_reportados_plataforma,ctr_pct,cpc_ars,cpl_plataforma_ars
2024-01-01,CAMP025,google_ads,Google Ads - Ford Maverick - whatsapp,whatsapp,Ford,Maverick,2572,105,88231.68,11,4.08,840.3,8021.06
2024-01-01,CAMP036,meta_ads,Meta Ads - Ford Territory - whatsapp,whatsapp,Ford,Territory,925,30,29921.79,2,3.24,997.39,14960.89
2024-01-01,CAMP031,meta_ads,Meta Ads - Volkswagen Polo - trafico,trafico,Volkswagen,Polo,1005,32,33145.41,1,3.18,1035.79,33145.41
2024-01-01,CAMP004,google_ads,Google Ads - Peugeot Expert - lead_form,lead_form,Peugeot,Expert,2109,27,54356.39,2,1.28,2013.2,27178.2
2024-01-01,CAMP041,meta_ads,Meta Ads - Toyota Corolla - lead_form,lead_form,Toyota,Corolla,972,11,13221.33,1,1.13,1201.94,13221.33
2024-01-01,CAMP001,google_ads,Google Ads - Peugeot 208 - lead_form,lead_form,Peugeot,208,2298,40,76030.39,2,1.74,1900.76,38015.19
2024-01-01,CAMP045,meta_ads,Meta Ads - Chevrolet S10 - lead_form,lead_form,Chevrolet,S10,1816,58,56202.28,4,3.19,969.0,14050.57
2024-01-01,CAMP011,google_ads,Google Ads - Peugeot 3008 - trafico,trafico,Peugeot,3008,1499,55,41940.0,4,3.67,762.55,10485.0
2024-01-01,CAMP006,google_ads,Google Ads - Toyota Corolla - whatsapp,whatsapp,Toyota,Corolla,644,12,18117.36,0,1.86,1509.78,
2024-01-01,CAMP032,meta_ads,Meta Ads - Fiat Pulse - lead_form,lead_form,Fiat,Pulse,2995,88,30107.23,6,2.94,342.13,5017.87
2024-01-01,CAMP028,google_ads,Google Ads - Volkswagen Amarok - remarketing,remarketing,Volkswagen,Amarok,1711,32,58457.48,2,1.87,1826.8,29228.74
2024-01-01,CAMP042,meta_ads,Meta Ads - Volkswagen Virtus - remarketing,remarketing,Volkswagen,Virtus,3625,54,73116.75,3,1.49,1354.01,24372.25
2024-01-01,CAMP022,google_ads,Google Ads - Toyota Hilux - lead_form,lead_form,Toyota,Hilux,3171,91,41283.31,4,2.87,453.66,10320.83
2024-01-01,CAMP037,meta_ads,Meta Ads - Peugeot Expert - trafico,trafico,Peugeot,Expert,4521,70,72229.06,1,1.55,1031.84,72229.06
2024-01-02,CAMP010,google_ads,Google Ads - Renault Kangoo - whatsapp,whatsapp,Renault,Kangoo,760,15,12415.15,0,1.97,827.68,
2024-01-02,CAMP025,google_ads,Google Ads - Ford Maverick - whatsapp,whatsapp,Ford,Maverick,1711,40,22353.41,2,2.34,558.84,11176.71
2024-01-02,CAMP046,meta_ads,Meta Ads - Peugeot 208 - trafico,trafico,Peugeot,208,5036,99,43862.51,2,1.97,443.06,21931.25
2024-01-02,CAMP051,meta_ads,Meta Ads - Renault Logan - whatsapp,whatsapp,Renault,Logan,3502,73,58694.33,3,2.08,804.03,19564.78
2024-01-02,CAMP041,meta_ads,Meta Ads - Toyota Corolla - lead_form,lead_form,Toyota,Corolla,4110,169,42282.16,18,4.11,250.19,2349.01
2024-01-02,CAMP060,meta_ads,Meta Ads - Volkswagen Amarok - whatsapp,whatsapp,Volkswagen,Amarok,3769,47,88368.14,2,1.25,1880.17,44184.07
2024-01-02,CAMP048,meta_ads,Meta Ads - Ford Kuga - whatsapp,whatsapp,Ford,Kuga,1416,35,22847.79,0,2.47,652.79,
2024-01-02,CAMP059,meta_ads,Meta Ads - Renault Alaskan - whatsapp,whatsapp,Renault,Alaskan,2371,59,45941.47,1,2.49,778.67,45941.47
2024-01-02,CAMP021,google_ads,Google Ads - Toyota Hilux - trafico,trafico,Toyota,Hilux,2159,65,31657.89,5,3.01,487.04,6331.58
2024-01-02,CAMP024,google_ads,Google Ads - Peugeot Partner - whatsapp,whatsapp,Peugeot,Partner,2504,44,27274.56,5,1.76,619.88,5454.91
2024-01-02,CAMP007,google_ads,Google Ads - Volkswagen Nivus - lead_form,lead_form,Volkswagen,Nivus,1533,57,37943.27,2,3.72,665.67,18971.64
2024-01-02,CAMP006,google_ads,Google Ads - Toyota Corolla - whatsapp,whatsapp,Toyota,Corolla,1270,50,38139.91,5,3.94,762.8,7627.98
2024-01-03,CAMP020,google_ads,Google Ads - Chevrolet Tracker - lead_form,lead_form,Chevrolet,Tracker,1303,32,34885.78,2,2.46,1090.18,17442.89
2024-01-03,CAMP021,google_ads,Google Ads - Toyota Hilux - trafico,trafico,Toyota,Hilux,1710,64,31045.1,3,3.74,485.08,10348.37
2024-01-03,CAMP039,meta_ads,Meta Ads - Chevrolet Cruze - trafico,trafico,Chevrolet,Cruze,903,26,20975.14,1,2.88,806.74,20975.14
2024-01-03,CAMP045,meta_ads,Meta Ads - Chevrolet S10 - lead_form,lead_form,Chevrolet,S10,2864,123,65460.35,7,4.29,532.2,9351.48
2024-01-03,CAMP013,google_ads,Google Ads - Renault Logan - lead_form,lead_form,Renault,Logan,3404,59,67548.54,5,1.73,1144.89,13509.71
2024-01-03,CAMP031,meta_ads,Meta Ads - Volkswagen Polo - trafico,trafico,Volkswagen,Polo,2585,56,76213.18,3,2.17,1360.95,25404.39
2024-01-03,CAMP059,meta_ads,Meta Ads - Renault Alaskan - whatsapp,whatsapp,Renault,Alaskan,4243,134,61670.37,12,3.16,460.23,5139.2
2024-01-03,CAMP012,google_ads,Google Ads - Ford Territory - whatsapp,whatsapp,Ford,Territory,7389,329,73871.6,21,4.45,224.53,3517.7
2024-01-03,CAMP026,google_ads,Google Ads - Peugeot Partner - lead_form,lead_form,Peugeot,Partner,2004,83,43453.15,7,4.14,523.53,6207.59
2024-01-03,CAMP054,meta_ads,Meta Ads - Chevrolet S10 - remarketing,remarketing,Chevrolet,S10,1861,37,54643.7,4,1.99,1476.86,13660.93
2024-01-04,CAMP039,meta_ads,Meta Ads - Chevrolet Cruze - trafico,trafico,Chevrolet,Cruze,1831,34,62446.0,3,1.86,1836.65,20815.33
2024-01-04,CAMP041,meta_ads,Meta Ads - Toyota Corolla - lead_form,lead_form,Toyota,Corolla,1900,27,20263.68,2,1.42,750.51,10131.84
2024-01-04,CAMP006,google_ads,Google Ads - Toyota Corolla - whatsapp,whatsapp,Toyota,Corolla,2089,30,55523.49,1,1.44,1850.78,55523.49
2024-01-04,CAMP007,google_ads,Google Ads - Volkswagen Nivus - lead_form,lead_form,Volkswagen,Nivus,1826,60,48118.93,1,3.29,801.98,48118.93
2024-01-04,CAMP050,meta_ads,Meta Ads - Chevrolet Tracker - lead_form,lead_form,Chevrolet,Tracker,4270,74,89820.81,8,1.73,1213.79,11227.6
2024-01-04,CAMP016,google_ads,Google Ads - Renault Kangoo - remarketing,remarketing,Renault,Kangoo,614,21,18696.67,1,3.42,890.32,18696.67
2024-01-04,CAMP043,meta_ads,Meta Ads - Chevrolet Onix - remarketing,remarketing,Chevrolet,Onix,1328,34,38759.2,1,2.56,1139.98,38759.2
2024-01-04,CAMP054,meta_ads,Meta Ads - Chevrolet S10 - remarketing,remarketing,Chevrolet,S10,713,16,19614.6,0,2.24,1225.91,
2024-01-04,CAMP023,google_ads,Google Ads - Fiat Pulse - remarketing,remarketing,Fiat,Pulse,569,3,15485.28,0,0.53,5161.76,
2024-01-04,CAMP011,google_ads,Google Ads - Peugeot 3008 - trafico,trafico,Peugeot,3008,693,29,20530.29,2,4.18,707.94,10265.14
2024-01-04,CAMP042,meta_ads,Meta Ads - Volkswagen Virtus - remarketing,remarketing,Volkswagen,Virtus,2281,43,52247.52,2,1.89,1215.06,26123.76
2024-01-04,CAMP040,meta_ads,Meta Ads - Volkswagen Virtus - remarketing,remarketing,Volkswagen,Virtus,1626,49,48040.22,1,3.01,980.41,48040.22
2024-01-04,CAMP003,google_ads,Google Ads - Volkswagen Virtus - lead_form,lead_form,Volkswagen,Virtus,3386,117,63270.02,12,3.46,540.77,5272.5
2024-01-04,CAMP037,meta_ads,Meta Ads - Peugeot Expert - trafico,trafico,Peugeot,Expert,2401,14,47066.85,0,0.58,3361.92,
2024-01-04,CAMP056,meta_ads,Meta Ads - Renault Logan - whatsapp,whatsapp,Renault,Logan,1248,46,33710.9,3,3.69,732.85,11236.97
2024-01-04,CAMP044,meta_ads,Meta Ads - Fiat Fastback - remarketing,remarketing,Fiat,Fastback,3305,66,74361.18,2,2.0,1126.68,37180.59
2024-01-05,CAMP017,google_ads,Google Ads - Chevrolet Onix - remarketing,remarketing,Chevrolet,Onix,2549,49,60804.08,5,1.92,1240.9,12160.82
2024-01-05,CAMP043,meta_ads,Meta Ads - Chevrolet Onix - remarketing,remarketing,Chevrolet,Onix,2044,68,61285.19,3,3.33,901.25,20428.4
2024-01-05,CAMP056,meta_ads,Meta Ads - Renault Logan - whatsapp,whatsapp,Renault,Logan,5934,66,61056.47,1,1.11,925.1,61056.47
2024-01-05,CAMP032,meta_ads,Meta Ads - Fiat Pulse - lead_form,lead_form,Fiat,Pulse,2819,93,36493.05,6,3.3,392.4,6082.17
2024-01-05,CAMP034,meta_ads,Meta Ads - Volkswagen Amarok - remarketing,remarketing,Volkswagen,Amarok,3878,81,45461.56,2,2.09,561.25,22730.78
2024-01-05,CAMP041,meta_ads,Meta Ads - Toyota Corolla - lead_form,lead_form,Toyota,Corolla,2347,73,62726.63,8,3.11,859.27,7840.83
2024-01-05,CAMP021,google_ads,Google Ads - Toyota Hilux - trafico,trafico,Toyota,Hilux,2654,30,56322.5,1,1.13,1877.42,56322.5
2024-01-05,CAMP039,meta_ads,Meta Ads - Chevrolet Cruze - trafico,trafico,Chevrolet,Cruze,5087,101,48065.02,1,1.99,475.89,48065.02
2024-01-05,CAMP025,google_ads,Google Ads - Ford Maverick - whatsapp,whatsapp,Ford,Maverick,768,33,23075.52,2,4.3,699.26,11537.76
2024-01-06,CAMP027,google_ads,Google Ads - Chevrolet Tracker - whatsapp,whatsapp,Chevrolet,Tracker,1486,18,33478.65,1,1.21,1859.93,33478.65
2024-01-06,CAMP044,meta_ads,Meta Ads - Fiat Fastback - remarketing,remarketing,Fiat,Fastback,2440,66,70000.32,1,2.7,1060.61,70000.32
2024-01-06,CAMP032,meta_ads,Meta Ads - Fiat Pulse - lead_form,lead_form,Fiat,Pulse,723,27,20933.21,1,3.73,775.3,20933.21
2024-01-06,CAMP060,meta_ads,Meta Ads - Volkswagen Amarok - whatsapp,whatsapp,Volkswagen,Amarok,8358,284,76255.05,20,3.4,268.5,3812.75
2024-01-06,CAMP046,meta_ads,Meta Ads - Peugeot 208 - trafico,trafico,Peugeot,208,8296,318,89309.55,29,3.83,280.85,3079.64
2024-01-06,CAMP054,meta_ads,Meta Ads - Chevrolet S10 - remarketing,remarketing,Chevrolet,S10,1008,23,35263.56,1,2.28,1533.2,35263.56
2024-01-06,CAMP029,google_ads,Google Ads - Ford Bronco Sport - whatsapp,whatsapp,Ford,Bronco Sport,3817,170,75795.68,16,4.45,445.86,4737.23
2024-01-06,CAMP058,meta_ads,Meta Ads - Toyota Corolla Cross - lead_form,lead_form,Toyota,Corolla Cross,1021,29,30518.37,1,2.84,1052.36,30518.37
2024-01-06,CAMP011,google_ads,Google Ads - Peugeot 3008 - trafico,trafico,Peugeot,3008,2691,33,67519.74,0,1.23,2046.05,
2024-01-06,CAMP006,google_ads,Google Ads - Toyota Corolla - whatsapp,whatsapp,Toyota,Corolla,2071,17,28150.07,0,0.82,1655.89,
2024-01-06,CAMP037,meta_ads,Meta Ads - Peugeot Expert - trafico,trafico,Peugeot,Expert,1506,28,33965.34,2,1.86,1213.05,16982.67
2024-01-06,CAMP002,google_ads,Google Ads - Peugeot Partner - whatsapp,whatsapp,Peugeot,Partner,2274,89,34609.47,10,3.91,388.87,3460.95
2024-01-06,CAMP015,google_ads,Google Ads - Ford Maverick - trafico,trafico,Ford,Maverick,6154,267,65063.33,26,4.34,243.68,2502.44
2024-01-06,CAMP019,google_ads,Google Ads - Renault Alaskan - trafico,trafico,Renault,Alaskan,2407,95,83764.36,2,3.95,881.73,41882.18
2024-01-06,CAMP003,google_ads,Google Ads - Volkswagen Virtus - lead_form,lead_form,Volkswagen,Virtus,5403,182,79649.61,18,3.37,437.64,4424.98
2024-01-07,CAMP032,meta_ads,Meta Ads - Fiat Pulse - lead_form,lead_form,Fiat,Pulse,2634,105,70484.59,6,3.99,671.28,11747.43
2024-01-07,CAMP010,google_ads,Google Ads - Renault Kangoo - whatsapp,whatsapp,Renault,Kangoo,2111,84,50067.47,8,3.98,596.04,6258.43
2024-01-07,CAMP037,meta_ads,Meta Ads - Peugeot Expert - trafico,trafico,Peugeot,Expert,562,17,19265.05,1,3.02,1133.24,19265.05
2024-01-07,CAMP041,meta_ads,Meta Ads - Toyota Corolla - lead_form,lead_form,Toyota,Corolla,2656,57,78308.29,6,2.15,1373.83,13051.38
2024-01-07,CAMP018,google_ads,Google Ads - Toyota SW4 - trafico,trafico,Toyota,SW4,3574,66,76338.12,2,1.85,1156.64,38169.06
2024-01-07,CAMP057,meta_ads,Meta Ads - Toyota Hilux - lead_form,lead_form,Toyota,Hilux,4744,186,54690.22,18,3.92,294.03,3038.35
2024-01-07,CAMP027,google_ads,Google Ads - Chevrolet Tracker - whatsapp,whatsapp,Chevrolet,Tracker,2860,22,81744.06,1,0.77,3715.64,81744.06
2024-01-07,CAMP025,google_ads,Google Ads - Ford Maverick - whatsapp,whatsapp,Ford,Maverick,9154,386,77262.77,12,4.22,200.16,6438.56
2024-01-07,CAMP029,google_ads,Google Ads - Ford Bronco Sport - whatsapp,whatsapp,Ford,Bronco Sport,1368,31,47608.41,3,2.27,1535.76,15869.47
2024-01-07,CAMP005,google_ads,Google Ads - Chevrolet Cruze - lead_form,lead_form,Chevrolet,Cruze,2606,46,82933.76,4,1.77,1802.91,20733.44
2024-01-07,CAMP055,meta_ads,Meta Ads - Toyota Corolla - trafico,trafico,Toyota,Corolla,7640,153,80374.41,3,2.0,525.32,26791.47
2024-01-07,CAMP006,google_ads,Google Ads - Toyota Corolla - whatsapp,whatsapp,Toyota,Corolla,2501,20,63831.69,1,0.8,3191.58,63831.69
2024-01-07,CAMP026,google_ads,Google Ads - Peugeot Partner - lead_form,lead_form,Peugeot,Partner,2417,54,68627.09,1,2.23,1270.87,68627.09
2024-01-07,CAMP033,meta_ads,Meta Ads - Volkswagen Nivus - trafico,trafico,Volkswagen,Nivus,1411,12,19424.33,0,0.85,1618.69,
2024-01-08,CAMP044,meta_ads,Meta Ads - Fiat Fastback - remarketing,remarketing,Fiat,Fastback,6409,116,68999.54,12,1.81,594.82,5749.96
2024-01-08,CAMP029,google_ads,Google Ads - Ford Bronco Sport - whatsapp,whatsapp,Ford,Bronco Sport,785,27,22696.08,0,3.44,840.6,
2024-01-08,CAMP001,google_ads,Google Ads - Peugeot 208 - lead_form,lead_form,Peugeot,208,7543,201,89449.33,3,2.66,445.02,29816.44
2024-01-08,CAMP058,meta_ads,Meta Ads - Toyota Corolla Cross - lead_form,lead_form,Toyota,Corolla Cross,3153,107,62701.58,8,3.39,586.0,7837.7
2024-01-08,CAMP045,meta_ads,Meta Ads - Chevrolet S10 - lead_form,lead_form,Chevrolet,S10,1245,40,23807.18,4,3.21,595.18,5951.8
2024-01-08,CAMP022,google_ads,Google Ads - Toyota Hilux - lead_form,lead_form,Toyota,Hilux,1751,61,18761.67,4,3.48,307.57,4690.42
2024-01-08,CAMP053,meta_ads,Meta Ads - Chevrolet Spin - lead_form,lead_form,Chevrolet,Spin,1233,22,41954.49,0,1.78,1907.02,
2024-01-08,CAMP008,google_ads,Google Ads - Chevrolet Tracker - remarketing,remarketing,Chevrolet,Tracker,3270,90,33603.48,7,2.75,373.37,4800.5
2024-01-08,CAMP028,google_ads,Google Ads - Volkswagen Amarok - remarketing,remarketing,Volkswagen,Amarok,2045,67,59392.26,6,3.28,886.45,9898.71
2024-01-08,CAMP056,meta_ads,Meta Ads - Renault Logan - whatsapp,whatsapp,Renault,Logan,3924,102,63355.62,6,2.6,621.13,10559.27
2024-01-08,CAMP009,google_ads,Google Ads - Volkswagen Amarok - trafico,trafico,Volkswagen,Amarok,4401,35,70331.8,3,0.8,2009.48,23443.93
2024-01-08,CAMP031,meta_ads,Meta Ads - Volkswagen Polo - trafico,trafico,Volkswagen,Polo,4047,42,86464.38,2,1.04,2058.68,43232.19
2024-01-08,CAMP005,google_ads,Google Ads - Chevrolet Cruze - lead_form,lead_form,Chevrolet,Cruze,2619,115,58326.52,13,4.39,507.19,4486.66
2024-01-08,CAMP015,google_ads,Google Ads - Ford Maverick - trafico,trafico,Ford,Maverick,7337,290,84846.1,21,3.95,292.57,4040.29
2024-01-08,CAMP025,google_ads,Google Ads - Ford Maverick - whatsapp,whatsapp,Ford,Maverick,1531,54,40502.17,6,3.53,750.04,6750.36
2024-01-08,CAMP006,google_ads,Google Ads - Toyota Corolla - whatsapp,whatsapp,Toyota,Corolla,8530,73,72088.63,3,0.86,987.52,24029.54
2024-01-09,CAMP060,meta_ads,Meta Ads - Volkswagen Amarok - whatsapp,whatsapp,Volkswagen,Amarok,2658,88,51081.82,2,3.31,580.48,25540.91
2024-01-09,CAMP004,google_ads,Google Ads - Peugeot Expert - lead_form,lead_form,Peugeot,Expert,2186,36,53852.06,1,1.65,1495.89,53852.06
2024-01-09,CAMP051,meta_ads,Meta Ads - Renault Logan - whatsapp,whatsapp,Renault,Logan,3846,144,51881.77,10,3.74,360.29,5188.18
2024-01-09,CAMP026,google_ads,Google Ads - Peugeot Partner - lead_form,lead_form,Peugeot,Partner,1690,65,42477.06,5,3.85,653.49,8495.41
2024-01-09,CAMP033,meta_ads,Meta Ads - Volkswagen Nivus - trafico,trafico,Volkswagen,Nivus,638,21,17156.98,2,3.29,817.0,8578.49
2024-01-09,CAMP019,google_ads,Google Ads - Renault Alaskan - trafico,trafico,Renault,Alaskan,1599,36,16516.66,2,2.25,458.8,8258.33
2024-01-09,CAMP041,meta_ads,Meta Ads - Toyota Corolla - lead_form,lead_form,Toyota,Corolla,3638,127,59488.93,11,3.49,468.42,5408.08
2024-01-09,CAMP046,meta_ads,Meta Ads - Peugeot 208 - trafico,trafico,Peugeot,208,786,26,21316.55,0,3.31,819.87,
2024-01-10,CAMP034,meta_ads,Meta Ads - Volkswagen Amarok - remarketing,remarketing,Volkswagen,Amarok,2814,20,81140.35,1,0.71,4057.02,81140.35
2024-01-10,CAMP060,meta_ads,Meta Ads - Volkswagen Amarok - whatsapp,whatsapp,Volkswagen,Amarok,3415,115,33214.49,8,3.37,288.82,4151.81
2024-01-10,CAMP051,meta_ads,Meta Ads - Renault Logan - whatsapp,whatsapp,Renault,Logan,887,17,18011.46,1,1.92,1059.5,18011.46
2024-01-10,CAMP053,meta_ads,Meta Ads - Chevrolet Spin - lead_form,lead_form,Chevrolet,Spin,3135,50,56217.12,1,1.59,1124.34,56217.12
2024-01-10,CAMP047,meta_ads,Meta Ads - Renault Logan - lead_form,lead_form,Renault,Logan,2063,30,56765.16,2,1.45,1892.17,28382.58
2024-01-10,CAMP017,google_ads,Google Ads - Chevrolet Onix - remarketing,remarketing,Chevrolet,Onix,493,7,15434.96,0,1.42,2204.99,
2024-01-10,CAMP011,google_ads,Google Ads - Peugeot 3008 - trafico,trafico,Peugeot,3008,3474,147,41872.4,15,4.23,284.85,2791.49
2024-01-10,CAMP024,google_ads,Google Ads - Peugeot Partner - whatsapp,whatsapp,Peugeot,Partner,1686,58,55123.45,3,3.44,950.4,18374.48
2024-01-10,CAMP009,google_ads,Google Ads - Volkswagen Amarok - trafico,trafico,Volkswagen,Amarok,1928,65,37100.56,2,3.37,570.78,18550.28
2024-01-10,CAMP048,meta_ads,Meta Ads - Ford Kuga - whatsapp,whatsapp,Ford,Kuga,1000,25,18075.19,2,2.5,723.01,9037.6
2024-01-10,CAMP050,meta_ads,Meta Ads - Chevrolet Tracker - lead_form,lead_form,Chevrolet,Tracker,874,38,25988.86,4,4.35,683.92,6497.21
2024-01-10,CAMP018,google_ads,Google Ads - Toyota SW4 - trafico,trafico,Toyota,SW4,845,14,17376.26,1,1.66,1241.16,17376.26
2024-01-10,CAMP056,meta_ads,Meta Ads - Renault Logan - whatsapp,whatsapp,Renault,Logan,1636,10,37529.47,0,0.61,3752.95,
2024-01-11,CAMP048,meta_ads,Meta Ads - Ford Kuga - whatsapp,whatsapp,Ford,Kuga,4878,30,71317.61,1,0.62,2377.25,71317.61
2024-01-11,CAMP040,meta_ads,Meta Ads - Volkswagen Virtus - remarketing,remarketing,Volkswagen,Virtus,1738,67,30173.82,7,3.86,450.36,4310.55
2024-01-11,CAMP016,google_ads,Google Ads - Renault Kangoo - remarketing,remarketing,Renault,Kangoo,10719,339,86177.24,35,3.16,254.21,2462.21
2024-01-11,CAMP030,google_ads,Google Ads - Peugeot Partner - lead_form,lead_form,Peugeot,Partner,6359,169,68722.77,6,2.66,406.64,11453.8
2024-01-11,CAMP024,google_ads,Google Ads - Peugeot Partner - whatsapp,whatsapp,Peugeot,Partner,5238,235,50378.25,21,4.49,214.38,2398.96
2024-01-11,CAMP038,meta_ads,Meta Ads - Peugeot Expert - remarketing,remarketing,Peugeot,Expert,585,23,19256.08,1,3.93,837.22,19256.08
2024-01-11,CAMP032,meta_ads,Meta Ads - Fiat Pulse - lead_form,lead_form,Fiat,Pulse,3691,162,66666.06,3,4.39,411.52,22222.02
2024-01-11,CAMP050,meta_ads,Meta Ads - Chevrolet Tracker - lead_form,lead_form,Chevrolet,Tracker,1676,63,19455.01,1,3.76,308.81,19455.01
2024-01-11,CAMP053,meta_ads,Meta Ads - Chevrolet Spin - lead_form,lead_form,Chevrolet,Spin,2850,124,56290.02,4,4.35,453.95,14072.5
2024-01-11,CAMP013,google_ads,Google Ads - Renault Logan - lead_form,lead_form,Renault,Logan,1960,72,32357.29,6,3.67,449.41,5392.88
2024-01-11,CAMP047,meta_ads,Meta Ads - Renault Logan - lead_form,lead_form,Renault,Logan,4181,69,69357.52,1,1.65,1005.18,69357.52
2024-01-11,CAMP035,meta_ads,Meta Ads - Peugeot 3008 - whatsapp,whatsapp,Peugeot,3008,957,27,27811.58,0,2.82,1030.06,
2024-01-12,CAMP029,google_ads,Google Ads - Ford Bronco Sport - whatsapp,whatsapp,Ford,Bronco Sport,2413,25,36574.3,0,1.04,1462.97,
2024-01-12,CAMP030,google_ads,Google Ads - Peugeot Partner - lead_form,lead_form,Peugeot,Partner,2192,72,66468.76,1,3.28,923.18,66468.76
2024-01-12,CAMP021,google_ads,Google Ads - Toyota Hilux - trafico,trafico,Toyota,Hilux,4648,44,78329.28,1,0.95,1780.21,78329.28
2024-01-12,CAMP027,google_ads,Google Ads - Chevrolet Tracker - whatsapp,whatsapp,Chevrolet,Tracker,1844,59,40328.25,2,3.2,683.53,20164.13
2024-01-12,CAMP008,google_ads,Google Ads - Chevrolet Tracker - remarketing,remarketing,Chevrolet,Tracker,10247,223,90576.16,13,2.18,406.17,6967.4
2024-01-12,CAMP035,meta_ads,Meta Ads - Peugeot 3008 - whatsapp,whatsapp,Peugeot,3008,4840,116,71377.23,11,2.4,615.32,6488.84
2024-01-12,CAMP023,google_ads,Google Ads - Fiat Pulse - remarketing,remarketing,Fiat,Pulse,2792,107,23238.25,12,3.83,217.18,1936.52
2024-01-12,CAMP050,meta_ads,Meta Ads - Chevrolet Tracker - lead_form,lead_form,Chevrolet,Tracker,744,15,22519.85,1,2.02,1501.32,22519.85
2024-01-12,CAMP014,google_ads,Google Ads - Toyota Corolla Cross - lead_form,lead_form,Toyota,Corolla Cross,2663,42,63194.8,4,1.58,1504.64,15798.7
2024-01-12,CAMP060,meta_ads,Meta Ads - Volkswagen Amarok - whatsapp,whatsapp,Volkswagen,Amarok,1427,58,13900.44,3,4.06,239.66,4633.48
2024-01-13,CAMP006,google_ads,Google Ads - Toyota Corolla - whatsapp,whatsapp,Toyota,Corolla,1068,40,25103.16,2,3.75,627.58,12551.58
2024-01-13,CAMP058,meta_ads,Meta Ads - Toyota Corolla Cross - lead_form,lead_form,Toyota,Corolla Cross,540,6,14299.62,0,1.11,2383.27,
2024-01-13,CAMP055,meta_ads,Meta Ads - Toyota Corolla - trafico,trafico,Toyota,Corolla,1709,69,26597.79,1,4.04,385.48,26597.79
2024-01-13,CAMP054,meta_ads,Meta Ads - Chevrolet S10 - remarketing,remarketing,Chevrolet,S10,4119,72,60295.77,4,1.75,837.44,15073.94
2024-01-13,CAMP052,meta_ads,Meta Ads - Volkswagen Taos - whatsapp,whatsapp,Volkswagen,Taos,5696,96,54953.72,2,1.69,572.43,27476.86
2024-01-13,CAMP022,google_ads,Google Ads - Toyota Hilux - lead_form,lead_form,Toyota,Hilux,864,22,27557.71,1,2.55,1252.62,27557.71
2024-01-13,CAMP008,google_ads,Google Ads - Chevrolet Tracker - remarketing,remarketing,Chevrolet,Tracker,2531,112,74569.11,10,4.43,665.8,7456.91
2024-01-13,CAMP003,google_ads,Google Ads - Volkswagen Virtus - lead_form,lead_form,Volkswagen,Virtus,1762,43,40010.74,4,2.44,930.48,10002.69
2024-01-13,CAMP030,google_ads,Google Ads - Peugeot Partner - lead_form,lead_form,Peugeot,Partner,2768,36,51186.67,1,1.3,1421.85,51186.67
2024-01-13,CAMP004,google_ads,Google Ads - Peugeot Expert - lead_form,lead_form,Peugeot,Expert,903,32,29083.57,0,3.54,908.86,
2024-01-14,CAMP034,meta_ads,Meta Ads - Volkswagen Amarok - remarketing,remarketing,Volkswagen,Amarok,1647,34,56903.98,3,2.06,1673.65,18967.99
2024-01-14,CAMP023,google_ads,Google Ads - Fiat Pulse - remarketing,remarketing,Fiat,Pulse,7040,107,89340.27,5,1.52,834.96,17868.05
2024-01-14,CAMP050,meta_ads,Meta Ads - Chevrolet Tracker - lead_form,lead_form,Chevrolet,Tracker,3933,114,69572.2,10,2.9,610.28,6957.22
2024-01-14,CAMP038,meta_ads,Meta Ads - Peugeot Expert - remarketing,remarketing,Peugeot,Expert,1690,19,39431.21,2,1.12,2075.33,19715.6
2024-01-14,CAMP015,google_ads,Google Ads - Ford Maverick - trafico,trafico,Ford,Maverick,2585,113,77262.35,8,4.37,683.74,9657.79
2024-01-14,CAMP011,google_ads,Google Ads - Peugeot 3008 - trafico,trafico,Peugeot,3008,2846,23,25693.43,1,0.81,1117.11,25693.43
2024-01-14,CAMP007,google_ads,Google Ads - Volkswagen Nivus - lead_form,lead_form,Volkswagen,Nivus,648,12,13554.38,0,1.85,1129.53,
2024-01-14,CAMP016,google_ads,Google Ads - Renault Kangoo - remarketing,remarketing,Renault,Kangoo,4354,56,74902.74,5,1.29,1337.55,14980.55
2024-01-14,CAMP043,meta_ads,Meta Ads - Chevrolet Onix - remarketing,remarketing,Chevrolet,Onix,8297,97,79720.93,8,1.17,821.87,9965.12
2024-01-14,CAMP053,meta_ads,Meta Ads - Chevrolet Spin - lead_form,lead_form,Chevrolet,Spin,2096,55,23048.91,2,2.62,419.07,11524.45
2024-01-14,CAMP018,google_ads,Google Ads - Toyota SW4 - trafico,trafico,Toyota,SW4,653,20,17657.47,1,3.06,882.87,17657.47
2024-01-14,CAMP035,meta_ads,Meta Ads - Peugeot 3008 - whatsapp,whatsapp,Peugeot,3008,2289,100,38251.76,9,4.37,382.52,4250.2
2024-01-14,CAMP048,meta_ads,Meta Ads - Ford Kuga - whatsapp,whatsapp,Ford,Kuga,1824,45,46075.73,2,2.47,1023.91,23037.87
2024-01-14,CAMP004,google_ads,Google Ads - Peugeot Expert - lead_form,lead_form,Peugeot,Expert,2898,117,67160.27,9,4.04,574.02,7462.25
2024-01-14,CAMP056,meta_ads,Meta Ads - Renault Logan - whatsapp,whatsapp,Renault,Logan,1533,57,39832.39,3,3.72,698.81,13277.46
2024-01-15,CAMP009,google_ads,Google Ads - Volkswagen Amarok - trafico,trafico,Volkswagen,Amarok,1255,37,37446.87,3,2.95,1012.08,12482.29
2024-01-15,CAMP012,google_ads,Google Ads - Ford Territory - whatsapp,whatsapp,Ford,Territory,956,18,20462.65,0,1.88,1136.81,
2024-01-15,CAMP047,meta_ads,Meta Ads - Renault Logan - lead_form,lead_form,Renault,Logan,2388,73,39715.06,8,3.06,544.04,4964.38
2024-01-15,CAMP001,google_ads,Google Ads - Peugeot 208 - lead_form,lead_form,Peugeot,208,2965,102,77383.14,5,3.44,758.66,15476.63
2024-01-15,CAMP045,meta_ads,Meta Ads - Chevrolet S10 - lead_form,lead_form,Chevrolet,S10,959,31,13107.97,1,3.23,422.84,13107.97
2024-01-15,CAMP037,meta_ads,Meta Ads - Peugeot Expert - trafico,trafico,Peugeot,Expert,2718,21,74635.15,1,0.77,3554.05,74635.15
2024-01-15,CAMP026,google_ads,Google Ads - Peugeot Partner - lead_form,lead_form,Peugeot,Partner,3642,80,45493.41,8,2.2,568.67,5686.68
2024-01-15,CAMP050,meta_ads,Meta Ads - Chevrolet Tracker - lead_form,lead_form,Chevrolet,Tracker,2209,84,40065.76,8,3.8,476.97,5008.22
2024-01-15,CAMP055,meta_ads,Meta Ads - Toyota Corolla - trafico,trafico,Toyota,Corolla,2039,30,58058.83,1,1.47,1935.29,58058.83
2024-01-15,CAMP003,google_ads,Google Ads - Volkswagen Virtus - lead_form,lead_form,Volkswagen,Virtus,8492,57,75600.91,2,0.67,1326.33,37800.45
2024-01-15,CAMP059,meta_ads,Meta Ads - Renault Alaskan - whatsapp,whatsapp,Renault,Alaskan,1190,48,20511.42,1,4.03,427.32,20511.42
2024-01-15,CAMP039,meta_ads,Meta Ads - Chevrolet Cruze - trafico,trafico,Chevrolet,Cruze,543,23,18153.64,1,4.24,789.29,18153.64
2024-01-16,CAMP046,meta_ads,Meta Ads - Peugeot 208 - trafico,trafico,Peugeot,208,1677,45,55342.26,3,2.68,1229.83,18447.42
2024-01-16,CAMP002,google_ads,Google Ads - Peugeot Partner - whatsapp,whatsapp,Peugeot,Partner,3331,71,35274.68,5,2.13,496.83,7054.94
2024-01-16,CAMP028,google_ads,Google Ads - Volkswagen Amarok - remarketing,remarketing,Volkswagen,Amarok,5321,32,50404.61,0,0.6,1575.14,
2024-01-16,CAMP042,meta_ads,Meta Ads - Volkswagen Virtus - remarketing,remarketing,Volkswagen,Virtus,3072,75,76431.77,1,2.44,1019.09,76431.77
2024-01-16,CAMP011,google_ads,Google Ads - Peugeot 3008 - trafico,trafico,Peugeot,3008,1117,49,28204.25,3,4.39,575.6,9401.42
2024-01-16,CAMP039,meta_ads,Meta Ads - Chevrolet Cruze - trafico,trafico,Chevrolet,Cruze,721,17,21055.92,1,2.36,1238.58,21055.92
2024-01-16,CAMP058,meta_ads,Meta Ads - Toyota Corolla Cross - lead_form,lead_form,Toyota,Corolla Cross,1292,27,32742.22,1,2.09,1212.67,32742.22
2024-01-16,CAMP056,meta_ads,Meta Ads - Renault Logan - whatsapp,whatsapp,Renault,Logan,3209,24,41844.58,1,0.75,1743.52,41844.58
2024-01-16,CAMP004,google_ads,Google Ads - Peugeot Expert - lead_form,lead_form,Peugeot,Expert,1065,29,32616.86,0,2.72,1124.72,
2024-01-16,CAMP007,google_ads,Google Ads - Volkswagen Nivus - lead_form,lead_form,Volkswagen,Nivus,6264,200,66470.65,19,3.19,332.35,3498.46
2024-01-16,CAMP022,google_ads,Google Ads - Toyota Hilux - lead_form,lead_form,Toyota,Hilux,1561,23,44388.4,0,1.47,1929.93,
2024-01-16,CAMP014,google_ads,Google Ads - Toyota Corolla Cross - lead_form,lead_form,Toyota,Corolla Cross,1912,83,42287.1,7,4.34,509.48,6041.01
2024-01-16,CAMP013,google_ads,Google Ads - Renault Logan - lead_form,lead_form,Renault,Logan,3632,55,85223.27,2,1.51,1549.51,42611.64
2024-01-16,CAMP027,google_ads,Google Ads - Chevrolet Tracker - whatsapp,whatsapp,Chevrolet,Tracker,1381,10,42888.89,0,0.72,4288.89,
2024-01-16,CAMP045,meta_ads,Meta Ads - Chevrolet S10 - lead_form,lead_form,Chevrolet,S10,2237,99,52426.84,3,4.43,529.56,17475.61
2024-01-17,CAMP012,google_ads,Google Ads - Ford Territory - whatsapp,whatsapp,Ford,Territory,997,41,32526.21,0,4.11,793.32,
2024-01-17,CAMP011,google_ads,Google Ads - Peugeot 3008 - trafico,trafico,Peugeot,3008,2285,42,42812.81,1,1.84,1019.35,42812.81
2024-01-17,CAMP014,google_ads,Google Ads - Toyota Corolla Cross - lead_form,lead_form,Toyota,Corolla Cross,1530,56,48347.28,4,3.66,863.34,12086.82
2024-01-17,CAMP052,meta_ads,Meta Ads - Volkswagen Taos - whatsapp,whatsapp,Volkswagen,Taos,2764,61,53435.16,1,2.21,875.99,53435.16
2024-01-17,CAMP013,google_ads,Google Ads - Renault Logan - lead_form,lead_form,Renault,Logan,2057,87,58599.46,9,4.23,673.56,6511.05
2024-01-17,CAMP009,google_ads,Google Ads - Volkswagen Amarok - trafico,trafico,Volkswagen,Amarok,5276,90,56604.72,6,1.71,628.94,9434.12
2024-01-17,CAMP003,google_ads,Google Ads - Volkswagen Virtus - lead_form,lead_form,Volkswagen,Virtus,2059,43,39318.71,2,2.09,914.39,19659.36
2024-01-17,CAMP028,google_ads,Google Ads - Volkswagen Amarok - remarketing,remarketing,Volkswagen,Amarok,6687,111,60260.64,3,1.66,542.89,20086.88
2024-01-17,CAMP006,google_ads,Google Ads - Toyota Corolla - whatsapp,whatsapp,Toyota,Corolla,2253,16,60236.39,1,0.71,3764.77,60236.39
2024-01-17,CAMP044,meta_ads,Meta Ads - Fiat Fastback - remarketing,remarketing,Fiat,Fastback,2659,93,38341.1,10,3.5,412.27,3834.11
2024-01-17,CAMP053,meta_ads,Meta Ads - Chevrolet Spin - lead_form,lead_form,Chevrolet,Spin,9713,367,83017.64,17,3.78,226.21,4883.39
2024-01-17,CAMP056,meta_ads,Meta Ads - Renault Logan - whatsapp,whatsapp,Renault,Logan,1612,53,34300.54,1,3.29,647.18,34300.54
2024-01-17,CAMP041,meta_ads,Meta Ads - Toyota Corolla - lead_form,lead_form,Toyota,Corolla,6948,305,80795.31,18,4.39,264.9,4488.63
2024-01-17,CAMP010,google_ads,Google Ads - Renault Kangoo - whatsapp,whatsapp,Renault,Kangoo,5066,112,77392.32,9,2.21,691.0,8599.15
2024-01-17,CAMP039,meta_ads,Meta Ads - Chevrolet Cruze - trafico,trafico,Chevrolet,Cruze,1969,75,27000.22,6,3.81,360.0,4500.04
2024-01-18,CAMP056,meta_ads,Meta Ads - Renault Logan - whatsapp,whatsapp,Renault,Logan,807,11,25551.51,0,1.36,2322.86,
2024-01-18,CAMP024,google_ads,Google Ads - Peugeot Partner - whatsapp,whatsapp,Peugeot,Partner,1556,31,14579.54,1,1.99,470.31,14579.54
2024-01-18,CAMP053,meta_ads,Meta Ads - Chevrolet Spin - lead_form,lead_form,Chevrolet,Spin,1983,42,40731.45,4,2.12,969.8,10182.86
2024-01-18,CAMP004,google_ads,Google Ads - Peugeot Expert - lead_form,lead_form,Peugeot,Expert,4481,112,65131.6,6,2.5,581.53,10855.27
2024-01-18,CAMP033,meta_ads,Meta Ads - Volkswagen Nivus - trafico,trafico,Volkswagen,Nivus,4176,114,86920.59,5,2.73,762.46,17384.12
2024-01-18,CAMP051,meta_ads,Meta Ads - Renault Logan - whatsapp,whatsapp,Renault,Logan,5161,198,77336.99,4,3.84,390.59,19334.25
2024-01-18,CAMP011,google_ads,Google Ads - Peugeot 3008 - trafico,trafico,Peugeot,3008,1513,59,14141.14,5,3.9,239.68,2828.23
2024-01-18,CAMP005,google_ads,Google Ads - Chevrolet Cruze - lead_form,lead_form,Chevrolet,Cruze,2054,30,28716.85,1,1.46,957.23,28716.85
2024-01-18,CAMP020,google_ads,Google Ads - Chevrolet Tracker - lead_form,lead_form,Chevrolet,Tracker,2874,114,62823.81,13,3.97,551.09,4832.6
2024-01-18,CAMP046,meta_ads,Meta Ads - Peugeot 208 - trafico,trafico,Peugeot,208,3135,34,65211.58,1,1.08,1917.99,65211.58
2024-01-18,CAMP060,meta_ads,Meta Ads - Volkswagen Amarok - whatsapp,whatsapp,Volkswagen,Amarok,5303,157,74467.46,17,2.96,474.32,4380.44
2024-01-18,CAMP026,google_ads,Google Ads - Peugeot Partner - lead_form,lead_form,Peugeot,Partner,2489,41,67593.76,4,1.65,1648.63,16898.44
2024-01-18,CAMP009,google_ads,Google Ads - Volkswagen Amarok - trafico,trafico,Volkswagen,Amarok,3845,55,78423.72,2,1.43,1425.89,39211.86
2024-01-18,CAMP034,meta_ads,Meta Ads - Volkswagen Amarok - remarketing,remarketing,Volkswagen,Amarok,2118,60,52609.76,0,2.83,876.83,
2024-01-18,CAMP037,meta_ads,Meta Ads - Peugeot Expert - trafico,trafico,Peugeot,Expert,2638,102,89955.49,7,3.87,881.92,12850.78
2024-01-18,CAMP002,google_ads,Google Ads - Peugeot Partner - whatsapp,whatsapp,Peugeot,Partner,3730,121,58314.26,7,3.24,481.94,8330.61
2024-01-19,CAMP018,google_ads,Google Ads - Toyota SW4 - trafico,trafico,Toyota,SW4,2222,83,71764.37,8,3.74,864.63,8970.55
2024-01-19,CAMP041,meta_ads,Meta Ads - Toyota Corolla - lead_form,lead_form,Toyota,Corolla,2277,74,58849.64,6,3.25,795.27,9808.27
2024-01-19,CAMP021,google_ads,Google Ads - Toyota Hilux - trafico,trafico,Toyota,Hilux,1808,29,63171.74,1,1.6,2178.34,63171.74
2024-01-19,CAMP056,meta_ads,Meta Ads - Renault Logan - whatsapp,whatsapp,Renault,Logan,4726,158,42319.27,11,3.34,267.84,3847.21
2024-01-19,CAMP060,meta_ads,Meta Ads - Volkswagen Amarok - whatsapp,whatsapp,Volkswagen,Amarok,971,14,26834.83,0,1.44,1916.77,
2024-01-19,CAMP017,google_ads,Google Ads - Chevrolet Onix - remarketing,remarketing,Chevrolet,Onix,2256,72,73280.55,4,3.19,1017.79,18320.14
2024-01-19,CAMP042,meta_ads,Meta Ads - Volkswagen Virtus - remarketing,remarketing,Volkswagen,Virtus,2541,102,78005.06,3,4.01,764.76,26001.69
2024-01-19,CAMP046,meta_ads,Meta Ads - Peugeot 208 - trafico,trafico,Peugeot,208,1713,27,19628.73,2,1.58,726.99,9814.36
2024-01-19,CAMP054,meta_ads,Meta Ads - Chevrolet S10 - remarketing,remarketing,Chevrolet,S10,5529,179,71564.83,8,3.24,399.8,8945.6
2024-01-19,CAMP020,google_ads,Google Ads - Chevrolet Tracker - lead_form,lead_form,Chevrolet,Tracker,1078,37,18980.56,1,3.43,512.99,18980.56
2024-01-19,CAMP013,google_ads,Google Ads - Renault Logan - lead_form,lead_form,Renault,Logan,4339,70,73529.83,3,1.61,1050.43,24509.94
2024-01-19,CAMP010,google_ads,Google Ads - Renault Kangoo - whatsapp,whatsapp,Renault,Kangoo,3789,150,78457.4,11,3.96,523.05,7132.49
2024-01-19,CAMP034,meta_ads,Meta Ads - Volkswagen Amarok - remarketing,remarketing,Volkswagen,Amarok,8639,351,85724.0,23,4.06,244.23,3727.13
2024-01-20,CAMP034,meta_ads,Meta Ads - Volkswagen Amarok - remarketing,remarketing,Volkswagen,Amarok,1356,49,37059.36,3,3.61,756.31,12353.12
2024-01-20,CAMP020,google_ads,Google Ads - Chevrolet Tracker - lead_form,lead_form,Chevrolet,Tracker,4842,148,61857.25,2,3.06,417.95,30928.63
2024-01-20,CAMP027,google_ads,Google Ads - Chevrolet Tracker - whatsapp,whatsapp,Chevrolet,Tracker,1179,14,33681.86,1,1.19,2405.85,33681.86
2024-01-20,CAMP004,google_ads,Google Ads - Peugeot Expert - lead_form,lead_form,Peugeot,Expert,1772,16,50708.96,1,0.9,3169.31,50708.96
2024-01-20,CAMP056,meta_ads,Meta Ads - Renault Logan - whatsapp,whatsapp,Renault,Logan,3284,143,62050.71,7,4.35,433.92,8864.39
2024-01-20,CAMP055,meta_ads,Meta Ads - Toyota Corolla - trafico,trafico,Toyota,Corolla,1128,23,15097.98,0,2.04,656.43,
2024-01-20,CAMP010,google_ads,Google Ads - Renault Kangoo - whatsapp,whatsapp,Renault,Kangoo,1230,16,37518.8,1,1.3,2344.93,37518.8
2024-01-20,CAMP009,google_ads,Google Ads - Volkswagen Amarok - trafico,trafico,Volkswagen,Amarok,4179,138,61514.75,7,3.3,445.76,8787.82
2024-01-20,CAMP013,google_ads,Google Ads - Renault Logan - lead_form,lead_form,Renault,Logan,1214,35,22285.99,1,2.88,636.74,22285.99
2024-01-20,CAMP022,google_ads,Google Ads - Toyota Hilux - lead_form,lead_form,Toyota,Hilux,4800,83,77052.92,7,1.73,928.35,11007.56
2024-01-20,CAMP058,meta_ads,Meta Ads - Toyota Corolla Cross - lead_form,lead_form,Toyota,Corolla Cross,3453,140,59125.43,16,4.05,422.32,3695.34
2024-01-20,CAMP037,meta_ads,Meta Ads - Peugeot Expert - trafico,trafico,Peugeot,Expert,1210,24,39135.99,0,1.98,1630.67,
2024-01-20,CAMP030,google_ads,Google Ads - Peugeot Partner - lead_form,lead_form,Peugeot,Partner,2648,57,86844.47,2,2.15,1523.59,43422.23
2024-01-20,CAMP054,meta_ads,Meta Ads - Chevrolet S10 - remarketing,remarketing,Chevrolet,S10,6015,208,69433.85,15,3.46,333.82,4628.92
2024-01-21,CAMP008,google_ads,Google Ads - Chevrolet Tracker - remarketing,remarketing,Chevrolet,Tracker,5872,263,54686.72,22,4.48,207.93,2485.76
2024-01-21,CAMP024,google_ads,Google Ads - Peugeot Partner - whatsapp,whatsapp,Peugeot,Partner,7514,247,64124.48,14,3.29,259.61,4580.32
2024-01-21,CAMP046,meta_ads,Meta Ads - Peugeot 208 - trafico,trafico,Peugeot,208,1862,45,42418.0,1,2.42,942.62,42418.0
2024-01-21,CAMP042,meta_ads,Meta Ads - Volkswagen Virtus - remarketing,remarketing,Volkswagen,Virtus,2695,47,67430.27,3,1.74,1434.69,22476.76
2024-01-21,CAMP051,meta_ads,Meta Ads - Renault Logan - whatsapp,whatsapp,Renault,Logan,4240,125,64832.53,3,2.95,518.66,21610.84
2024-01-21,CAMP003,google_ads,Google Ads - Volkswagen Virtus - lead_form,lead_form,Volkswagen,Virtus,7217,245,78188.51,6,3.39,319.14,13031.42
2024-01-21,CAMP025,google_ads,Google Ads - Ford Maverick - whatsapp,whatsapp,Ford,Maverick,1957,26,21273.23,0,1.33,818.2,
2024-01-21,CAMP041,meta_ads,Meta Ads - Toyota Corolla - lead_form,lead_form,Toyota,Corolla,1496,20,33105.27,1,1.34,1655.26,33105.27
2024-01-21,CAMP017,google_ads,Google Ads - Chevrolet Onix - remarketing,remarketing,Chevrolet,Onix,3935,99,35675.07,3,2.52,360.35,11891.69
2024-01-21,CAMP050,meta_ads,Meta Ads - Chevrolet Tracker - lead_form,lead_form,Chevrolet,Tracker,5100,31,86326.76,2,0.61,2784.73,43163.38
2024-01-22,CAMP054,meta_ads,Meta Ads - Chevrolet S10 - remarketing,remarketing,Chevrolet,S10,6375,101,68437.96,3,1.58,677.6,22812.65
2024-01-22,CAMP037,meta_ads,Meta Ads - Peugeot Expert - trafico,trafico,Peugeot,Expert,5572,134,89115.94,3,2.4,665.04,29705.31
2024-01-22,CAMP043,meta_ads,Meta Ads - Chevrolet Onix - remarketing,remarketing,Chevrolet,Onix,2826,48,25626.74,4,1.7,533.89,6406.69
2024-01-22,CAMP032,meta_ads,Meta Ads - Fiat Pulse - lead_form,lead_form,Fiat,Pulse,1302,12,36391.15,1,0.92,3032.6,36391.15
2024-01-22,CAMP010,google_ads,Google Ads - Renault Kangoo - whatsapp,whatsapp,Renault,Kangoo,502,15,15579.35,0,2.99,1038.62,
2024-01-22,CAMP006,google_ads,Google Ads - Toyota Corolla - whatsapp,whatsapp,Toyota,Corolla,2012,60,39887.14,6,2.98,664.79,6647.86
2024-01-22,CAMP050,meta_ads,Meta Ads - Chevrolet Tracker - lead_form,lead_form,Chevrolet,Tracker,641,8,19250.2,0,1.25,2406.28,
2024-01-22,CAMP033,meta_ads,Meta Ads - Volkswagen Nivus - trafico,trafico,Volkswagen,Nivus,5675,119,87060.17,12,2.1,731.6,7255.01
2024-01-22,CAMP005,google_ads,Google Ads - Chevrolet Cruze - lead_form,lead_form,Chevrolet,Cruze,2915,108,74392.13,2,3.7,688.82,37196.06
2024-01-23,CAMP055,meta_ads,Meta Ads - Toyota Corolla - trafico,trafico,Toyota,Corolla,5106,106,65849.44,5,2.08,621.22,13169.89
2024-01-23,CAMP011,google_ads,Google Ads - Peugeot 3008 - trafico,trafico,Peugeot,3008,545,21,14452.83,2,3.85,688.23,7226.42
2024-01-23,CAMP007,google_ads,Google Ads - Volkswagen Nivus - lead_form,lead_form,Volkswagen,Nivus,685,7,22510.67,0,1.02,3215.81,
2024-01-23,CAMP027,google_ads,Google Ads - Chevrolet Tracker - whatsapp,whatsapp,Chevrolet,Tracker,1049,19,15810.28,1,1.81,832.12,15810.28
2024-01-23,CAMP038,meta_ads,Meta Ads - Peugeot Expert - remarketing,remarketing,Peugeot,Expert,2291,65,65812.71,4,2.84,1012.5,16453.18
2024-01-23,CAMP031,meta_ads,Meta Ads - Volkswagen Polo - trafico,trafico,Volkswagen,Polo,3432,65,89547.03,4,1.89,1377.65,22386.76
2024-01-23,CAMP052,meta_ads,Meta Ads - Volkswagen Taos - whatsapp,whatsapp,Volkswagen,Taos,6394,203,67604.95,8,3.17,333.03,8450.62
2024-01-23,CAMP037,meta_ads,Meta Ads - Peugeot Expert - trafico,trafico,Peugeot,Expert,1505,31,39529.61,3,2.06,1275.15,13176.54
2024-01-24,CAMP058,meta_ads,Meta Ads - Toyota Corolla Cross - lead_form,lead_form,Toyota,Corolla Cross,9367,137,87671.31,11,1.46,639.94,7970.12
2024-01-24,CAMP040,meta_ads,Meta Ads - Volkswagen Virtus - remarketing,remarketing,Volkswagen,Virtus,3029,72,43455.61,7,2.38,603.55,6207.94
2024-01-24,CAMP004,google_ads,Google Ads - Peugeot Expert - lead_form,lead_form,Peugeot,Expert,1508,35,46951.69,0,2.32,1341.48,
2024-01-24,CAMP001,google_ads,Google Ads - Peugeot 208 - lead_form,lead_form,Peugeot,208,1981,19,50795.12,1,0.96,2673.43,50795.12
2024-01-24,CAMP042,meta_ads,Meta Ads - Volkswagen Virtus - remarketing,remarketing,Volkswagen,Virtus,6928,66,55456.22,5,0.95,840.25,11091.24
2024-01-24,CAMP011,google_ads,Google Ads - Peugeot 3008 - trafico,trafico,Peugeot,3008,3715,95,60287.16,3,2.56,634.6,20095.72
2024-01-24,CAMP033,meta_ads,Meta Ads - Volkswagen Nivus - trafico,trafico,Volkswagen,Nivus,1912,38,64375.0,0,1.99,1694.08,
2024-01-24,CAMP031,meta_ads,Meta Ads - Volkswagen Polo - trafico,trafico,Volkswagen,Polo,1449,40,29387.61,3,2.76,734.69,9795.87
2024-01-24,CAMP032,meta_ads,Meta Ads - Fiat Pulse - lead_form,lead_form,Fiat,Pulse,1899,64,48904.43,1,3.37,764.13,48904.43
2024-01-24,CAMP055,meta_ads,Meta Ads - Toyota Corolla - trafico,trafico,Toyota,Corolla,5092,98,71226.96,10,1.92,726.81,7122.7
2024-01-24,CAMP005,google_ads,Google Ads - Chevrolet Cruze - lead_form,lead_form,Chevrolet,Cruze,5491,144,87225.83,12,2.62,605.73,7268.82
2024-01-24,CAMP049,meta_ads,Meta Ads - Fiat Cronos - trafico,trafico,Fiat,Cronos,1252,14,15570.69,1,1.12,1112.19,15570.69
2024-01-24,CAMP052,meta_ads,Meta Ads - Volkswagen Taos - whatsapp,whatsapp,Volkswagen,Taos,6271,187,68281.61,6,2.98,365.14,11380.27
2024-01-24,CAMP021,google_ads,Google Ads - Toyota Hilux - trafico,trafico,Toyota,Hilux,4544,108,84556.87,10,2.38,782.93,8455.69
2024-01-24,CAMP016,google_ads,Google Ads - Renault Kangoo - remarketing,remarketing,Renault,Kangoo,6224,137,67909.46,15,2.2,495.69,4527.3
2024-01-24,CAMP022,google_ads,Google Ads - Toyota Hilux - lead_form,lead_form,Toyota,Hilux,3235,116,77322.37,7,3.59,666.57,11046.05
2024-01-25,CAMP009,google_ads,Google Ads - Volkswagen Amarok - trafico,trafico,Volkswagen,Amarok,780,23,20089.26,1,2.95,873.45,20089.26
2024-01-25,CAMP032,meta_ads,Meta Ads - Fiat Pulse - lead_form,lead_form,Fiat,Pulse,4185,124,80796.91,10,2.96,651.59,8079.69
2024-01-25,CAMP001,google_ads,Google Ads - Peugeot 208 - lead_form,lead_form,Peugeot,208,1674,32,31381.44,1,1.91,980.67,31381.44
2024-01-25,CAMP034,meta_ads,Meta Ads - Volkswagen Amarok - remarketing,remarketing,Volkswagen,Amarok,6377,188,74819.02,20,2.95,397.97,3740.95
2024-01-25,CAMP048,meta_ads,Meta Ads - Ford Kuga - whatsapp,whatsapp,Ford,Kuga,1690,46,51990.16,2,2.72,1130.22,25995.08
2024-01-25,CAMP004,google_ads,Google Ads - Peugeot Expert - lead_form,lead_form,Peugeot,Expert,3029,43,69513.54,1,1.42,1616.59,69513.54
2024-01-25,CAMP036,meta_ads,Meta Ads - Ford Territory - whatsapp,whatsapp,Ford,Territory,2553,107,67762.63,3,4.19,633.3,22587.54
2024-01-25,CAMP028,google_ads,Google Ads - Volkswagen Amarok - remarketing,remarketing,Volkswagen,Amarok,1964,25,67451.37,1,1.27,2698.05,67451.37
2024-01-25,CAMP038,meta_ads,Meta Ads - Peugeot Expert - remarketing,remarketing,Peugeot,Expert,2270,80,61713.45,5,3.52,771.42,12342.69
2024-01-25,CAMP031,meta_ads,Meta Ads - Volkswagen Polo - trafico,trafico,Volkswagen,Polo,1718,57,57493.36,4,3.32,1008.66,14373.34
2024-01-25,CAMP033,meta_ads,Meta Ads - Volkswagen Nivus - trafico,trafico,Volkswagen,Nivus,3647,146,81770.58,8,4.0,560.07,10221.32
2024-01-25,CAMP012,google_ads,Google Ads - Ford Territory - whatsapp,whatsapp,Ford,Territory,1195,24,13003.9,0,2.01,541.83,
2024-01-25,CAMP045,meta_ads,Meta Ads - Chevrolet S10 - lead_form,lead_form,Chevrolet,S10,1079,39,16425.02,4,3.61,421.15,4106.26
2024-01-25,CAMP052,meta_ads,Meta Ads - Volkswagen Taos - whatsapp,whatsapp,Volkswagen,Taos,5466,46,65343.63,4,0.84,1420.51,16335.91
2024-01-25,CAMP049,meta_ads,Meta Ads - Fiat Cronos - trafico,trafico,Fiat,Cronos,1235,24,27928.82,1,1.94,1163.7,27928.82
2024-01-25,CAMP060,meta_ads,Meta Ads - Volkswagen Amarok - whatsapp,whatsapp,Volkswagen,Amarok,2290,63,60092.52,2,2.75,953.85,30046.26
2024-01-26,CAMP025,google_ads,Google Ads - Ford Maverick - whatsapp,whatsapp,Ford,Maverick,9239,323,87334.99,11,3.5,270.39,7939.54
2024-01-26,CAMP016,google_ads,Google Ads - Renault Kangoo - remarketing,remarketing,Renault,Kangoo,2554,59,79770.3,2,2.31,1352.04,39885.15
2024-01-26,CAMP033,meta_ads,Meta Ads - Volkswagen Nivus - trafico,trafico,Volkswagen,Nivus,2262,46,61435.5,3,2.03,1335.55,20478.5
2024-01-26,CAMP051,meta_ads,Meta Ads - Renault Logan - whatsapp,whatsapp,Renault,Logan,5231,179,69599.1,6,3.42,388.82,11599.85
2024-01-26,CAMP057,meta_ads,Meta Ads - Toyota Hilux - lead_form,lead_form,Toyota,Hilux,1360,12,47007.56,1,0.88,3917.3,47007.56
2024-01-26,CAMP052,meta_ads,Meta Ads - Volkswagen Taos - whatsapp,whatsapp,Volkswagen,Taos,6178,46,69336.2,2,0.74,1507.31,34668.1
2024-01-26,CAMP045,meta_ads,Meta Ads - Chevrolet S10 - lead_form,lead_form,Chevrolet,S10,2641,102,32610.69,1,3.86,319.71,32610.69
2024-01-26,CAMP019,google_ads,Google Ads - Renault Alaskan - trafico,trafico,Renault,Alaskan,1452,10,48373.84,1,0.69,4837.38,48373.84
2024-01-26,CAMP054,meta_ads,Meta Ads - Chevrolet S10 - remarketing,remarketing,Chevrolet,S10,2026,61,58556.67,6,3.01,959.95,9759.44
2024-01-26,CAMP043,meta_ads,Meta Ads - Chevrolet Onix - remarketing,remarketing,Chevrolet,Onix,1210,33,35490.08,0,2.73,1075.46,
2024-01-26,CAMP004,google_ads,Google Ads - Peugeot Expert - lead_form,lead_form,Peugeot,Expert,3028,131,67199.16,9,4.33,512.97,7466.57
2024-01-26,CAMP060,meta_ads,Meta Ads - Volkswagen Amarok - whatsapp,whatsapp,Volkswagen,Amarok,5960,161,73328.14,9,2.7,455.45,8147.57
2024-01-26,CAMP049,meta_ads,Meta Ads - Fiat Cronos - trafico,trafico,Fiat,Cronos,1232,39,39253.43,1,3.17,1006.5,39253.43
2024-01-26,CAMP027,google_ads,Google Ads - Chevrolet Tracker - whatsapp,whatsapp,Chevrolet,Tracker,1036,31,34898.8,2,2.99,1125.77,17449.4
2024-01-26,CAMP044,meta_ads,Meta Ads - Fiat Fastback - remarketing,remarketing,Fiat,Fastback,1970,61,55784.11,1,3.1,914.49,55784.11
2024-01-26,CAMP021,google_ads,Google Ads - Toyota Hilux - trafico,trafico,Toyota,Hilux,2690,83,38988.57,9,3.09,469.74,4332.06
2024-01-27,CAMP003,google_ads,Google Ads - Volkswagen Virtus - lead_form,lead_form,Volkswagen,Virtus,1046,39,34108.35,2,3.73,874.57,17054.17
2024-01-27,CAMP044,meta_ads,Meta Ads - Fiat Fastback - remarketing,remarketing,Fiat,Fastback,3730,28,74724.17,3,0.75,2668.72,24908.06
2024-01-27,CAMP057,meta_ads,Meta Ads - Toyota Hilux - lead_form,lead_form,Toyota,Hilux,1236,53,27053.79,1,4.29,510.45,27053.79
2024-01-27,CAMP021,google_ads,Google Ads - Toyota Hilux - trafico,trafico,Toyota,Hilux,3849,24,86710.77,0,0.62,3612.95,
2024-01-27,CAMP025,google_ads,Google Ads - Ford Maverick - whatsapp,whatsapp,Ford,Maverick,2228,88,64376.14,5,3.95,731.55,12875.23
2024-01-27,CAMP051,meta_ads,Meta Ads - Renault Logan - whatsapp,whatsapp,Renault,Logan,894,29,20134.44,3,3.24,694.29,6711.48
2024-01-27,CAMP008,google_ads,Google Ads - Chevrolet Tracker - remarketing,remarketing,Chevrolet,Tracker,2850,121,72567.58,11,4.25,599.73,6597.05
2024-01-27,CAMP056,meta_ads,Meta Ads - Renault Logan - whatsapp,whatsapp,Renault,Logan,1177,22,24026.45,0,1.87,1092.11,
2024-01-27,CAMP017,google_ads,Google Ads - Chevrolet Onix - remarketing,remarketing,Chevrolet,Onix,552,15,16255.64,1,2.72,1083.71,16255.64
2024-01-27,CAMP035,meta_ads,Meta Ads - Peugeot 3008 - whatsapp,whatsapp,Peugeot,3008,1988,42,29798.02,3,2.11,709.48,9932.67
2024-01-27,CAMP047,meta_ads,Meta Ads - Renault Logan - lead_form,lead_form,Renault,Logan,5420,174,45840.04,12,3.21,263.45,3820.0
2024-01-28,CAMP049,meta_ads,Meta Ads - Fiat Cronos - trafico,trafico,Fiat,Cronos,696,12,20371.85,0,1.72,1697.65,
2024-01-28,CAMP048,meta_ads,Meta Ads - Ford Kuga - whatsapp,whatsapp,Ford,Kuga,3634,77,72021.17,6,2.12,935.34,12003.53
2024-01-28,CAMP038,meta_ads,Meta Ads - Peugeot Expert - remarketing,remarketing,Peugeot,Expert,2195,24,49196.31,1,1.09,2049.85,49196.31
2024-01-28,CAMP003,google_ads,Google Ads - Volkswagen Virtus - lead_form,lead_form,Volkswagen,Virtus,3278,142,74545.14,4,4.33,524.97,18636.28
2024-01-28,CAMP045,meta_ads,Meta Ads - Chevrolet S10 - lead_form,lead_form,Chevrolet,S10,1992,73,65126.76,6,3.66,892.15,10854.46
2024-01-28,CAMP055,meta_ads,Meta Ads - Toyota Corolla - trafico,trafico,Toyota,Corolla,1227,33,41293.26,2,2.69,1251.31,20646.63
2024-01-28,CAMP005,google_ads,Google Ads - Chevrolet Cruze - lead_form,lead_form,Chevrolet,Cruze,2668,78,21711.76,5,2.92,278.36,4342.35
2024-01-28,CAMP023,google_ads,Google Ads - Fiat Pulse - remarketing,remarketing,Fiat,Pulse,5315,187,86259.37,20,3.52,461.28,4312.97
2024-01-28,CAMP033,meta_ads,Meta Ads - Volkswagen Nivus - trafico,trafico,Volkswagen,Nivus,2037,63,38999.0,4,3.09,619.03,9749.75
2024-01-29,CAMP012,google_ads,Google Ads - Ford Territory - whatsapp,whatsapp,Ford,Territory,2579,109,79919.54,13,4.23,733.21,6147.66
2024-01-29,CAMP015,google_ads,Google Ads - Ford Maverick - trafico,trafico,Ford,Maverick,2139,37,48861.49,0,1.73,1320.58,
2024-01-29,CAMP040,meta_ads,Meta Ads - Volkswagen Virtus - remarketing,remarketing,Volkswagen,Virtus,725,18,20021.53,0,2.48,1112.31,
2024-01-29,CAMP054,meta_ads,Meta Ads - Chevrolet S10 - remarketing,remarketing,Chevrolet,S10,871,8,22405.6,0,0.92,2800.7,
2024-01-29,CAMP017,google_ads,Google Ads - Chevrolet Onix - remarketing,remarketing,Chevrolet,Onix,5049,119,83721.9,9,2.36,703.55,9302.43
2024-01-29,CAMP013,google_ads,Google Ads - Renault Logan - lead_form,lead_form,Renault,Logan,1535,43,36502.19,2,2.8,848.89,18251.1
2024-01-29,CAMP008,google_ads,Google Ads - Chevrolet Tracker - remarketing,remarketing,Chevrolet,Tracker,1909,11,37348.79,0,0.58,3395.34,
2024-01-29,CAMP060,meta_ads,Meta Ads - Volkswagen Amarok - whatsapp,whatsapp,Volkswagen,Amarok,1065,24,29817.74,2,2.25,1242.41,14908.87
2024-01-29,CAMP043,meta_ads,Meta Ads - Chevrolet Onix - remarketing,remarketing,Chevrolet,Onix,823,33,22889.41,2,4.01,693.62,11444.71
2024-01-29,CAMP037,meta_ads,Meta Ads - Peugeot Expert - trafico,trafico,Peugeot,Expert,2506,68,40717.51,2,2.71,598.79,20358.76
2024-01-30,CAMP054,meta_ads,Meta Ads - Chevrolet S10 - remarketing,remarketing,Chevrolet,S10,8201,73,82545.93,1,0.89,1130.77,82545.93
2024-01-30,CAMP018,google_ads,Google Ads - Toyota SW4 - trafico,trafico,Toyota,SW4,5932,170,52457.05,9,2.87,308.57,5828.56
2024-01-30,CAMP055,meta_ads,Meta Ads - Toyota Corolla - trafico,trafico,Toyota,Corolla,1818,50,59032.43,3,2.75,1180.65,19677.48
2024-01-30,CAMP053,meta_ads,Meta Ads - Chevrolet Spin - lead_form,lead_form,Chevrolet,Spin,4408,159,91465.07,8,3.61,575.25,11433.13
2024-01-30,CAMP009,google_ads,Google Ads - Volkswagen Amarok - trafico,trafico,Volkswagen,Amarok,1037,35,29929.79,1,3.38,855.14,29929.79
2024-01-30,CAMP035,meta_ads,Meta Ads - Peugeot 3008 - whatsapp,whatsapp,Peugeot,3008,2253,48,49086.18,3,2.13,1022.63,16362.06
2024-01-30,CAMP013,google_ads,Google Ads - Renault Logan - lead_form,lead_form,Renault,Logan,2097,78,64797.11,6,3.72,830.73,10799.52
2024-01-30,CAMP017,google_ads,Google Ads - Chevrolet Onix - remarketing,remarketing,Chevrolet,Onix,1159,27,25369.68,0,2.33,939.62,
2024-01-30,CAMP047,meta_ads,Meta Ads - Renault Logan - lead_form,lead_form,Renault,Logan,3390,148,87495.91,13,4.37,591.19,6730.45
2024-01-31,CAMP023,google_ads,Google Ads - Fiat Pulse - remarketing,remarketing,Fiat,Pulse,1306,52,42846.15,0,3.98,823.96,
2024-01-31,CAMP003,google_ads,Google Ads - Volkswagen Virtus - lead_form,lead_form,Volkswagen,Virtus,5880,257,63436.09,20,4.37,246.83,3171.8
2024-01-31,CAMP015,google_ads,Google Ads - Ford Maverick - trafico,trafico,Ford,Maverick,1205,34,33785.96,2,2.82,993.7,16892.98
2024-01-31,CAMP049,meta_ads,Meta Ads - Fiat Cronos - trafico,trafico,Fiat,Cronos,2301,66,41942.21,7,2.87,635.49,5991.74
2024-01-31,CAMP032,meta_ads,Meta Ads - Fiat Pulse - lead_form,lead_form,Fiat,Pulse,1238,54,18317.09,2,4.36,339.21,9158.55
2024-01-31,CAMP058,meta_ads,Meta Ads - Toyota Corolla Cross - lead_form,lead_form,Toyota,Corolla Cross,1471,28,44249.41,2,1.9,1580.34,22124.7
2024-01-31,CAMP005,google_ads,Google Ads - Chevrolet Cruze - lead_form,lead_form,Chevrolet,Cruze,10063,406,82303.72,24,4.03,202.72,3429.32
2024-01-31,CAMP017,google_ads,Google Ads - Chevrolet Onix - remarketing,remarketing,Chevrolet,Onix,1386,23,30346.45,0,1.66,1319.41,
2024-01-31,CAMP024,google_ads,Google Ads - Peugeot Partner - whatsapp,whatsapp,Peugeot,Partner,1014,38,24604.0,3,3.75,647.47,8201.33
2024-01-31,CAMP055,meta_ads,Meta Ads - Toyota Corolla - trafico,trafico,Toyota,Corolla,2656,27,44942.89,2,1.02,1664.55,22471.44
2024-01-31,CAMP059,meta_ads,Meta Ads - Renault Alaskan - whatsapp,whatsapp,Renault,Alaskan,2089,65,50035.0,3,3.11,769.77,16678.33
2024-01-31,CAMP043,meta_ads,Meta Ads - Chevrolet Onix - remarketing,remarketing,Chevrolet,Onix,2744,79,31427.97,2,2.88,397.82,15713.98
2024-01-31,CAMP014,google_ads,Google Ads - Toyota Corolla Cross - lead_form,lead_form,Toyota,Corolla Cross,1644,19,52693.15,0,1.16,2773.32,
2024-01-31,CAMP034,meta_ads,Meta Ads - Volkswagen Amarok - remarketing,remarketing,Volkswagen,Amarok,3876,84,85092.59,9,2.17,1013.01,9454.73
2024-01-31,CAMP052,meta_ads,Meta Ads - Volkswagen Taos - whatsapp,whatsapp,Volkswagen,Taos,1972,67,62574.16,6,3.4,933.94,10429.03
2024-02-01,CAMP014,google_ads,Google Ads - Toyota Corolla Cross - lead_form,lead_form,Toyota,Corolla Cross,2003,76,59018.47,2,3.79,776.56,29509.23
2024-02-01,CAMP029,google_ads,Google Ads - Ford Bronco Sport - whatsapp,whatsapp,Ford,Bronco Sport,4201,143,63617.58,7,3.4,444.88,9088.23
2024-02-01,CAMP039,meta_ads,Meta Ads - Chevrolet Cruze - trafico,trafico,Chevrolet,Cruze,1983,29,47493.84,1,1.46,1637.72,47493.84
2024-02-01,CAMP031,meta_ads,Meta Ads - Volkswagen Polo - trafico,trafico,Volkswagen,Polo,1524,60,20521.69,4,3.94,342.03,5130.42
2024-02-01,CAMP056,meta_ads,Meta Ads - Renault Logan - whatsapp,whatsapp,Renault,Logan,3726,36,44860.35,2,0.97,1246.12,22430.17
2024-02-01,CAMP057,meta_ads,Meta Ads - Toyota Hilux - lead_form,lead_form,Toyota,Hilux,6638,242,60106.23,16,3.65,248.37,3756.64
2024-02-01,CAMP011,google_ads,Google Ads - Peugeot 3008 - trafico,trafico,Peugeot,3008,1009,11,21221.31,0,1.09,1929.21,
2024-02-01,CAMP015,google_ads,Google Ads - Ford Maverick - trafico,trafico,Ford,Maverick,2382,86,76745.72,7,3.61,892.39,10963.67
2024-02-01,CAMP027,google_ads,Google Ads - Chevrolet Tracker - whatsapp,whatsapp,Chevrolet,Tracker,2936,22,52856.52,1,0.75,2402.57,52856.52
2024-02-02,CAMP052,meta_ads,Meta Ads - Volkswagen Taos - whatsapp,whatsapp,Volkswagen,Taos,2921,46,56937.42,4,1.57,1237.77,14234.36
2024-02-02,CAMP031,meta_ads,Meta Ads - Volkswagen Polo - trafico,trafico,Volkswagen,Polo,8085,237,82986.66,17,2.93,350.15,4881.57
2024-02-02,CAMP051,meta_ads,Meta Ads - Renault Logan - whatsapp,whatsapp,Renault,Logan,3940,137,32108.79,2,3.48,234.37,16054.39
2024-02-02,CAMP050,meta_ads,Meta Ads - Chevrolet Tracker - lead_form,lead_form,Chevrolet,Tracker,2394,49,52758.17,1,2.05,1076.7,52758.17
2024-02-02,CAMP025,google_ads,Google Ads - Ford Maverick - whatsapp,whatsapp,Ford,Maverick,3925,39,74734.4,2,0.99,1916.27,37367.2
2024-02-02,CAMP023,google_ads,Google Ads - Fiat Pulse - remarketing,remarketing,Fiat,Pulse,3829,103,57658.87,7,2.69,559.79,8236.98
2024-02-02,CAMP038,meta_ads,Meta Ads - Peugeot Expert - remarketing,remarketing,Peugeot,Expert,1717,36,59726.69,1,2.1,1659.07,59726.69
2024-02-02,CAMP060,meta_ads,Meta Ads - Volkswagen Amarok - whatsapp,whatsapp,Volkswagen,Amarok,2388,30,55064.19,2,1.26,1835.47,27532.09
2024-02-02,CAMP048,meta_ads,Meta Ads - Ford Kuga - whatsapp,whatsapp,Ford,Kuga,1433,40,49733.29,3,2.79,1243.33,16577.76
2024-02-02,CAMP049,meta_ads,Meta Ads - Fiat Cronos - trafico,trafico,Fiat,Cronos,3671,145,43054.12,3,3.95,296.92,14351.37
2024-02-02,CAMP045,meta_ads,Meta Ads - Chevrolet S10 - lead_form,lead_form,Chevrolet,S10,1026,44,29922.16,1,4.29,680.05,29922.16
2024-02-03,CAMP026,google_ads,Google Ads - Peugeot Partner - lead_form,lead_form,Peugeot,Partner,2015,19,48790.16,0,0.94,2567.9,
2024-02-03,CAMP051,meta_ads,Meta Ads - Renault Logan - whatsapp,whatsapp,Renault,Logan,1674,57,40925.14,6,3.41,717.98,6820.86
2024-02-03,CAMP022,google_ads,Google Ads - Toyota Hilux - lead_form,lead_form,Toyota,Hilux,1681,28,43250.3,3,1.67,1544.65,14416.77
2024-02-03,CAMP052,meta_ads,Meta Ads - Volkswagen Taos - whatsapp,whatsapp,Volkswagen,Taos,570,7,16482.12,0,1.23,2354.59,
2024-02-03,CAMP036,meta_ads,Meta Ads - Ford Territory - whatsapp,whatsapp,Ford,Territory,414,17,12835.41,1,4.11,755.02,12835.41
2024-02-03,CAMP040,meta_ads,Meta Ads - Volkswagen Virtus - remarketing,remarketing,Volkswagen,Virtus,932,24,27190.23,2,2.58,1132.93,13595.11
2024-02-03,CAMP045,meta_ads,Meta Ads - Chevrolet S10 - lead_form,lead_form,Chevrolet,S10,2289,45,59984.82,3,1.97,1333.0,19994.94
2024-02-03,CAMP044,meta_ads,Meta Ads - Fiat Fastback - remarketing,remarketing,Fiat,Fastback,8516,142,88100.38,8,1.67,620.43,11012.55
2024-02-03,CAMP046,meta_ads,Meta Ads - Peugeot 208 - trafico,trafico,Peugeot,208,3390,46,64233.64,0,1.36,1396.38,
2024-02-03,CAMP004,google_ads,Google Ads - Peugeot Expert - lead_form,lead_form,Peugeot,Expert,2037,55,66882.51,5,2.7,1216.05,13376.5
2024-02-03,CAMP011,google_ads,Google Ads - Peugeot 3008 - trafico,trafico,Peugeot,3008,2342,45,55610.88,4,1.92,1235.8,13902.72
2024-02-03,CAMP025,google_ads,Google Ads - Ford Maverick - whatsapp,whatsapp,Ford,Maverick,872,20,29651.05,1,2.29,1482.55,29651.05
2024-02-03,CAMP041,meta_ads,Meta Ads - Toyota Corolla - lead_form,lead_form,Toyota,Corolla,971,24,12362.81,1,2.47,515.12,12362.81
2024-02-03,CAMP001,google_ads,Google Ads - Peugeot 208 - lead_form,lead_form,Peugeot,208,2983,31,51247.19,2,1.04,1653.14,25623.6
2024-02-03,CAMP006,google_ads,Google Ads - Toyota Corolla - whatsapp,whatsapp,Toyota,Corolla,1425,52,32100.08,2,3.65,617.31,16050.04
2024-02-03,CAMP010,google_ads,Google Ads - Renault Kangoo - whatsapp,whatsapp,Renault,Kangoo,2559,63,46535.95,2,2.46,738.67,23267.98
2024-02-04,CAMP050,meta_ads,Meta Ads - Chevrolet Tracker - lead_form,lead_form,Chevrolet,Tracker,4560,83,64799.21,9,1.82,780.71,7199.91
2024-02-04,CAMP030,google_ads,Google Ads - Peugeot Partner - lead_form,lead_form,Peugeot,Partner,6328,243,52287.33,9,3.84,215.17,5809.7
2024-02-04,CAMP044,meta_ads,Meta Ads - Fiat Fastback - remarketing,remarketing,Fiat,Fastback,735,27,19254.74,0,3.67,713.14,
2024-02-04,CAMP059,meta_ads,Meta Ads - Renault Alaskan - whatsapp,whatsapp,Renault,Alaskan,4056,80,84648.91,8,1.97,1058.11,10581.11
2024-02-04,CAMP038,meta_ads,Meta Ads - Peugeot Expert - remarketing,remarketing,Peugeot,Expert,982,32,32987.91,3,3.26,1030.87,10995.97
2024-02-04,CAMP002,google_ads,Google Ads - Peugeot Partner - whatsapp,whatsapp,Peugeot,Partner,3802,131,50921.95,13,3.45,388.72,3917.07
2024-02-04,CAMP031,meta_ads,Meta Ads - Volkswagen Polo - trafico,trafico,Volkswagen,Polo,2087,32,28128.73,2,1.53,879.02,14064.37
2024-02-04,CAMP008,google_ads,Google Ads - Chevrolet Tracker - remarketing,remarketing,Chevrolet,Tracker,2221,93,24167.65,7,4.19,259.87,3452.52
2024-02-04,CAMP017,google_ads,Google Ads - Chevrolet Onix - remarketing,remarketing,Chevrolet,Onix,2594,92,63747.08,6,3.55,692.9,10624.51
2024-02-04,CAMP005,google_ads,Google Ads - Chevrolet Cruze - lead_form,lead_form,Chevrolet,Cruze,727,21,15296.52,1,2.89,728.41,15296.52
2024-02-04,CAMP025,google_ads,Google Ads - Ford Maverick - whatsapp,whatsapp,Ford,Maverick,2757,109,88858.18,7,3.95,815.21,12694.03
2024-02-04,CAMP041,meta_ads,Meta Ads - Toyota Corolla - lead_form,lead_form,Toyota,Corolla,2712,45,88782.79,1,1.66,1972.95,88782.79
2024-02-04,CAMP015,google_ads,Google Ads - Ford Maverick - trafico,trafico,Ford,Maverick,6021,223,56979.88,14,3.7,255.52,4069.99
2024-02-05,CAMP003,google_ads,Google Ads - Volkswagen Virtus - lead_form,lead_form,Volkswagen,Virtus,945,27,12942.63,1,2.86,479.36,12942.63
2024-02-05,CAMP033,meta_ads,Meta Ads - Volkswagen Nivus - trafico,trafico,Volkswagen,Nivus,3989,109,59892.37,4,2.73,549.47,14973.09
2024-02-05,CAMP023,google_ads,Google Ads - Fiat Pulse - remarketing,remarketing,Fiat,Pulse,1989,40,48842.96,2,2.01,1221.07,24421.48
2024-02-05,CAMP026,google_ads,Google Ads - Peugeot Partner - lead_form,lead_form,Peugeot,Partner,1057,21,28467.01,2,1.99,1355.57,14233.5
2024-02-05,CAMP056,meta_ads,Meta Ads - Renault Logan - whatsapp,whatsapp,Renault,Logan,2633,29,33865.2,2,1.1,1167.77,16932.6
2024-02-05,CAMP044,meta_ads,Meta Ads - Fiat Fastback - remarketing,remarketing,Fiat,Fastback,2793,46,29875.93,1,1.65,649.48,29875.93
2024-02-05,CAMP050,meta_ads,Meta Ads - Chevrolet Tracker - lead_form,lead_form,Chevrolet,Tracker,2504,29,45786.2,3,1.16,1578.83,15262.07
2024-02-05,CAMP012,google_ads,Google Ads - Ford Territory - whatsapp,whatsapp,Ford,Territory,796,10,23702.61,0,1.26,2370.26,
2024-02-05,CAMP030,google_ads,Google Ads - Peugeot Partner - lead_form,lead_form,Peugeot,Partner,2902,75,89797.26,6,2.58,1197.3,14966.21
2024-02-05,CAMP008,google_ads,Google Ads - Chevrolet Tracker - remarketing,remarketing,Chevrolet,Tracker,4557,127,73373.18,9,2.79,577.74,8152.58
2024-02-05,CAMP045,meta_ads,Meta Ads - Chevrolet S10 - lead_form,lead_form,Chevrolet,S10,1619,13,43144.27,1,0.8,3318.79,43144.27
2024-02-05,CAMP034,meta_ads,Meta Ads - Volkswagen Amarok - remarketing,remarketing,Volkswagen,Amarok,1969,46,49248.75,2,2.34,1070.62,24624.37
2024-02-05,CAMP052,meta_ads,Meta Ads - Volkswagen Taos - whatsapp,whatsapp,Volkswagen,Taos,1738,73,40219.29,3,4.2,550.95,13406.43
2024-02-05,CAMP021,google_ads,Google Ads - Toyota Hilux - trafico,trafico,Toyota,Hilux,1203,47,13568.83,5,3.91,288.7,2713.77
2024-02-05,CAMP054,meta_ads,Meta Ads - Chevrolet S10 - remarketing,remarketing,Chevrolet,S10,1170,36,27562.76,1,3.08,765.63,27562.76
2024-02-05,CAMP001,google_ads,Google Ads - Peugeot 208 - lead_form,lead_form,Peugeot,208,4149,133,72980.69,8,3.21,548.73,9122.59
2024-02-06,CAMP057,meta_ads,Meta Ads - Toyota Hilux - lead_form,lead_form,Toyota,Hilux,1363,12,44304.29,0,0.88,3692.02,
2024-02-06,CAMP006,google_ads,Google Ads - Toyota Corolla - whatsapp,whatsapp,Toyota,Corolla,1446,48,37063.99,3,3.32,772.17,12354.66
2024-02-06,CAMP025,google_ads,Google Ads - Ford Maverick - whatsapp,whatsapp,Ford,Maverick,1362,49,43565.32,5,3.6,889.09,8713.06
2024-02-06,CAMP040,meta_ads,Meta Ads - Volkswagen Virtus - remarketing,remarketing,Volkswagen,Virtus,3241,76,71517.49,2,2.34,941.02,35758.75
2024-02-06,CAMP019,google_ads,Google Ads - Renault Alaskan - trafico,trafico,Renault,Alaskan,7027,106,79949.48,4,1.51,754.24,19987.37
2024-02-06,CAMP030,google_ads,Google Ads - Peugeot Partner - lead_form,lead_form,Peugeot,Partner,2520,35,71198.65,1,1.39,2034.25,71198.65
2024-02-06,CAMP041,meta_ads,Meta Ads - Toyota Corolla - lead_form,lead_form,Toyota,Corolla,594,14,19780.0,0,2.36,1412.86,
2024-02-06,CAMP010,google_ads,Google Ads - Renault Kangoo - whatsapp,whatsapp,Renault,Kangoo,3311,148,73344.66,3,4.47,495.57,24448.22
2024-02-06,CAMP011,google_ads,Google Ads - Peugeot 3008 - trafico,trafico,Peugeot,3008,5957,252,61223.53,14,4.23,242.95,4373.11
2024-02-06,CAMP054,meta_ads,Meta Ads - Chevrolet S10 - remarketing,remarketing,Chevrolet,S10,1088,25,30391.91,0,2.3,1215.68,
2024-02-06,CAMP022,google_ads,Google Ads - Toyota Hilux - lead_form,lead_form,Toyota,Hilux,4281,31,53977.75,1,0.72,1741.22,53977.75
2024-02-06,CAMP027,google_ads,Google Ads - Chevrolet Tracker - whatsapp,whatsapp,Chevrolet,Tracker,2706,65,84792.22,6,2.4,1304.5,14132.04
2024-02-06,CAMP051,meta_ads,Meta Ads - Renault Logan - whatsapp,whatsapp,Renault,Logan,3785,42,86345.53,4,1.11,2055.85,21586.38
2024-02-06,CAMP060,meta_ads,Meta Ads - Volkswagen Amarok - whatsapp,whatsapp,Volkswagen,Amarok,2295,54,54972.71,5,2.35,1018.01,10994.54
2024-02-06,CAMP037,meta_ads,Meta Ads - Peugeot Expert - trafico,trafico,Peugeot,Expert,4141,128,81780.12,9,3.09,638.91,9086.68
2024-02-07,CAMP031,meta_ads,Meta Ads - Volkswagen Polo - trafico,trafico,Volkswagen,Polo,401,15,12062.44,0,3.74,804.16,
2024-02-07,CAMP035,meta_ads,Meta Ads - Peugeot 3008 - whatsapp,whatsapp,Peugeot,3008,5935,249,48820.99,28,4.2,196.07,1743.61
2024-02-07,CAMP015,google_ads,Google Ads - Ford Maverick - trafico,trafico,Ford,Maverick,5994,136,49437.6,6,2.27,363.51,8239.6
2024-02-07,CAMP052,meta_ads,Meta Ads - Volkswagen Taos - whatsapp,whatsapp,Volkswagen,Taos,3681,75,30172.96,4,2.04,402.31,7543.24
2024-02-07,CAMP006,google_ads,Google Ads - Toyota Corolla - whatsapp,whatsapp,Toyota,Corolla,3000,37,55979.57,3,1.23,1512.96,18659.86
2024-02-07,CAMP029,google_ads,Google Ads - Ford Bronco Sport - whatsapp,whatsapp,Ford,Bronco Sport,2338,38,42593.45,2,1.63,1120.88,21296.72
2024-02-07,CAMP020,google_ads,Google Ads - Chevrolet Tracker - lead_form,lead_form,Chevrolet,Tracker,1076,44,30826.98,4,4.09,700.61,7706.74
2024-02-07,CAMP024,google_ads,Google Ads - Peugeot Partner - whatsapp,whatsapp,Peugeot,Partner,4188,146,65702.79,14,3.49,450.02,4693.06
2024-02-07,CAMP027,google_ads,Google Ads - Chevrolet Tracker - whatsapp,whatsapp,Chevrolet,Tracker,1430,18,44409.85,0,1.26,2467.21,
2024-02-07,CAMP017,google_ads,Google Ads - Chevrolet Onix - remarketing,remarketing,Chevrolet,Onix,2510,41,61961.35,3,1.63,1511.25,20653.78
2024-02-07,CAMP010,google_ads,Google Ads - Renault Kangoo - whatsapp,whatsapp,Renault,Kangoo,3140,24,26770.16,1,0.76,1115.42,26770.16
2024-02-07,CAMP054,meta_ads,Meta Ads - Chevrolet S10 - remarketing,remarketing,Chevrolet,S10,2474,40,26625.05,3,1.62,665.63,8875.02
2024-02-07,CAMP001,google_ads,Google Ads - Peugeot 208 - lead_form,lead_form,Peugeot,208,4832,57,69030.44,3,1.18,1211.06,23010.15
2024-02-08,CAMP027,google_ads,Google Ads - Chevrolet Tracker - whatsapp,whatsapp,Chevrolet,Tracker,565,4,16370.99,0,0.71,4092.75,
2024-02-08,CAMP020,google_ads,Google Ads - Chevrolet Tracker - lead_form,lead_form,Chevrolet,Tracker,878,33,26991.0,3,3.76,817.91,8997.0
2024-02-08,CAMP051,meta_ads,Meta Ads - Renault Logan - whatsapp,whatsapp,Renault,Logan,748,11,21513.0,1,1.47,1955.73,21513.0
2024-02-08,CAMP052,meta_ads,Meta Ads - Volkswagen Taos - whatsapp,whatsapp,Volkswagen,Taos,1667,12,46550.95,0,0.72,3879.25,
2024-02-08,CAMP032,meta_ads,Meta Ads - Fiat Pulse - lead_form,lead_form,Fiat,Pulse,3268,144,72137.69,9,4.41,500.96,8015.3
2024-02-08,CAMP024,google_ads,Google Ads - Peugeot Partner - whatsapp,whatsapp,Peugeot,Partner,3966,73,65152.5,5,1.84,892.5,13030.5
2024-02-08,CAMP030,google_ads,Google Ads - Peugeot Partner - lead_form,lead_form,Peugeot,Partner,459,12,15290.5,0,2.61,1274.21,
2024-02-08,CAMP045,meta_ads,Meta Ads - Chevrolet S10 - lead_form,lead_form,Chevrolet,S10,4624,187,61804.56,19,4.04,330.51,3252.87
2024-02-08,CAMP058,meta_ads,Meta Ads - Toyota Corolla Cross - lead_form,lead_form,Toyota,Corolla Cross,2623,80,28987.48,3,3.05,362.34,9662.49
2024-02-08,CAMP003,google_ads,Google Ads - Volkswagen Virtus - lead_form,lead_form,Volkswagen,Virtus,1621,17,25054.11,1,1.05,1473.77,25054.11
2024-02-08,CAMP022,google_ads,Google Ads - Toyota Hilux - lead_form,lead_form,Toyota,Hilux,1390,50,12696.53,3,3.6,253.93,4232.18
2024-02-08,CAMP006,google_ads,Google Ads - Toyota Corolla - whatsapp,whatsapp,Toyota,Corolla,3245,30,58504.56,0,0.92,1950.15,
2024-02-08,CAMP010,google_ads,Google Ads - Renault Kangoo - whatsapp,whatsapp,Renault,Kangoo,774,32,19129.32,3,4.13,597.79,6376.44
2024-02-09,CAMP004,google_ads,Google Ads - Peugeot Expert - lead_form,lead_form,Peugeot,Expert,1553,68,22185.39,6,4.38,326.26,3697.56
2024-02-09,CAMP023,google_ads,Google Ads - Fiat Pulse - remarketing,remarketing,Fiat,Pulse,2427,56,72229.79,1,2.31,1289.82,72229.79
2024-02-09,CAMP042,meta_ads,Meta Ads - Volkswagen Virtus - remarketing,remarketing,Volkswagen,Virtus,3784,42,66879.44,4,1.11,1592.37,16719.86
2024-02-09,CAMP010,google_ads,Google Ads - Renault Kangoo - whatsapp,whatsapp,Renault,Kangoo,2559,44,50701.08,3,1.72,1152.3,16900.36
2024-02-09,CAMP045,meta_ads,Meta Ads - Chevrolet S10 - lead_form,lead_form,Chevrolet,S10,2090,40,27258.16,3,1.91,681.45,9086.05
2024-02-09,CAMP035,meta_ads,Meta Ads - Peugeot 3008 - whatsapp,whatsapp,Peugeot,3008,1118,46,34044.39,3,4.11,740.1,11348.13
2024-02-09,CAMP051,meta_ads,Meta Ads - Renault Logan - whatsapp,whatsapp,Renault,Logan,1449,25,17667.7,1,1.73,706.71,17667.7
2024-02-09,CAMP007,google_ads,Google Ads - Volkswagen Nivus - lead_form,lead_form,Volkswagen,Nivus,5153,159,41325.58,8,3.09,259.91,5165.7
2024-02-10,CAMP057,meta_ads,Meta Ads - Toyota Hilux - lead_form,lead_form,Toyota,Hilux,498,18,17011.81,0,3.61,945.1,
2024-02-10,CAMP002,google_ads,Google Ads - Peugeot Partner - whatsapp,whatsapp,Peugeot,Partner,2286,27,65565.71,1,1.18,2428.36,65565.71
2024-02-10,CAMP040,meta_ads,Meta Ads - Volkswagen Virtus - remarketing,remarketing,Volkswagen,Virtus,2644,25,44149.41,2,0.95,1765.98,22074.7
2024-02-10,CAMP055,meta_ads,Meta Ads - Toyota Corolla - trafico,trafico,Toyota,Corolla,464,6,15479.37,0,1.29,2579.89,
2024-02-10,CAMP024,google_ads,Google Ads - Peugeot Partner - whatsapp,whatsapp,Peugeot,Partner,1551,11,20435.77,0,0.71,1857.8,
2024-02-10,CAMP050,meta_ads,Meta Ads - Chevrolet Tracker - lead_form,lead_form,Chevrolet,Tracker,2001,60,42488.41,4,3.0,708.14,10622.1
2024-02-10,CAMP058,meta_ads,Meta Ads - Toyota Corolla Cross - lead_form,lead_form,Toyota,Corolla Cross,1138,38,15895.16,0,3.34,418.29,
2024-02-10,CAMP016,google_ads,Google Ads - Renault Kangoo - remarketing,remarketing,Renault,Kangoo,3275,138,84192.88,14,4.21,610.09,6013.78
2024-02-10,CAMP021,google_ads,Google Ads - Toyota Hilux - trafico,trafico,Toyota,Hilux,1929,38,48712.35,3,1.97,1281.9,16237.45
2024-02-10,CAMP047,meta_ads,Meta Ads - Renault Logan - lead_form,lead_form,Renault,Logan,2708,100,81795.69,2,3.69,817.96,40897.85
2024-02-11,CAMP034,meta_ads,Meta Ads - Volkswagen Amarok - remarketing,remarketing,Volkswagen,Amarok,1631,22,30019.4,1,1.35,1364.52,30019.4
2024-02-11,CAMP003,google_ads,Google Ads - Volkswagen Virtus - lead_form,lead_form,Volkswagen,Virtus,1681,46,56462.16,3,2.74,1227.44,18820.72
2024-02-11,CAMP047,meta_ads,Meta Ads - Renault Logan - lead_form,lead_form,Renault,Logan,2446,69,70196.45,5,2.82,1017.34,14039.29
2024-02-11,CAMP005,google_ads,Google Ads - Chevrolet Cruze - lead_form,lead_form,Chevrolet,Cruze,3420,34,66798.93,3,0.99,1964.67,22266.31
2024-02-11,CAMP054,meta_ads,Meta Ads - Chevrolet S10 - remarketing,remarketing,Chevrolet,S10,2538,80,54897.31,5,3.15,686.22,10979.46
2024-02-11,CAMP020,google_ads,Google Ads - Chevrolet Tracker - lead_form,lead_form,Chevrolet,Tracker,1770,72,58793.43,5,4.07,816.58,11758.69
2024-02-11,CAMP057,meta_ads,Meta Ads - Toyota Hilux - lead_form,lead_form,Toyota,Hilux,2913,64,89754.32,5,2.2,1402.41,17950.86
2024-02-11,CAMP014,google_ads,Google Ads - Toyota Corolla Cross - lead_form,lead_form,Toyota,Corolla Cross,4568,70,76440.09,5,1.53,1092.0,15288.02
2024-02-11,CAMP060,meta_ads,Meta Ads - Volkswagen Amarok - whatsapp,whatsapp,Volkswagen,Amarok,1804,63,41254.92,3,3.49,654.84,13751.64
2024-02-11,CAMP007,google_ads,Google Ads - Volkswagen Nivus - lead_form,lead_form,Volkswagen,Nivus,1394,8,47287.47,0,0.57,5910.93,
2024-02-11,CAMP051,meta_ads,Meta Ads - Renault Logan - whatsapp,whatsapp,Renault,Logan,4050,45,34189.61,4,1.11,759.77,8547.4
2024-02-11,CAMP058,meta_ads,Meta Ads - Toyota Corolla Cross - lead_form,lead_form,Toyota,Corolla Cross,361,5,12512.37,0,1.39,2502.47,
2024-02-12,CAMP059,meta_ads,Meta Ads - Renault Alaskan - whatsapp,whatsapp,Renault,Alaskan,1276,36,22864.23,1,2.82,635.12,22864.23
2024-02-12,CAMP036,meta_ads,Meta Ads - Ford Territory - whatsapp,whatsapp,Ford,Territory,7202,155,75489.58,17,2.15,487.03,4440.56
2024-02-12,CAMP033,meta_ads,Meta Ads - Volkswagen Nivus - trafico,trafico,Volkswagen,Nivus,2523,93,69480.56,3,3.69,747.1,23160.19
2024-02-12,CAMP060,meta_ads,Meta Ads - Volkswagen Amarok - whatsapp,whatsapp,Volkswagen,Amarok,2878,81,76634.22,8,2.81,946.1,9579.28
2024-02-12,CAMP037,meta_ads,Meta Ads - Peugeot Expert - trafico,trafico,Peugeot,Expert,3637,125,58603.32,9,3.44,468.83,6511.48
2024-02-12,CAMP056,meta_ads,Meta Ads - Renault Logan - whatsapp,whatsapp,Renault,Logan,1911,68,18175.6,3,3.56,267.29,6058.53
2024-02-12,CAMP010,google_ads,Google Ads - Renault Kangoo - whatsapp,whatsapp,Renault,Kangoo,3946,157,75964.26,16,3.98,483.85,4747.77
2024-02-12,CAMP007,google_ads,Google Ads - Volkswagen Nivus - lead_form,lead_form,Volkswagen,Nivus,1161,34,29773.03,0,2.93,875.68,
2024-02-12,CAMP003,google_ads,Google Ads - Volkswagen Virtus - lead_form,lead_form,Volkswagen,Virtus,3975,71,72856.57,1,1.79,1026.15,72856.57
2024-02-12,CAMP030,google_ads,Google Ads - Peugeot Partner - lead_form,lead_form,Peugeot,Partner,4508,115,54276.86,4,2.55,471.97,13569.22
2024-02-12,CAMP023,google_ads,Google Ads - Fiat Pulse - remarketing,remarketing,Fiat,Pulse,576,12,15988.37,0,2.08,1332.36,
2024-02-12,CAMP054,meta_ads,Meta Ads - Chevrolet S10 - remarketing,remarketing,Chevrolet,S10,2709,39,58595.57,1,1.44,1502.45,58595.57
2024-02-13,CAMP010,google_ads,Google Ads - Renault Kangoo - whatsapp,whatsapp,Renault,Kangoo,1709,61,45890.31,3,3.57,752.3,15296.77
2024-02-13,CAMP009,google_ads,Google Ads - Volkswagen Amarok - trafico,trafico,Volkswagen,Amarok,1470,41,27452.47,3,2.79,669.57,9150.82
2024-02-13,CAMP022,google_ads,Google Ads - Toyota Hilux - lead_form,lead_form,Toyota,Hilux,4052,62,89772.14,2,1.53,1447.94,44886.07
2024-02-13,CAMP006,google_ads,Google Ads - Toyota Corolla - whatsapp,whatsapp,Toyota,Corolla,1719,48,45545.13,1,2.79,948.86,45545.13
2024-02-13,CAMP031,meta_ads,Meta Ads - Volkswagen Polo - trafico,trafico,Volkswagen,Polo,2477,33,44259.4,1,1.33,1341.19,44259.4
2024-02-13,CAMP037,meta_ads,Meta Ads - Peugeot Expert - trafico,trafico,Peugeot,Expert,2193,27,63121.97,1,1.23,2337.85,63121.97
2024-02-13,CAMP048,meta_ads,Meta Ads - Ford Kuga - whatsapp,whatsapp,Ford,Kuga,2563,77,76083.56,4,3.0,988.1,19020.89
2024-02-13,CAMP004,google_ads,Google Ads - Peugeot Expert - lead_form,lead_form,Peugeot,Expert,5878,192,84088.63,6,3.27,437.96,14014.77
2024-02-13,CAMP036,meta_ads,Meta Ads - Ford Territory - whatsapp,whatsapp,Ford,Territory,6670,232,68821.97,9,3.48,296.65,7646.89
2024-02-13,CAMP026,google_ads,Google Ads - Peugeot Partner - lead_form,lead_form,Peugeot,Partner,5041,193,60438.19,8,3.83,313.15,7554.77
2024-02-13,CAMP017,google_ads,Google Ads - Chevrolet Onix - remarketing,remarketing,Chevrolet,Onix,1304,23,38775.17,1,1.76,1685.88,38775.17
2024-02-13,CAMP057,meta_ads,Meta Ads - Toyota Hilux - lead_form,lead_form,Toyota,Hilux,1354,19,37886.38,1,1.4,1994.02,37886.38
2024-02-13,CAMP051,meta_ads,Meta Ads - Renault Logan - whatsapp,whatsapp,Renault,Logan,3090,93,70527.7,11,3.01,758.36,6411.61
2024-02-13,CAMP033,meta_ads,Meta Ads - Volkswagen Nivus - trafico,trafico,Volkswagen,Nivus,2542,52,66215.55,5,2.05,1273.38,13243.11
2024-02-14,CAMP003,google_ads,Google Ads - Volkswagen Virtus - lead_form,lead_form,Volkswagen,Virtus,2452,102,63509.08,5,4.16,622.64,12701.82
2024-02-14,CAMP017,google_ads,Google Ads - Chevrolet Onix - remarketing,remarketing,Chevrolet,Onix,1284,51,20415.53,2,3.97,400.3,10207.77
2024-02-14,CAMP011,google_ads,Google Ads - Peugeot 3008 - trafico,trafico,Peugeot,3008,4069,137,88423.84,15,3.37,645.43,5894.92
2024-02-14,CAMP004,google_ads,Google Ads - Peugeot Expert - lead_form,lead_form,Peugeot,Expert,2064,19,49803.65,0,0.92,2621.24,
2024-02-14,CAMP019,google_ads,Google Ads - Renault Alaskan - trafico,trafico,Renault,Alaskan,3777,127,87409.73,2,3.36,688.27,43704.86
2024-02-14,CAMP013,google_ads,Google Ads - Renault Logan - lead_form,lead_form,Renault,Logan,5170,129,83937.07,12,2.5,650.67,6994.76
2024-02-14,CAMP051,meta_ads,Meta Ads - Renault Logan - whatsapp,whatsapp,Renault,Logan,507,10,13433.03,0,1.97,1343.3,
2024-02-14,CAMP045,meta_ads,Meta Ads - Chevrolet S10 - lead_form,lead_form,Chevrolet,S10,2605,43,89687.56,0,1.65,2085.76,
2024-02-14,CAMP040,meta_ads,Meta Ads - Volkswagen Virtus - remarketing,remarketing,Volkswagen,Virtus,1739,78,32098.99,9,4.49,411.53,3566.55
2024-02-14,CAMP018,google_ads,Google Ads - Toyota SW4 - trafico,trafico,Toyota,SW4,2546,37,85642.66,1,1.45,2314.67,85642.66
2024-02-14,CAMP057,meta_ads,Meta Ads - Toyota Hilux - lead_form,lead_form,Toyota,Hilux,3642,125,42642.03,8,3.43,341.14,5330.25
2024-02-14,CAMP030,google_ads,Google Ads - Peugeot Partner - lead_form,lead_form,Peugeot,Partner,2055,67,64883.6,3,3.26,968.41,21627.87
2024-02-14,CAMP042,meta_ads,Meta Ads - Volkswagen Virtus - remarketing,remarketing,Volkswagen,Virtus,2904,52,56686.09,4,1.79,1090.12,14171.52
2024-02-14,CAMP001,google_ads,Google Ads - Peugeot 208 - lead_form,lead_form,Peugeot,208,4069,127,47035.2,9,3.12,370.36,5226.13
2024-02-14,CAMP005,google_ads,Google Ads - Chevrolet Cruze - lead_form,lead_form,Chevrolet,Cruze,4854,55,65355.79,4,1.13,1188.29,16338.95
2024-02-14,CAMP025,google_ads,Google Ads - Ford Maverick - whatsapp,whatsapp,Ford,Maverick,2521,57,82094.17,6,2.26,1440.25,13682.36
2024-02-15,CAMP042,meta_ads,Meta Ads - Volkswagen Virtus - remarketing,remarketing,Volkswagen,Virtus,1164,39,36985.89,3,3.35,948.36,12328.63
2024-02-15,CAMP037,meta_ads,Meta Ads - Peugeot Expert - trafico,trafico,Peugeot,Expert,4229,93,81118.06,5,2.2,872.24,16223.61
2024-02-15,CAMP011,google_ads,Google Ads - Peugeot 3008 - trafico,trafico,Peugeot,3008,2654,112,85325.98,4,4.22,761.84,21331.5
2024-02-15,CAMP021,google_ads,Google Ads - Toyota Hilux - trafico,trafico,Toyota,Hilux,6725,88,73192.48,8,1.31,831.73,9149.06
2024-02-15,CAMP005,google_ads,Google Ads - Chevrolet Cruze - lead_form,lead_form,Chevrolet,Cruze,3951,111,60081.03,4,2.81,541.27,15020.26
2024-02-15,CAMP036,meta_ads,Meta Ads - Ford Territory - whatsapp,whatsapp,Ford,Territory,1140,22,30284.88,1,1.93,1376.59,30284.88
2024-02-15,CAMP035,meta_ads,Meta Ads - Peugeot 3008 - whatsapp,whatsapp,Peugeot,3008,2293,67,49460.19,6,2.92,738.21,8243.36
2024-02-15,CAMP047,meta_ads,Meta Ads - Renault Logan - lead_form,lead_form,Renault,Logan,1335,33,41407.61,0,2.47,1254.78,
2024-02-15,CAMP008,google_ads,Google Ads - Chevrolet Tracker - remarketing,remarketing,Chevrolet,Tracker,3069,109,27231.3,1,3.55,249.83,27231.3
2024-02-15,CAMP012,google_ads,Google Ads - Ford Territory - whatsapp,whatsapp,Ford,Territory,1735,60,33240.66,7,3.46,554.01,4748.67
2024-02-16,CAMP005,google_ads,Google Ads - Chevrolet Cruze - lead_form,lead_form,Chevrolet,Cruze,4773,165,43579.61,9,3.46,264.12,4842.18
2024-02-16,CAMP012,google_ads,Google Ads - Ford Territory - whatsapp,whatsapp,Ford,Territory,1485,51,36406.0,3,3.43,713.84,12135.33
2024-02-16,CAMP029,google_ads,Google Ads - Ford Bronco Sport - whatsapp,whatsapp,Ford,Bronco Sport,1673,61,52967.98,4,3.65,868.33,13242.0
2024-02-16,CAMP056,meta_ads,Meta Ads - Renault Logan - whatsapp,whatsapp,Renault,Logan,1557,11,47225.55,1,0.71,4293.23,47225.55
2024-02-16,CAMP040,meta_ads,Meta Ads - Volkswagen Virtus - remarketing,remarketing,Volkswagen,Virtus,2808,97,52458.81,7,3.45,540.81,7494.12
2024-02-16,CAMP032,meta_ads,Meta Ads - Fiat Pulse - lead_form,lead_form,Fiat,Pulse,2088,16,52257.88,0,0.77,3266.12,
2024-02-16,CAMP045,meta_ads,Meta Ads - Chevrolet S10 - lead_form,lead_form,Chevrolet,S10,2653,101,43047.11,6,3.81,426.21,7174.52
2024-02-16,CAMP021,google_ads,Google Ads - Toyota Hilux - trafico,trafico,Toyota,Hilux,1830,14,44952.05,0,0.77,3210.86,
2024-02-16,CAMP030,google_ads,Google Ads - Peugeot Partner - lead_form,lead_form,Peugeot,Partner,759,17,23094.69,1,2.24,1358.51,23094.69
2024-02-16,CAMP016,google_ads,Google Ads - Renault Kangoo - remarketing,remarketing,Renault,Kangoo,717,30,20827.38,2,4.18,694.25,10413.69
2024-02-16,CAMP028,google_ads,Google Ads - Volkswagen Amarok - remarketing,remarketing,Volkswagen,Amarok,1176,27,22553.92,0,2.3,835.33,
2024-02-17,CAMP057,meta_ads,Meta Ads - Toyota Hilux - lead_form,lead_form,Toyota,Hilux,6710,225,70204.7,18,3.35,312.02,3900.26
2024-02-17,CAMP030,google_ads,Google Ads - Peugeot Partner - lead_form,lead_form,Peugeot,Partner,698,23,18926.26,2,3.3,822.88,9463.13
2024-02-17,CAMP006,google_ads,Google Ads - Toyota Corolla - whatsapp,whatsapp,Toyota,Corolla,4921,135,60613.89,2,2.74,448.99,30306.94
2024-02-17,CAMP017,google_ads,Google Ads - Chevrolet Onix - remarketing,remarketing,Chevrolet,Onix,1507,60,25698.83,6,3.98,428.31,4283.14
2024-02-17,CAMP021,google_ads,Google Ads - Toyota Hilux - trafico,trafico,Toyota,Hilux,2100,75,25005.51,1,3.57,333.41,25005.51
2024-02-17,CAMP045,meta_ads,Meta Ads - Chevrolet S10 - lead_form,lead_form,Chevrolet,S10,1318,57,36554.87,2,4.32,641.31,18277.44
2024-02-17,CAMP042,meta_ads,Meta Ads - Volkswagen Virtus - remarketing,remarketing,Volkswagen,Virtus,820,35,26475.27,0,4.27,756.44,
2024-02-17,CAMP046,meta_ads,Meta Ads - Peugeot 208 - trafico,trafico,Peugeot,208,8733,221,72747.71,14,2.53,329.18,5196.26
2024-02-17,CAMP051,meta_ads,Meta Ads - Renault Logan - whatsapp,whatsapp,Renault,Logan,3115,78,76076.19,2,2.5,975.34,38038.09
2024-02-17,CAMP011,google_ads,Google Ads - Peugeot 3008 - trafico,trafico,Peugeot,3008,3178,73,64364.91,5,2.3,881.71,12872.98
2024-02-17,CAMP053,meta_ads,Meta Ads - Chevrolet Spin - lead_form,lead_form,Chevrolet,Spin,398,6,12695.38,0,1.51,2115.9,
2024-02-18,CAMP004,google_ads,Google Ads - Peugeot Expert - lead_form,lead_form,Peugeot,Expert,4845,202,77813.84,4,4.17,385.22,19453.46
2024-02-18,CAMP012,google_ads,Google Ads - Ford Territory - whatsapp,whatsapp,Ford,Territory,3495,112,44780.87,8,3.2,399.83,5597.61
2024-02-18,CAMP010,google_ads,Google Ads - Renault Kangoo - whatsapp,whatsapp,Renault,Kangoo,2755,101,66320.5,3,3.67,656.64,22106.83
2024-02-18,CAMP060,meta_ads,Meta Ads - Volkswagen Amarok - whatsapp,whatsapp,Volkswagen,Amarok,2022,85,47791.95,2,4.2,562.26,23895.97
2024-02-18,CAMP042,meta_ads,Meta Ads - Volkswagen Virtus - remarketing,remarketing,Volkswagen,Virtus,1980,41,35549.97,0,2.07,867.07,
2024-02-18,CAMP023,google_ads,Google Ads - Fiat Pulse - remarketing,remarketing,Fiat,Pulse,1994,34,45594.18,0,1.71,1341.01,
2024-02-18,CAMP003,google_ads,Google Ads - Volkswagen Virtus - lead_form,lead_form,Volkswagen,Virtus,4319,114,66564.16,7,2.64,583.9,9509.17
2024-02-18,CAMP058,meta_ads,Meta Ads - Toyota Corolla Cross - lead_form,lead_form,Toyota,Corolla Cross,2717,27,66659.09,2,0.99,2468.86,33329.55
2024-02-18,CAMP054,meta_ads,Meta Ads - Chevrolet S10 - remarketing,remarketing,Chevrolet,S10,1772,44,61414.48,3,2.48,1395.78,20471.49
2024-02-18,CAMP043,meta_ads,Meta Ads - Chevrolet Onix - remarketing,remarketing,Chevrolet,Onix,2464,42,85335.64,3,1.7,2031.8,28445.21
2024-02-18,CAMP037,meta_ads,Meta Ads - Peugeot Expert - trafico,trafico,Peugeot,Expert,1663,74,36898.89,3,4.45,498.63,12299.63
2024-02-19,CAMP040,meta_ads,Meta Ads - Volkswagen Virtus - remarketing,remarketing,Volkswagen,Virtus,5669,98,80974.32,3,1.73,826.27,26991.44
2024-02-19,CAMP037,meta_ads,Meta Ads - Peugeot Expert - trafico,trafico,Peugeot,Expert,1033,38,21232.89,3,3.68,558.76,7077.63
2024-02-19,CAMP032,meta_ads,Meta Ads - Fiat Pulse - lead_form,lead_form,Fiat,Pulse,1145,25,28188.71,0,2.18,1127.55,
2024-02-19,CAMP034,meta_ads,Meta Ads - Volkswagen Amarok - remarketing,remarketing,Volkswagen,Amarok,1320,18,39296.27,1,1.36,2183.13,39296.27
2024-02-19,CAMP047,meta_ads,Meta Ads - Renault Logan - lead_form,lead_form,Renault,Logan,4429,38,65860.82,1,0.86,1733.18,65860.82
2024-02-19,CAMP041,meta_ads,Meta Ads - Toyota Corolla - lead_form,lead_form,Toyota,Corolla,1913,19,54932.44,0,0.99,2891.18,
2024-02-19,CAMP058,meta_ads,Meta Ads - Toyota Corolla Cross - lead_form,lead_form,Toyota,Corolla Cross,1837,79,42917.58,8,4.3,543.26,5364.7
2024-02-19,CAMP054,meta_ads,Meta Ads - Chevrolet S10 - remarketing,remarketing,Chevrolet,S10,889,37,27149.5,2,4.16,733.77,13574.75
2024-02-19,CAMP052,meta_ads,Meta Ads - Volkswagen Taos - whatsapp,whatsapp,Volkswagen,Taos,5473,61,49040.44,1,1.11,803.94,49040.44
2024-02-19,CAMP012,google_ads,Google Ads - Ford Territory - whatsapp,whatsapp,Ford,Territory,1529,62,47956.96,3,4.05,773.5,15985.65
2024-02-20,CAMP060,meta_ads,Meta Ads - Volkswagen Amarok - whatsapp,whatsapp,Volkswagen,Amarok,3375,140,57242.35,13,4.15,408.87,4403.26
2024-02-20,CAMP048,meta_ads,Meta Ads - Ford Kuga - whatsapp,whatsapp,Ford,Kuga,1431,55,17226.41,2,3.84,313.21,8613.2
2024-02-20,CAMP004,google_ads,Google Ads - Peugeot Expert - lead_form,lead_form,Peugeot,Expert,1846,23,41417.35,1,1.25,1800.75,41417.35
2024-02-20,CAMP054,meta_ads,Meta Ads - Chevrolet S10 - remarketing,remarketing,Chevrolet,S10,2394,87,26711.37,4,3.63,307.03,6677.84
2024-02-20,CAMP034,meta_ads,Meta Ads - Volkswagen Amarok - remarketing,remarketing,Volkswagen,Amarok,2915,48,79193.99,1,1.65,1649.87,79193.99
2024-02-20,CAMP020,google_ads,Google Ads - Chevrolet Tracker - lead_form,lead_form,Chevrolet,Tracker,4475,171,80699.28,7,3.82,471.93,11528.47
2024-02-20,CAMP037,meta_ads,Meta Ads - Peugeot Expert - trafico,trafico,Peugeot,Expert,4176,86,53148.48,1,2.06,618.01,53148.48
2024-02-20,CAMP047,meta_ads,Meta Ads - Renault Logan - lead_form,lead_form,Renault,Logan,2653,68,27863.63,6,2.56,409.76,4643.94
2024-02-20,CAMP044,meta_ads,Meta Ads - Fiat Fastback - remarketing,remarketing,Fiat,Fastback,6816,131,82883.86,8,1.92,632.7,10360.48
2024-02-20,CAMP021,google_ads,Google Ads - Toyota Hilux - trafico,trafico,Toyota,Hilux,4911,92,80451.15,8,1.87,874.47,10056.39
2024-02-20,CAMP036,meta_ads,Meta Ads - Ford Territory - whatsapp,whatsapp,Ford,Territory,571,14,19734.41,1,2.45,1409.6,19734.41
2024-02-20,CAMP035,meta_ads,Meta Ads - Peugeot 3008 - whatsapp,whatsapp,Peugeot,3008,3127,66,28105.41,6,2.11,425.84,4684.24
2024-02-20,CAMP002,google_ads,Google Ads - Peugeot Partner - whatsapp,whatsapp,Peugeot,Partner,1287,9,21110.93,0,0.7,2345.66,
2024-02-20,CAMP014,google_ads,Google Ads - Toyota Corolla Cross - lead_form,lead_form,Toyota,Corolla Cross,4723,192,80294.28,4,4.07,418.2,20073.57
2024-02-21,CAMP002,google_ads,Google Ads - Peugeot Partner - whatsapp,whatsapp,Peugeot,Partner,1853,19,36893.68,0,1.03,1941.77,
2024-02-21,CAMP037,meta_ads,Meta Ads - Peugeot Expert - trafico,trafico,Peugeot,Expert,3963,120,33343.68,8,3.03,277.86,4167.96
2024-02-21,CAMP049,meta_ads,Meta Ads - Fiat Cronos - trafico,trafico,Fiat,Cronos,1610,29,28113.04,0,1.8,969.42,
2024-02-21,CAMP020,google_ads,Google Ads - Chevrolet Tracker - lead_form,lead_form,Chevrolet,Tracker,4277,66,66939.59,1,1.54,1014.24,66939.59
2024-02-21,CAMP041,meta_ads,Meta Ads - Toyota Corolla - lead_form,lead_form,Toyota,Corolla,3489,81,59834.5,2,2.32,738.7,29917.25
2024-02-21,CAMP014,google_ads,Google Ads - Toyota Corolla Cross - lead_form,lead_form,Toyota,Corolla Cross,1856,18,48717.38,0,0.97,2706.52,
2024-02-21,CAMP021,google_ads,Google Ads - Toyota Hilux - trafico,trafico,Toyota,Hilux,3527,103,45264.33,7,2.92,439.46,6466.33
2024-02-21,CAMP013,google_ads,Google Ads - Renault Logan - lead_form,lead_form,Renault,Logan,2872,86,77221.6,4,2.99,897.93,19305.4
2024-02-21,CAMP053,meta_ads,Meta Ads - Chevrolet Spin - lead_form,lead_form,Chevrolet,Spin,2780,89,75760.47,6,3.2,851.24,12626.75
2024-02-21,CAMP019,google_ads,Google Ads - Renault Alaskan - trafico,trafico,Renault,Alaskan,3096,74,87947.19,2,2.39,1188.48,43973.59
2024-02-21,CAMP018,google_ads,Google Ads - Toyota SW4 - trafico,trafico,Toyota,SW4,2296,55,75402.38,3,2.4,1370.95,25134.13
2024-02-21,CAMP035,meta_ads,Meta Ads - Peugeot 3008 - whatsapp,whatsapp,Peugeot,3008,2406,58,65389.28,2,2.41,1127.4,32694.64
2024-02-22,CAMP010,google_ads,Google Ads - Renault Kangoo - whatsapp,whatsapp,Renault,Kangoo,2310,54,73524.74,0,2.34,1361.57,
2024-02-22,CAMP056,meta_ads,Meta Ads - Renault Logan - whatsapp,whatsapp,Renault,Logan,2806,67,49076.08,2,2.39,732.48,24538.04
2024-02-22,CAMP058,meta_ads,Meta Ads - Toyota Corolla Cross - lead_form,lead_form,Toyota,Corolla Cross,2956,32,71899.44,0,1.08,2246.86,
2024-02-22,CAMP040,meta_ads,Meta Ads - Volkswagen Virtus - remarketing,remarketing,Volkswagen,Virtus,2567,48,75769.13,3,1.87,1578.52,25256.38
2024-02-22,CAMP017,google_ads,Google Ads - Chevrolet Onix - remarketing,remarketing,Chevrolet,Onix,3297,71,73809.61,4,2.15,1039.57,18452.4
2024-02-22,CAMP024,google_ads,Google Ads - Peugeot Partner - whatsapp,whatsapp,Peugeot,Partner,2650,116,60428.24,6,4.38,520.93,10071.37
2024-02-22,CAMP026,google_ads,Google Ads - Peugeot Partner - lead_form,lead_form,Peugeot,Partner,1286,37,38575.7,3,2.88,1042.59,12858.57
2024-02-22,CAMP012,google_ads,Google Ads - Ford Territory - whatsapp,whatsapp,Ford,Territory,1570,42,45957.59,1,2.68,1094.23,45957.59
2024-02-22,CAMP045,meta_ads,Meta Ads - Chevrolet S10 - lead_form,lead_form,Chevrolet,S10,6303,266,63683.76,20,4.22,239.41,3184.19
2024-02-22,CAMP043,meta_ads,Meta Ads - Chevrolet Onix - remarketing,remarketing,Chevrolet,Onix,2082,50,49957.16,3,2.4,999.14,16652.39
2024-02-22,CAMP022,google_ads,Google Ads - Toyota Hilux - lead_form,lead_form,Toyota,Hilux,5966,258,76117.8,5,4.32,295.03,15223.56
2024-02-23,CAMP044,meta_ads,Meta Ads - Fiat Fastback - remarketing,remarketing,Fiat,Fastback,6127,231,64000.79,24,3.77,277.06,2666.7
2024-02-23,CAMP053,meta_ads,Meta Ads - Chevrolet Spin - lead_form,lead_form,Chevrolet,Spin,3301,19,83113.6,0,0.58,4374.4,
2024-02-23,CAMP039,meta_ads,Meta Ads - Chevrolet Cruze - trafico,trafico,Chevrolet,Cruze,1066,22,23827.99,1,2.06,1083.09,23827.99
2024-02-23,CAMP050,meta_ads,Meta Ads - Chevrolet Tracker - lead_form,lead_form,Chevrolet,Tracker,1040,19,27480.09,1,1.83,1446.32,27480.09
2024-02-23,CAMP059,meta_ads,Meta Ads - Renault Alaskan - whatsapp,whatsapp,Renault,Alaskan,5171,221,83895.77,13,4.27,379.62,6453.52
2024-02-23,CAMP025,google_ads,Google Ads - Ford Maverick - whatsapp,whatsapp,Ford,Maverick,5166,48,89350.39,0,0.93,1861.47,
2024-02-23,CAMP021,google_ads,Google Ads - Toyota Hilux - trafico,trafico,Toyota,Hilux,4740,52,89652.42,2,1.1,1724.08,44826.21
2024-02-23,CAMP032,meta_ads,Meta Ads - Fiat Pulse - lead_form,lead_form,Fiat,Pulse,1802,14,41125.78,1,0.78,2937.56,41125.78
2024-02-23,CAMP042,meta_ads,Meta Ads - Volkswagen Virtus - remarketing,remarketing,Volkswagen,Virtus,4329,171,76626.91,18,3.95,448.11,4257.05
2024-02-24,CAMP028,google_ads,Google Ads - Volkswagen Amarok - remarketing,remarketing,Volkswagen,Amarok,2106,51,54519.27,1,2.42,1069.01,54519.27
2024-02-24,CAMP045,meta_ads,Meta Ads - Chevrolet S10 - lead_form,lead_form,Chevrolet,S10,1274,49,41998.41,1,3.85,857.11,41998.41
2024-02-24,CAMP038,meta_ads,Meta Ads - Peugeot Expert - remarketing,remarketing,Peugeot,Expert,3441,38,89801.57,0,1.1,2363.2,
2024-02-24,CAMP026,google_ads,Google Ads - Peugeot Partner - lead_form,lead_form,Peugeot,Partner,481,12,13225.21,0,2.49,1102.1,
2024-02-24,CAMP041,meta_ads,Meta Ads - Toyota Corolla - lead_form,lead_form,Toyota,Corolla,8675,269,89236.98,15,3.1,331.74,5949.13
2024-02-24,CAMP021,google_ads,Google Ads - Toyota Hilux - trafico,trafico,Toyota,Hilux,1623,47,47570.24,2,2.9,1012.13,23785.12
2024-02-24,CAMP046,meta_ads,Meta Ads - Peugeot 208 - trafico,trafico,Peugeot,208,1196,32,26024.2,1,2.68,813.26,26024.2
2024-02-24,CAMP025,google_ads,Google Ads - Ford Maverick - whatsapp,whatsapp,Ford,Maverick,3051,90,39713.96,6,2.95,441.27,6618.99
2024-02-24,CAMP057,meta_ads,Meta Ads - Toyota Hilux - lead_form,lead_form,Toyota,Hilux,5423,138,78050.7,8,2.54,565.58,9756.34
2024-02-24,CAMP053,meta_ads,Meta Ads - Chevrolet Spin - lead_form,lead_form,Chevrolet,Spin,3048,134,54600.97,10,4.4,407.47,5460.1
2024-02-24,CAMP060,meta_ads,Meta Ads - Volkswagen Amarok - whatsapp,whatsapp,Volkswagen,Amarok,6058,150,66980.84,13,2.48,446.54,5152.37
2024-02-25,CAMP047,meta_ads,Meta Ads - Renault Logan - lead_form,lead_form,Renault,Logan,2158,33,52821.83,2,1.53,1600.66,26410.91
2024-02-25,CAMP060,meta_ads,Meta Ads - Volkswagen Amarok - whatsapp,whatsapp,Volkswagen,Amarok,2447,79,63771.48,5,3.23,807.23,12754.3
2024-02-25,CAMP034,meta_ads,Meta Ads - Volkswagen Amarok - remarketing,remarketing,Volkswagen,Amarok,2330,96,57211.02,6,4.12,595.95,9535.17
2024-02-25,CAMP055,meta_ads,Meta Ads - Toyota Corolla - trafico,trafico,Toyota,Corolla,633,26,12841.11,1,4.11,493.89,12841.11
2024-02-25,CAMP049,meta_ads,Meta Ads - Fiat Cronos - trafico,trafico,Fiat,Cronos,2159,95,37858.09,4,4.4,398.51,9464.52
2024-02-25,CAMP050,meta_ads,Meta Ads - Chevrolet Tracker - lead_form,lead_form,Chevrolet,Tracker,936,27,25065.64,1,2.88,928.36,25065.64
2024-02-25,CAMP018,google_ads,Google Ads - Toyota SW4 - trafico,trafico,Toyota,SW4,4871,148,73231.68,11,3.04,494.81,6657.43
2024-02-25,CAMP030,google_ads,Google Ads - Peugeot Partner - lead_form,lead_form,Peugeot,Partner,2203,38,56683.08,3,1.72,1491.66,18894.36
2024-02-25,CAMP058,meta_ads,Meta Ads - Toyota Corolla Cross - lead_form,lead_form,Toyota,Corolla Cross,669,7,14129.25,0,1.05,2018.46,
2024-02-25,CAMP006,google_ads,Google Ads - Toyota Corolla - whatsapp,whatsapp,Toyota,Corolla,4939,148,73133.5,6,3.0,494.15,12188.92
2024-02-26,CAMP001,google_ads,Google Ads - Peugeot 208 - lead_form,lead_form,Peugeot,208,1224,30,32954.02,2,2.45,1098.47,16477.01
2024-02-26,CAMP048,meta_ads,Meta Ads - Ford Kuga - whatsapp,whatsapp,Ford,Kuga,4673,43,80647.55,1,0.92,1875.52,80647.55
2024-02-26,CAMP008,google_ads,Google Ads - Chevrolet Tracker - remarketing,remarketing,Chevrolet,Tracker,7100,179,86357.75,21,2.52,482.45,4112.27
2024-02-26,CAMP039,meta_ads,Meta Ads - Chevrolet Cruze - trafico,trafico,Chevrolet,Cruze,5086,117,73371.87,9,2.3,627.11,8152.43
2024-02-26,CAMP012,google_ads,Google Ads - Ford Territory - whatsapp,whatsapp,Ford,Territory,1040,20,28953.18,1,1.92,1447.66,28953.18
2024-02-26,CAMP038,meta_ads,Meta Ads - Peugeot Expert - remarketing,remarketing,Peugeot,Expert,6485,81,72190.26,4,1.25,891.24,18047.57
2024-02-26,CAMP059,meta_ads,Meta Ads - Renault Alaskan - whatsapp,whatsapp,Renault,Alaskan,1283,45,36138.65,3,3.51,803.08,12046.22
2024-02-26,CAMP010,google_ads,Google Ads - Renault Kangoo - whatsapp,whatsapp,Renault,Kangoo,1566,38,42365.38,1,2.43,1114.88,42365.38
2024-02-26,CAMP043,meta_ads,Meta Ads - Chevrolet Onix - remarketing,remarketing,Chevrolet,Onix,9771,411,81303.56,25,4.21,197.82,3252.14
2024-02-26,CAMP029,google_ads,Google Ads - Ford Bronco Sport - whatsapp,whatsapp,Ford,Bronco Sport,1945,63,66078.11,1,3.24,1048.86,66078.11
2024-02-26,CAMP024,google_ads,Google Ads - Peugeot Partner - whatsapp,whatsapp,Peugeot,Partner,3374,146,85069.3,8,4.33,582.67,10633.66
2024-02-26,CAMP056,meta_ads,Meta Ads - Renault Logan - whatsapp,whatsapp,Renault,Logan,2729,52,85095.49,2,1.91,1636.45,42547.74
2024-02-27,CAMP017,google_ads,Google Ads - Chevrolet Onix - remarketing,remarketing,Chevrolet,Onix,2899,39,69276.45,1,1.35,1776.32,69276.45
2024-02-27,CAMP042,meta_ads,Meta Ads - Volkswagen Virtus - remarketing,remarketing,Volkswagen,Virtus,5120,140,65841.71,11,2.73,470.3,5985.61
2024-02-27,CAMP038,meta_ads,Meta Ads - Peugeot Expert - remarketing,remarketing,Peugeot,Expert,9236,90,76871.78,2,0.97,854.13,38435.89
2024-02-27,CAMP026,google_ads,Google Ads - Peugeot Partner - lead_form,lead_form,Peugeot,Partner,3359,57,46783.49,2,1.7,820.76,23391.75
2024-02-27,CAMP030,google_ads,Google Ads - Peugeot Partner - lead_form,lead_form,Peugeot,Partner,1321,56,13848.64,4,4.24,247.3,3462.16
2024-02-27,CAMP050,meta_ads,Meta Ads - Chevrolet Tracker - lead_form,lead_form,Chevrolet,Tracker,2292,70,77165.81,6,3.05,1102.37,12860.97
2024-02-27,CAMP044,meta_ads,Meta Ads - Fiat Fastback - remarketing,remarketing,Fiat,Fastback,686,7,21358.21,0,1.02,3051.17,
2024-02-27,CAMP048,meta_ads,Meta Ads - Ford Kuga - whatsapp,whatsapp,Ford,Kuga,3529,154,82191.98,16,4.36,533.71,5137.0
2024-02-27,CAMP016,google_ads,Google Ads - Renault Kangoo - remarketing,remarketing,Renault,Kangoo,4465,108,66260.98,12,2.42,613.53,5521.75
2024-02-28,CAMP060,meta_ads,Meta Ads - Volkswagen Amarok - whatsapp,whatsapp,Volkswagen,Amarok,1212,19,42310.05,1,1.57,2226.84,42310.05
2024-02-28,CAMP018,google_ads,Google Ads - Toyota SW4 - trafico,trafico,Toyota,SW4,2620,115,25878.5,4,4.39,225.03,6469.62
2024-02-28,CAMP050,meta_ads,Meta Ads - Chevrolet Tracker - lead_form,lead_form,Chevrolet,Tracker,1676,17,42625.49,1,1.01,2507.38,42625.49
2024-02-28,CAMP028,google_ads,Google Ads - Volkswagen Amarok - remarketing,remarketing,Volkswagen,Amarok,1856,18,45637.78,1,0.97,2535.43,45637.78
2024-02-28,CAMP045,meta_ads,Meta Ads - Chevrolet S10 - lead_form,lead_form,Chevrolet,S10,3601,31,32201.71,2,0.86,1038.76,16100.85
2024-02-28,CAMP043,meta_ads,Meta Ads - Chevrolet Onix - remarketing,remarketing,Chevrolet,Onix,8537,216,72624.5,18,2.53,336.22,4034.69
2024-02-28,CAMP058,meta_ads,Meta Ads - Toyota Corolla Cross - lead_form,lead_form,Toyota,Corolla Cross,1337,28,12067.68,0,2.09,430.99,
2024-02-28,CAMP054,meta_ads,Meta Ads - Chevrolet S10 - remarketing,remarketing,Chevrolet,S10,2032,12,37726.81,1,0.59,3143.9,37726.81
2024-02-28,CAMP021,google_ads,Google Ads - Toyota Hilux - trafico,trafico,Toyota,Hilux,3449,75,72137.27,6,2.17,961.83,12022.88
2024-02-28,CAMP017,google_ads,Google Ads - Chevrolet Onix - remarketing,remarketing,Chevrolet,Onix,7617,112,75357.5,6,1.47,672.83,12559.58
2024-02-28,CAMP011,google_ads,Google Ads - Peugeot 3008 - trafico,trafico,Peugeot,3008,2263,24,65762.38,1,1.06,2740.1,65762.38
2024-02-28,CAMP005,google_ads,Google Ads - Chevrolet Cruze - lead_form,lead_form,Chevrolet,Cruze,5254,93,89344.91,1,1.77,960.7,89344.91
2024-02-28,CAMP059,meta_ads,Meta Ads - Renault Alaskan - whatsapp,whatsapp,Renault,Alaskan,3524,71,89767.23,7,2.01,1264.33,12823.89
2024-02-28,CAMP004,google_ads,Google Ads - Peugeot Expert - lead_form,lead_form,Peugeot,Expert,1254,44,38524.9,1,3.51,875.57,38524.9
2024-02-28,CAMP025,google_ads,Google Ads - Ford Maverick - whatsapp,whatsapp,Ford,Maverick,1212,53,27843.4,4,4.37,525.35,6960.85
2024-02-29,CAMP045,meta_ads,Meta Ads - Chevrolet S10 - lead_form,lead_form,Chevrolet,S10,3029,21,27158.48,2,0.69,1293.26,13579.24
2024-02-29,CAMP025,google_ads,Google Ads - Ford Maverick - whatsapp,whatsapp,Ford,Maverick,1677,61,31036.39,5,3.64,508.79,6207.28
2024-02-29,CAMP058,meta_ads,Meta Ads - Toyota Corolla Cross - lead_form,lead_form,Toyota,Corolla Cross,1518,57,51699.21,6,3.75,907.0,8616.54
2024-02-29,CAMP007,google_ads,Google Ads - Volkswagen Nivus - lead_form,lead_form,Volkswagen,Nivus,784,15,13469.21,1,1.91,897.95,13469.21
2024-02-29,CAMP041,meta_ads,Meta Ads - Toyota Corolla - lead_form,lead_form,Toyota,Corolla,3226,101,44249.15,7,3.13,438.11,6321.31
2024-02-29,CAMP060,meta_ads,Meta Ads - Volkswagen Amarok - whatsapp,whatsapp,Volkswagen,Amarok,2747,73,86538.65,6,2.66,1185.46,14423.11
2024-02-29,CAMP023,google_ads,Google Ads - Fiat Pulse - remarketing,remarketing,Fiat,Pulse,3077,106,30601.34,7,3.44,288.69,4371.62
2024-02-29,CAMP032,meta_ads,Meta Ads - Fiat Pulse - lead_form,lead_form,Fiat,Pulse,420,12,13678.43,0,2.86,1139.87,
2024-02-29,CAMP006,google_ads,Google Ads - Toyota Corolla - whatsapp,whatsapp,Toyota,Corolla,7569,232,63494.34,25,3.07,273.68,2539.77
2024-02-29,CAMP056,meta_ads,Meta Ads - Renault Logan - whatsapp,whatsapp,Renault,Logan,7254,216,77097.11,22,2.98,356.93,3504.41
2024-02-29,CAMP029,google_ads,Google Ads - Ford Bronco Sport - whatsapp,whatsapp,Ford,Bronco Sport,572,5,17229.93,0,0.87,3445.99,
2024-02-29,CAMP048,meta_ads,Meta Ads - Ford Kuga - whatsapp,whatsapp,Ford,Kuga,6272,87,60871.3,4,1.39,699.67,15217.82
2024-03-01,CAMP021,google_ads,Google Ads - Toyota Hilux - trafico,trafico,Toyota,Hilux,1099,39,16931.31,1,3.55,434.14,16931.31
2024-03-01,CAMP008,google_ads,Google Ads - Chevrolet Tracker - remarketing,remarketing,Chevrolet,Tracker,3280,50,40854.33,3,1.52,817.09,13618.11
2024-03-01,CAMP044,meta_ads,Meta Ads - Fiat Fastback - remarketing,remarketing,Fiat,Fastback,763,23,22402.93,1,3.01,974.04,22402.93
2024-03-01,CAMP037,meta_ads,Meta Ads - Peugeot Expert - trafico,trafico,Peugeot,Expert,765,6,24304.79,0,0.78,4050.8,
2024-03-01,CAMP035,meta_ads,Meta Ads - Peugeot 3008 - whatsapp,whatsapp,Peugeot,3008,3110,90,84238.68,4,2.89,935.99,21059.67
2024-03-01,CAMP009,google_ads,Google Ads - Volkswagen Amarok - trafico,trafico,Volkswagen,Amarok,2248,55,66093.28,1,2.45,1201.7,66093.28
2024-03-01,CAMP060,meta_ads,Meta Ads - Volkswagen Amarok - whatsapp,whatsapp,Volkswagen,Amarok,1512,35,23160.85,1,2.31,661.74,23160.85
2024-03-01,CAMP051,meta_ads,Meta Ads - Renault Logan - whatsapp,whatsapp,Renault,Logan,960,28,25614.82,2,2.92,914.81,12807.41
2024-03-01,CAMP014,google_ads,Google Ads - Toyota Corolla Cross - lead_form,lead_form,Toyota,Corolla Cross,5757,220,59739.89,10,3.82,271.54,5973.99
2024-03-01,CAMP049,meta_ads,Meta Ads - Fiat Cronos - trafico,trafico,Fiat,Cronos,1937,26,44665.3,3,1.34,1717.9,14888.43
2024-03-01,CAMP003,google_ads,Google Ads - Volkswagen Virtus - lead_form,lead_form,Volkswagen,Virtus,3568,141,88189.74,16,3.95,625.46,5511.86
2024-03-01,CAMP038,meta_ads,Meta Ads - Peugeot Expert - remarketing,remarketing,Peugeot,Expert,2512,76,51588.18,2,3.03,678.79,25794.09
2024-03-01,CAMP012,google_ads,Google Ads - Ford Territory - whatsapp,whatsapp,Ford,Territory,1461,17,16139.38,1,1.16,949.38,16139.38
2024-03-01,CAMP022,google_ads,Google Ads - Toyota Hilux - lead_form,lead_form,Toyota,Hilux,3877,47,83095.78,5,1.21,1768.0,16619.16
2024-03-02,CAMP042,meta_ads,Meta Ads - Volkswagen Virtus - remarketing,remarketing,Volkswagen,Virtus,2660,20,75759.45,1,0.75,3787.97,75759.45
2024-03-02,CAMP024,google_ads,Google Ads - Peugeot Partner - whatsapp,whatsapp,Peugeot,Partner,6684,244,85216.17,16,3.65,349.25,5326.01
2024-03-02,CAMP019,google_ads,Google Ads - Renault Alaskan - trafico,trafico,Renault,Alaskan,662,22,21322.56,1,3.32,969.21,21322.56
2024-03-02,CAMP014,google_ads,Google Ads - Toyota Corolla Cross - lead_form,lead_form,Toyota,Corolla Cross,2835,91,37904.89,4,3.21,416.54,9476.22
2024-03-02,CAMP028,google_ads,Google Ads - Volkswagen Amarok - remarketing,remarketing,Volkswagen,Amarok,4384,43,73691.4,3,0.98,1713.75,24563.8
2024-03-02,CAMP017,google_ads,Google Ads - Chevrolet Onix - remarketing,remarketing,Chevrolet,Onix,4458,65,80873.23,4,1.46,1244.2,20218.31
2024-03-02,CAMP022,google_ads,Google Ads - Toyota Hilux - lead_form,lead_form,Toyota,Hilux,1573,18,50421.03,2,1.14,2801.17,25210.52
2024-03-02,CAMP040,meta_ads,Meta Ads - Volkswagen Virtus - remarketing,remarketing,Volkswagen,Virtus,2605,29,48097.15,2,1.11,1658.52,24048.58
2024-03-03,CAMP018,google_ads,Google Ads - Toyota SW4 - trafico,trafico,Toyota,SW4,1573,22,44898.11,1,1.4,2040.82,44898.11
2024-03-03,CAMP013,google_ads,Google Ads - Renault Logan - lead_form,lead_form,Renault,Logan,827,35,24379.7,3,4.23,696.56,8126.57
2024-03-03,CAMP022,google_ads,Google Ads - Toyota Hilux - lead_form,lead_form,Toyota,Hilux,2505,37,57447.45,2,1.48,1552.63,28723.73
2024-03-03,CAMP009,google_ads,Google Ads - Volkswagen Amarok - trafico,trafico,Volkswagen,Amarok,1695,24,53024.69,1,1.42,2209.36,53024.69
2024-03-03,CAMP003,google_ads,Google Ads - Volkswagen Virtus - lead_form,lead_form,Volkswagen,Virtus,5766,130,48393.7,13,2.25,372.26,3722.59
2024-03-03,CAMP045,meta_ads,Meta Ads - Chevrolet S10 - lead_form,lead_form,Chevrolet,S10,1598,23,31525.1,2,1.44,1370.66,15762.55
2024-03-03,CAMP037,meta_ads,Meta Ads - Peugeot Expert - trafico,trafico,Peugeot,Expert,2642,108,86339.69,6,4.09,799.44,14389.95
2024-03-03,CAMP004,google_ads,Google Ads - Peugeot Expert - lead_form,lead_form,Peugeot,Expert,447,15,15545.27,1,3.36,1036.35,15545.27
2024-03-03,CAMP060,meta_ads,Meta Ads - Volkswagen Amarok - whatsapp,whatsapp,Volkswagen,Amarok,2439,91,45484.68,8,3.73,499.83,5685.59
2024-03-03,CAMP057,meta_ads,Meta Ads - Toyota Hilux - lead_form,lead_form,Toyota,Hilux,924,8,19765.73,0,0.87,2470.72,
2024-03-03,CAMP008,google_ads,Google Ads - Chevrolet Tracker - remarketing,remarketing,Chevrolet,Tracker,3502,50,66476.08,2,1.43,1329.52,33238.04
2024-03-03,CAMP030,google_ads,Google Ads - Peugeot Partner - lead_form,lead_form,Peugeot,Partner,881,5,30836.88,0,0.57,6167.38,
2024-03-03,CAMP049,meta_ads,Meta Ads - Fiat Cronos - trafico,trafico,Fiat,Cronos,1214,34,24773.27,2,2.8,728.63,12386.63
2024-03-04,CAMP030,google_ads,Google Ads - Peugeot Partner - lead_form,lead_form,Peugeot,Partner,549,10,17644.1,0,1.82,1764.41,
2024-03-04,CAMP050,meta_ads,Meta Ads - Chevrolet Tracker - lead_form,lead_form,Chevrolet,Tracker,2980,127,45555.01,9,4.26,358.7,5061.67
2024-03-04,CAMP009,google_ads,Google Ads - Volkswagen Amarok - trafico,trafico,Volkswagen,Amarok,2546,23,74516.72,2,0.9,3239.86,37258.36
2024-03-04,CAMP056,meta_ads,Meta Ads - Renault Logan - whatsapp,whatsapp,Renault,Logan,7373,316,69902.82,27,4.29,221.21,2588.99
2024-03-04,CAMP046,meta_ads,Meta Ads - Peugeot 208 - trafico,trafico,Peugeot,208,7444,150,81863.62,12,2.02,545.76,6821.97
2024-03-04,CAMP026,google_ads,Google Ads - Peugeot Partner - lead_form,lead_form,Peugeot,Partner,3205,89,40814.36,1,2.78,458.59,40814.36
2024-03-04,CAMP012,google_ads,Google Ads - Ford Territory - whatsapp,whatsapp,Ford,Territory,5014,221,67826.53,8,4.41,306.91,8478.32
2024-03-04,CAMP051,meta_ads,Meta Ads - Renault Logan - whatsapp,whatsapp,Renault,Logan,1004,42,21011.84,3,4.18,500.28,7003.95
2024-03-04,CAMP024,google_ads,Google Ads - Peugeot Partner - whatsapp,whatsapp,Peugeot,Partner,6400,224,87452.49,8,3.5,390.41,10931.56
2024-03-04,CAMP041,meta_ads,Meta Ads - Toyota Corolla - lead_form,lead_form,Toyota,Corolla,2615,85,39803.9,3,3.25,468.28,13267.97
2024-03-04,CAMP060,meta_ads,Meta Ads - Volkswagen Amarok - whatsapp,whatsapp,Volkswagen,Amarok,985,24,17068.17,1,2.44,711.17,17068.17
2024-03-04,CAMP057,meta_ads,Meta Ads - Toyota Hilux - lead_form,lead_form,Toyota,Hilux,799,25,21730.96,1,3.13,869.24,21730.96
2024-03-04,CAMP053,meta_ads,Meta Ads - Chevrolet Spin - lead_form,lead_form,Chevrolet,Spin,1415,52,35054.11,5,3.67,674.12,7010.82
2024-03-04,CAMP001,google_ads,Google Ads - Peugeot 208 - lead_form,lead_form,Peugeot,208,2264,19,75641.72,2,0.84,3981.14,37820.86
2024-03-04,CAMP048,meta_ads,Meta Ads - Ford Kuga - whatsapp,whatsapp,Ford,Kuga,4728,193,48067.27,8,4.08,249.05,6008.41
2024-03-05,CAMP007,google_ads,Google Ads - Volkswagen Nivus - lead_form,lead_form,Volkswagen,Nivus,2135,37,53255.52,4,1.73,1439.34,13313.88
2024-03-05,CAMP011,google_ads,Google Ads - Peugeot 3008 - trafico,trafico,Peugeot,3008,4746,92,54893.56,5,1.94,596.67,10978.71
2024-03-05,CAMP018,google_ads,Google Ads - Toyota SW4 - trafico,trafico,Toyota,SW4,3972,33,63045.27,3,0.83,1910.46,21015.09
2024-03-05,CAMP008,google_ads,Google Ads - Chevrolet Tracker - remarketing,remarketing,Chevrolet,Tracker,907,28,30489.07,1,3.09,1088.9,30489.07
2024-03-05,CAMP045,meta_ads,Meta Ads - Chevrolet S10 - lead_form,lead_form,Chevrolet,S10,1541,28,39210.41,2,1.82,1400.37,19605.21
2024-03-05,CAMP010,google_ads,Google Ads - Renault Kangoo - whatsapp,whatsapp,Renault,Kangoo,2185,51,67164.89,2,2.33,1316.96,33582.45
2024-03-05,CAMP032,meta_ads,Meta Ads - Fiat Pulse - lead_form,lead_form,Fiat,Pulse,769,9,22564.4,0,1.17,2507.16,
2024-03-05,CAMP055,meta_ads,Meta Ads - Toyota Corolla - trafico,trafico,Toyota,Corolla,1472,53,50378.17,1,3.6,950.53,50378.17
2024-03-05,CAMP014,google_ads,Google Ads - Toyota Corolla Cross - lead_form,lead_form,Toyota,Corolla Cross,1970,24,40025.86,2,1.22,1667.74,20012.93
2024-03-06,CAMP019,google_ads,Google Ads - Renault Alaskan - trafico,trafico,Renault,Alaskan,2599,36,46741.87,3,1.39,1298.39,15580.62
2024-03-06,CAMP012,google_ads,Google Ads - Ford Territory - whatsapp,whatsapp,Ford,Territory,1871,22,64398.9,1,1.18,2927.22,64398.9
2024-03-06,CAMP059,meta_ads,Meta Ads - Renault Alaskan - whatsapp,whatsapp,Renault,Alaskan,3960,42,88755.78,0,1.06,2113.23,
2024-03-06,CAMP054,meta_ads,Meta Ads - Chevrolet S10 - remarketing,remarketing,Chevrolet,S10,2965,127,85266.51,14,4.28,671.39,6090.47
2024-03-06,CAMP046,meta_ads,Meta Ads - Peugeot 208 - trafico,trafico,Peugeot,208,712,19,24355.86,1,2.67,1281.89,24355.86
2024-03-06,CAMP045,meta_ads,Meta Ads - Chevrolet S10 - lead_form,lead_form,Chevrolet,S10,3939,161,62959.91,18,4.09,391.06,3497.77
2024-03-06,CAMP043,meta_ads,Meta Ads - Chevrolet Onix - remarketing,remarketing,Chevrolet,Onix,2048,65,71362.88,6,3.17,1097.89,11893.81
2024-03-06,CAMP051,meta_ads,Meta Ads - Renault Logan - whatsapp,whatsapp,Renault,Logan,2107,40,69349.5,1,1.9,1733.74,69349.5
2024-03-06,CAMP010,google_ads,Google Ads - Renault Kangoo - whatsapp,whatsapp,Renault,Kangoo,5476,177,49735.68,4,3.23,280.99,12433.92
2024-03-06,CAMP011,google_ads,Google Ads - Peugeot 3008 - trafico,trafico,Peugeot,3008,569,8,14039.96,0,1.41,1754.99,
2024-03-06,CAMP016,google_ads,Google Ads - Renault Kangoo - remarketing,remarketing,Renault,Kangoo,1545,21,37741.25,1,1.36,1797.2,37741.25
2024-03-06,CAMP008,google_ads,Google Ads - Chevrolet Tracker - remarketing,remarketing,Chevrolet,Tracker,2559,34,73494.45,0,1.33,2161.6,
2024-03-06,CAMP003,google_ads,Google Ads - Volkswagen Virtus - lead_form,lead_form,Volkswagen,Virtus,3000,130,78851.96,15,4.33,606.55,5256.8
2024-03-06,CAMP021,google_ads,Google Ads - Toyota Hilux - trafico,trafico,Toyota,Hilux,2028,59,43090.06,4,2.91,730.34,10772.51
2024-03-06,CAMP037,meta_ads,Meta Ads - Peugeot Expert - trafico,trafico,Peugeot,Expert,634,13,16496.14,1,2.05,1268.93,16496.14
2024-03-06,CAMP009,google_ads,Google Ads - Volkswagen Amarok - trafico,trafico,Volkswagen,Amarok,2480,16,45700.66,0,0.65,2856.29,
2024-03-07,CAMP029,google_ads,Google Ads - Ford Bronco Sport - whatsapp,whatsapp,Ford,Bronco Sport,2188,49,74842.48,5,2.24,1527.4,14968.5
2024-03-07,CAMP056,meta_ads,Meta Ads - Renault Logan - whatsapp,whatsapp,Renault,Logan,959,8,22886.28,0,0.83,2860.78,
2024-03-07,CAMP036,meta_ads,Meta Ads - Ford Territory - whatsapp,whatsapp,Ford,Territory,1559,69,49019.82,1,4.43,710.43,49019.82
2024-03-07,CAMP006,google_ads,Google Ads - Toyota Corolla - whatsapp,whatsapp,Toyota,Corolla,3057,28,86887.43,1,0.92,3103.12,86887.43
2024-03-07,CAMP014,google_ads,Google Ads - Toyota Corolla Cross - lead_form,lead_form,Toyota,Corolla Cross,4341,120,83324.02,10,2.76,694.37,8332.4
2024-03-07,CAMP047,meta_ads,Meta Ads - Renault Logan - lead_form,lead_form,Renault,Logan,6062,80,70909.01,4,1.32,886.36,17727.25
2024-03-07,CAMP060,meta_ads,Meta Ads - Volkswagen Amarok - whatsapp,whatsapp,Volkswagen,Amarok,6039,230,55201.62,23,3.81,240.01,2400.07
2024-03-07,CAMP048,meta_ads,Meta Ads - Ford Kuga - whatsapp,whatsapp,Ford,Kuga,1545,37,35705.32,0,2.39,965.01,
2024-03-07,CAMP027,google_ads,Google Ads - Chevrolet Tracker - whatsapp,whatsapp,Chevrolet,Tracker,807,34,12190.84,3,4.21,358.55,4063.61
2024-03-07,CAMP054,meta_ads,Meta Ads - Chevrolet S10 - remarketing,remarketing,Chevrolet,S10,1904,77,48858.21,4,4.04,634.52,12214.55
2024-03-07,CAMP019,google_ads,Google Ads - Renault Alaskan - trafico,trafico,Renault,Alaskan,1895,29,50367.15,0,1.53,1736.8,
2024-03-07,CAMP011,google_ads,Google Ads - Peugeot 3008 - trafico,trafico,Peugeot,3008,964,8,33622.93,0,0.83,4202.87,
2024-03-08,CAMP037,meta_ads,Meta Ads - Peugeot Expert - trafico,trafico,Peugeot,Expert,2578,47,24702.08,5,1.82,525.58,4940.42
2024-03-08,CAMP028,google_ads,Google Ads - Volkswagen Amarok - remarketing,remarketing,Volkswagen,Amarok,1818,30,22568.8,1,1.65,752.29,22568.8
2024-03-08,CAMP056,meta_ads,Meta Ads - Renault Logan - whatsapp,whatsapp,Renault,Logan,4720,81,83144.16,5,1.72,1026.47,16628.83
2024-03-08,CAMP017,google_ads,Google Ads - Chevrolet Onix - remarketing,remarketing,Chevrolet,Onix,3887,139,85032.73,4,3.58,611.75,21258.18
2024-03-08,CAMP041,meta_ads,Meta Ads - Toyota Corolla - lead_form,lead_form,Toyota,Corolla,684,18,19371.67,1,2.63,1076.2,19371.67
2024-03-08,CAMP044,meta_ads,Meta Ads - Fiat Fastback - remarketing,remarketing,Fiat,Fastback,2887,51,76492.12,4,1.77,1499.85,19123.03
2024-03-08,CAMP031,meta_ads,Meta Ads - Volkswagen Polo - trafico,trafico,Volkswagen,Polo,6204,177,65691.04,17,2.85,371.14,3864.18
2024-03-08,CAMP045,meta_ads,Meta Ads - Chevrolet S10 - lead_form,lead_form,Chevrolet,S10,591,12,13006.02,0,2.03,1083.83,
2024-03-08,CAMP008,google_ads,Google Ads - Chevrolet Tracker - remarketing,remarketing,Chevrolet,Tracker,1182,11,38544.42,0,0.93,3504.04,
2024-03-08,CAMP024,google_ads,Google Ads - Peugeot Partner - whatsapp,whatsapp,Peugeot,Partner,2234,91,29246.85,7,4.07,321.39,4178.12
2024-03-08,CAMP033,meta_ads,Meta Ads - Volkswagen Nivus - trafico,trafico,Volkswagen,Nivus,3462,92,76850.46,6,2.66,835.33,12808.41
2024-03-08,CAMP047,meta_ads,Meta Ads - Renault Logan - lead_form,lead_form,Renault,Logan,6408,153,70991.93,3,2.39,464.0,23663.98
2024-03-08,CAMP060,meta_ads,Meta Ads - Volkswagen Amarok - whatsapp,whatsapp,Volkswagen,Amarok,2303,56,75869.89,2,2.43,1354.82,37934.95
2024-03-08,CAMP002,google_ads,Google Ads - Peugeot Partner - whatsapp,whatsapp,Peugeot,Partner,1339,54,40280.35,4,4.03,745.93,10070.09
2024-03-08,CAMP057,meta_ads,Meta Ads - Toyota Hilux - lead_form,lead_form,Toyota,Hilux,4151,139,71559.98,2,3.35,514.82,35779.99
2024-03-09,CAMP015,google_ads,Google Ads - Ford Maverick - trafico,trafico,Ford,Maverick,822,18,28367.6,1,2.19,1575.98,28367.6
2024-03-09,CAMP009,google_ads,Google Ads - Volkswagen Amarok - trafico,trafico,Volkswagen,Amarok,2434,60,20714.33,3,2.47,345.24,6904.78
2024-03-09,CAMP055,meta_ads,Meta Ads - Toyota Corolla - trafico,trafico,Toyota,Corolla,3074,97,27315.38,7,3.16,281.6,3902.2
2024-03-09,CAMP045,meta_ads,Meta Ads - Chevrolet S10 - lead_form,lead_form,Chevrolet,S10,1493,11,48588.42,0,0.74,4417.13,
2024-03-09,CAMP010,google_ads,Google Ads - Renault Kangoo - whatsapp,whatsapp,Renault,Kangoo,1207,13,12801.25,1,1.08,984.71,12801.25
2024-03-09,CAMP057,meta_ads,Meta Ads - Toyota Hilux - lead_form,lead_form,Toyota,Hilux,4315,138,57833.04,2,3.2,419.08,28916.52
2024-03-09,CAMP060,meta_ads,Meta Ads - Volkswagen Amarok - whatsapp,whatsapp,Volkswagen,Amarok,829,13,23353.44,0,1.57,1796.42,
2024-03-09,CAMP020,google_ads,Google Ads - Chevrolet Tracker - lead_form,lead_form,Chevrolet,Tracker,1269,46,39471.86,3,3.62,858.08,13157.29
2024-03-09,CAMP059,meta_ads,Meta Ads - Renault Alaskan - whatsapp,whatsapp,Renault,Alaskan,5219,198,51382.92,18,3.79,259.51,2854.61
2024-03-10,CAMP014,google_ads,Google Ads - Toyota Corolla Cross - lead_form,lead_form,Toyota,Corolla Cross,2944,127,58505.02,4,4.31,460.67,14626.26
2024-03-10,CAMP046,meta_ads,Meta Ads - Peugeot 208 - trafico,trafico,Peugeot,208,2194,31,40041.16,1,1.41,1291.65,40041.16
2024-03-10,CAMP013,google_ads,Google Ads - Renault Logan - lead_form,lead_form,Renault,Logan,607,6,20993.33,0,0.99,3498.89,
2024-03-10,CAMP019,google_ads,Google Ads - Renault Alaskan - trafico,trafico,Renault,Alaskan,798,26,22809.1,1,3.26,877.27,22809.1
2024-03-10,CAMP011,google_ads,Google Ads - Peugeot 3008 - trafico,trafico,Peugeot,3008,907,9,15307.01,0,0.99,1700.78,
2024-03-10,CAMP049,meta_ads,Meta Ads - Fiat Cronos - trafico,trafico,Fiat,Cronos,3614,159,59371.62,9,4.4,373.41,6596.85
2024-03-10,CAMP035,meta_ads,Meta Ads - Peugeot 3008 - whatsapp,whatsapp,Peugeot,3008,3515,138,55713.33,4,3.93,403.72,13928.33
2024-03-10,CAMP001,google_ads,Google Ads - Peugeot 208 - lead_form,lead_form,Peugeot,208,572,14,17589.87,1,2.45,1256.42,17589.87
2024-03-10,CAMP047,meta_ads,Meta Ads - Renault Logan - lead_form,lead_form,Renault,Logan,750,18,26224.25,0,2.4,1456.9,
2024-03-10,CAMP007,google_ads,Google Ads - Volkswagen Nivus - lead_form,lead_form,Volkswagen,Nivus,1807,16,46593.3,0,0.89,2912.08,
2024-03-10,CAMP060,meta_ads,Meta Ads - Volkswagen Amarok - whatsapp,whatsapp,Volkswagen,Amarok,1822,18,43646.58,2,0.99,2424.81,21823.29
2024-03-10,CAMP033,meta_ads,Meta Ads - Volkswagen Nivus - trafico,trafico,Volkswagen,Nivus,9139,402,89084.67,20,4.4,221.6,4454.23
2024-03-10,CAMP059,meta_ads,Meta Ads - Renault Alaskan - whatsapp,whatsapp,Renault,Alaskan,1696,18,58944.29,1,1.06,3274.68,58944.29
2024-03-10,CAMP031,meta_ads,Meta Ads - Volkswagen Polo - trafico,trafico,Volkswagen,Polo,4458,150,69196.44,11,3.36,461.31,6290.59
2024-03-10,CAMP024,google_ads,Google Ads - Peugeot Partner - whatsapp,whatsapp,Peugeot,Partner,1146,35,33598.16,1,3.05,959.95,33598.16
2024-03-10,CAMP045,meta_ads,Meta Ads - Chevrolet S10 - lead_form,lead_form,Chevrolet,S10,2040,44,49566.3,2,2.16,1126.51,24783.15
2024-03-11,CAMP010,google_ads,Google Ads - Renault Kangoo - whatsapp,whatsapp,Renault,Kangoo,2111,18,19903.49,1,0.85,1105.75,19903.49
2024-03-11,CAMP050,meta_ads,Meta Ads - Chevrolet Tracker - lead_form,lead_form,Chevrolet,Tracker,4823,156,88418.85,4,3.23,566.79,22104.71
2024-03-11,CAMP030,google_ads,Google Ads - Peugeot Partner - lead_form,lead_form,Peugeot,Partner,5747,51,60924.9,4,0.89,1194.61,15231.22
2024-03-11,CAMP007,google_ads,Google Ads - Volkswagen Nivus - lead_form,lead_form,Volkswagen,Nivus,2460,34,72359.34,2,1.38,2128.22,36179.67
2024-03-11,CAMP008,google_ads,Google Ads - Chevrolet Tracker - remarketing,remarketing,Chevrolet,Tracker,3357,65,50581.16,6,1.94,778.17,8430.19
2024-03-11,CAMP017,google_ads,Google Ads - Chevrolet Onix - remarketing,remarketing,Chevrolet,Onix,1631,11,55007.89,0,0.67,5000.72,
2024-03-11,CAMP032,meta_ads,Meta Ads - Fiat Pulse - lead_form,lead_form,Fiat,Pulse,4571,83,83932.14,4,1.82,1011.23,20983.03
2024-03-11,CAMP054,meta_ads,Meta Ads - Chevrolet S10 - remarketing,remarketing,Chevrolet,S10,5421,150,48178.59,15,2.77,321.19,3211.91
2024-03-11,CAMP015,google_ads,Google Ads - Ford Maverick - trafico,trafico,Ford,Maverick,1325,33,35879.81,0,2.49,1087.27,
2024-03-11,CAMP041,meta_ads,Meta Ads - Toyota Corolla - lead_form,lead_form,Toyota,Corolla,3227,33,68287.63,2,1.02,2069.32,34143.81
2024-03-11,CAMP009,google_ads,Google Ads - Volkswagen Amarok - trafico,trafico,Volkswagen,Amarok,2411,68,63917.84,4,2.82,939.97,15979.46
2024-03-11,CAMP002,google_ads,Google Ads - Peugeot Partner - whatsapp,whatsapp,Peugeot,Partner,3651,77,79174.16,5,2.11,1028.24,15834.83
2024-03-12,CAMP040,meta_ads,Meta Ads - Volkswagen Virtus - remarketing,remarketing,Volkswagen,Virtus,440,8,14134.84,0,1.82,1766.86,
2024-03-12,CAMP044,meta_ads,Meta Ads - Fiat Fastback - remarketing,remarketing,Fiat,Fastback,2211,43,39022.35,3,1.94,907.5,13007.45
2024-03-12,CAMP023,google_ads,Google Ads - Fiat Pulse - remarketing,remarketing,Fiat,Pulse,1231,35,31395.3,3,2.84,897.01,10465.1
2024-03-12,CAMP050,meta_ads,Meta Ads - Chevrolet Tracker - lead_form,lead_form,Chevrolet,Tracker,1056,20,17153.5,0,1.89,857.68,
2024-03-12,CAMP019,google_ads,Google Ads - Renault Alaskan - trafico,trafico,Renault,Alaskan,1835,72,37534.45,5,3.92,521.31,7506.89
2024-03-12,CAMP021,google_ads,Google Ads - Toyota Hilux - trafico,trafico,Toyota,Hilux,5429,179,82523.97,13,3.3,461.03,6348.0
2024-03-12,CAMP004,google_ads,Google Ads - Peugeot Expert - lead_form,lead_form,Peugeot,Expert,4897,103,89120.77,7,2.1,865.25,12731.54
2024-03-12,CAMP002,google_ads,Google Ads - Peugeot Partner - whatsapp,whatsapp,Peugeot,Partner,7031,227,75244.6,11,3.23,331.47,6840.42
2024-03-12,CAMP038,meta_ads,Meta Ads - Peugeot Expert - remarketing,remarketing,Peugeot,Expert,1792,34,51349.11,2,1.9,1510.27,25674.55
2024-03-12,CAMP003,google_ads,Google Ads - Volkswagen Virtus - lead_form,lead_form,Volkswagen,Virtus,2045,51,40444.96,5,2.49,793.04,8088.99
2024-03-12,CAMP009,google_ads,Google Ads - Volkswagen Amarok - trafico,trafico,Volkswagen,Amarok,2397,64,73588.5,2,2.67,1149.82,36794.25
2024-03-12,CAMP024,google_ads,Google Ads - Peugeot Partner - whatsapp,whatsapp,Peugeot,Partner,451,9,15748.29,0,2.0,1749.81,
2024-03-12,CAMP058,meta_ads,Meta Ads - Toyota Corolla Cross - lead_form,lead_form,Toyota,Corolla Cross,6689,260,70127.12,6,3.89,269.72,11687.85
2024-03-12,CAMP052,meta_ads,Meta Ads - Volkswagen Taos - whatsapp,whatsapp,Volkswagen,Taos,3909,145,38372.88,9,3.71,264.64,4263.65
2024-03-13,CAMP023,google_ads,Google Ads - Fiat Pulse - remarketing,remarketing,Fiat,Pulse,4089,88,54808.59,7,2.15,622.82,7829.8
2024-03-13,CAMP051,meta_ads,Meta Ads - Renault Logan - whatsapp,whatsapp,Renault,Logan,1676,21,47957.93,0,1.25,2283.71,
2024-03-13,CAMP005,google_ads,Google Ads - Chevrolet Cruze - lead_form,lead_form,Chevrolet,Cruze,2163,61,67715.67,2,2.82,1110.09,33857.84
2024-03-13,CAMP042,meta_ads,Meta Ads - Volkswagen Virtus - remarketing,remarketing,Volkswagen,Virtus,3144,76,88159.31,8,2.42,1159.99,11019.91
2024-03-13,CAMP053,meta_ads,Meta Ads - Chevrolet Spin - lead_form,lead_form,Chevrolet,Spin,2205,79,54237.58,4,3.58,686.55,13559.39
2024-03-13,CAMP020,google_ads,Google Ads - Chevrolet Tracker - lead_form,lead_form,Chevrolet,Tracker,2282,60,56875.89,3,2.63,947.93,18958.63
2024-03-13,CAMP033,meta_ads,Meta Ads - Volkswagen Nivus - trafico,trafico,Volkswagen,Nivus,1975,64,23825.12,2,3.24,372.27,11912.56
2024-03-13,CAMP052,meta_ads,Meta Ads - Volkswagen Taos - whatsapp,whatsapp,Volkswagen,Taos,2803,107,46548.62,2,3.82,435.03,23274.31
2024-03-13,CAMP055,meta_ads,Meta Ads - Toyota Corolla - trafico,trafico,Toyota,Corolla,1475,56,28234.36,4,3.8,504.18,7058.59
2024-03-13,CAMP028,google_ads,Google Ads - Volkswagen Amarok - remarketing,remarketing,Volkswagen,Amarok,1337,29,32412.47,0,2.17,1117.67,
2024-03-13,CAMP043,meta_ads,Meta Ads - Chevrolet Onix - remarketing,remarketing,Chevrolet,Onix,1866,71,27314.66,4,3.8,384.71,6828.66
2024-03-14,CAMP028,google_ads,Google Ads - Volkswagen Amarok - remarketing,remarketing,Volkswagen,Amarok,4130,27,87227.68,2,0.65,3230.65,43613.84
2024-03-14,CAMP060,meta_ads,Meta Ads - Volkswagen Amarok - whatsapp,whatsapp,Volkswagen,Amarok,765,30,18557.63,3,3.92,618.59,6185.88
2024-03-14,CAMP042,meta_ads,Meta Ads - Volkswagen Virtus - remarketing,remarketing,Volkswagen,Virtus,2457,77,43772.78,1,3.13,568.48,43772.78
2024-03-14,CAMP003,google_ads,Google Ads - Volkswagen Virtus - lead_form,lead_form,Volkswagen,Virtus,3107,35,85617.99,0,1.13,2446.23,
2024-03-14,CAMP013,google_ads,Google Ads - Renault Logan - lead_form,lead_form,Renault,Logan,2088,55,69331.05,5,2.63,1260.56,13866.21
2024-03-14,CAMP011,google_ads,Google Ads - Peugeot 3008 - trafico,trafico,Peugeot,3008,2597,41,86126.26,4,1.58,2100.64,21531.56
2024-03-14,CAMP018,google_ads,Google Ads - Toyota SW4 - trafico,trafico,Toyota,SW4,2706,101,30588.34,5,3.73,302.85,6117.67
2024-03-14,CAMP009,google_ads,Google Ads - Volkswagen Amarok - trafico,trafico,Volkswagen,Amarok,3109,109,57611.99,4,3.51,528.55,14403.0
2024-03-14,CAMP002,google_ads,Google Ads - Peugeot Partner - whatsapp,whatsapp,Peugeot,Partner,3783,48,45010.77,5,1.27,937.72,9002.15
2024-03-14,CAMP017,google_ads,Google Ads - Chevrolet Onix - remarketing,remarketing,Chevrolet,Onix,3114,90,46306.85,5,2.89,514.52,9261.37
2024-03-14,CAMP054,meta_ads,Meta Ads - Chevrolet S10 - remarketing,remarketing,Chevrolet,S10,1227,22,41251.72,1,1.79,1875.08,41251.72
2024-03-14,CAMP043,meta_ads,Meta Ads - Chevrolet Onix - remarketing,remarketing,Chevrolet,Onix,1919,77,65292.75,8,4.01,847.96,8161.59
2024-03-14,CAMP036,meta_ads,Meta Ads - Ford Territory - whatsapp,whatsapp,Ford,Territory,1476,56,40338.03,0,3.79,720.32,
2024-03-14,CAMP012,google_ads,Google Ads - Ford Territory - whatsapp,whatsapp,Ford,Territory,3590,139,87463.25,11,3.87,629.23,7951.2
2024-03-14,CAMP058,meta_ads,Meta Ads - Toyota Corolla Cross - lead_form,lead_form,Toyota,Corolla Cross,3206,117,85437.4,4,3.65,730.23,21359.35
2024-03-14,CAMP057,meta_ads,Meta Ads - Toyota Hilux - lead_form,lead_form,Toyota,Hilux,3372,146,55145.84,7,4.33,377.71,7877.98
2024-03-15,CAMP035,meta_ads,Meta Ads - Peugeot 3008 - whatsapp,whatsapp,Peugeot,3008,1065,37,35469.28,1,3.47,958.63,35469.28
2024-03-15,CAMP056,meta_ads,Meta Ads - Renault Logan - whatsapp,whatsapp,Renault,Logan,6411,148,79034.51,7,2.31,534.02,11290.64
2024-03-15,CAMP016,google_ads,Google Ads - Renault Kangoo - remarketing,remarketing,Renault,Kangoo,2966,109,75355.33,4,3.67,691.33,18838.83
2024-03-15,CAMP055,meta_ads,Meta Ads - Toyota Corolla - trafico,trafico,Toyota,Corolla,628,15,18247.38,1,2.39,1216.49,18247.38
2024-03-15,CAMP029,google_ads,Google Ads - Ford Bronco Sport - whatsapp,whatsapp,Ford,Bronco Sport,4961,111,84266.78,12,2.24,759.16,7022.23
2024-03-15,CAMP025,google_ads,Google Ads - Ford Maverick - whatsapp,whatsapp,Ford,Maverick,1608,26,19830.85,0,1.62,762.73,
2024-03-15,CAMP001,google_ads,Google Ads - Peugeot 208 - lead_form,lead_form,Peugeot,208,1618,44,44827.9,2,2.72,1018.82,22413.95
2024-03-15,CAMP026,google_ads,Google Ads - Peugeot Partner - lead_form,lead_form,Peugeot,Partner,2317,71,66226.39,2,3.06,932.77,33113.19
2024-03-15,CAMP017,google_ads,Google Ads - Chevrolet Onix - remarketing,remarketing,Chevrolet,Onix,1840,11,46585.59,0,0.6,4235.05,
2024-03-16,CAMP021,google_ads,Google Ads - Toyota Hilux - trafico,trafico,Toyota,Hilux,2964,109,78593.74,5,3.68,721.04,15718.75
2024-03-16,CAMP037,meta_ads,Meta Ads - Peugeot Expert - trafico,trafico,Peugeot,Expert,1782,28,49647.83,2,1.57,1773.14,24823.92
2024-03-16,CAMP006,google_ads,Google Ads - Toyota Corolla - whatsapp,whatsapp,Toyota,Corolla,2602,35,77008.07,2,1.35,2200.23,38504.03
2024-03-16,CAMP008,google_ads,Google Ads - Chevrolet Tracker - remarketing,remarketing,Chevrolet,Tracker,832,35,26365.44,3,4.21,753.3,8788.48
2024-03-16,CAMP011,google_ads,Google Ads - Peugeot 3008 - trafico,trafico,Peugeot,3008,884,37,29710.66,3,4.19,802.99,9903.55
2024-03-16,CAMP016,google_ads,Google Ads - Renault Kangoo - remarketing,remarketing,Renault,Kangoo,1886,82,61290.9,2,4.35,747.45,30645.45
2024-03-16,CAMP034,meta_ads,Meta Ads - Volkswagen Amarok - remarketing,remarketing,Volkswagen,Amarok,5348,115,67151.92,6,2.15,583.93,11191.99
2024-03-16,CAMP046,meta_ads,Meta Ads - Peugeot 208 - trafico,trafico,Peugeot,208,3124,63,32511.89,7,2.02,516.06,4644.56
2024-03-16,CAMP050,meta_ads,Meta Ads - Chevrolet Tracker - lead_form,lead_form,Chevrolet,Tracker,777,17,21297.18,1,2.19,1252.78,21297.18
2024-03-16,CAMP042,meta_ads,Meta Ads - Volkswagen Virtus - remarketing,remarketing,Volkswagen,Virtus,1821,19,47711.46,1,1.04,2511.13,47711.46
2024-03-16,CAMP049,meta_ads,Meta Ads - Fiat Cronos - trafico,trafico,Fiat,Cronos,864,31,27045.11,1,3.59,872.42,27045.11
2024-03-16,CAMP009,google_ads,Google Ads - Volkswagen Amarok - trafico,trafico,Volkswagen,Amarok,4419,174,50888.82,13,3.94,292.46,3914.52
2024-03-17,CAMP047,meta_ads,Meta Ads - Renault Logan - lead_form,lead_form,Renault,Logan,1869,38,60768.81,3,2.03,1599.18,20256.27
2024-03-17,CAMP044,meta_ads,Meta Ads - Fiat Fastback - remarketing,remarketing,Fiat,Fastback,5822,65,48204.62,3,1.12,741.61,16068.21
2024-03-17,CAMP013,google_ads,Google Ads - Renault Logan - lead_form,lead_form,Renault,Logan,2512,84,66703.18,7,3.34,794.09,9529.03
2024-03-17,CAMP027,google_ads,Google Ads - Chevrolet Tracker - whatsapp,whatsapp,Chevrolet,Tracker,4698,45,70096.4,0,0.96,1557.7,
2024-03-17,CAMP012,google_ads,Google Ads - Ford Territory - whatsapp,whatsapp,Ford,Territory,2673,110,38335.32,13,4.12,348.5,2948.87
2024-03-17,CAMP057,meta_ads,Meta Ads - Toyota Hilux - lead_form,lead_form,Toyota,Hilux,2523,74,86102.73,6,2.93,1163.55,14350.45
2024-03-17,CAMP051,meta_ads,Meta Ads - Renault Logan - whatsapp,whatsapp,Renault,Logan,1057,31,15702.32,1,2.93,506.53,15702.32
2024-03-17,CAMP010,google_ads,Google Ads - Renault Kangoo - whatsapp,whatsapp,Renault,Kangoo,2398,104,43205.66,7,4.34,415.44,6172.24
2024-03-17,CAMP002,google_ads,Google Ads - Peugeot Partner - whatsapp,whatsapp,Peugeot,Partner,3848,98,57839.3,11,2.55,590.2,5258.12
2024-03-17,CAMP019,google_ads,Google Ads - Renault Alaskan - trafico,trafico,Renault,Alaskan,7028,129,81264.61,9,1.84,629.96,9029.4
2024-03-17,CAMP017,google_ads,Google Ads - Chevrolet Onix - remarketing,remarketing,Chevrolet,Onix,2087,16,23286.06,0,0.77,1455.38,
2024-03-17,CAMP016,google_ads,Google Ads - Renault Kangoo - remarketing,remarketing,Renault,Kangoo,2644,92,80774.92,10,3.48,877.99,8077.49
2024-03-18,CAMP058,meta_ads,Meta Ads - Toyota Corolla Cross - lead_form,lead_form,Toyota,Corolla Cross,3269,140,69531.38,10,4.28,496.65,6953.14
2024-03-18,CAMP057,meta_ads,Meta Ads - Toyota Hilux - lead_form,lead_form,Toyota,Hilux,3336,77,84049.7,2,2.31,1091.55,42024.85
2024-03-18,CAMP017,google_ads,Google Ads - Chevrolet Onix - remarketing,remarketing,Chevrolet,Onix,1256,30,16269.24,0,2.39,542.31,
2024-03-18,CAMP040,meta_ads,Meta Ads - Volkswagen Virtus - remarketing,remarketing,Volkswagen,Virtus,4354,178,48475.11,11,4.09,272.33,4406.83
2024-03-18,CAMP054,meta_ads,Meta Ads - Chevrolet S10 - remarketing,remarketing,Chevrolet,S10,1339,37,46475.69,2,2.76,1256.1,23237.84
2024-03-18,CAMP049,meta_ads,Meta Ads - Fiat Cronos - trafico,trafico,Fiat,Cronos,757,8,20790.91,0,1.06,2598.86,
2024-03-18,CAMP060,meta_ads,Meta Ads - Volkswagen Amarok - whatsapp,whatsapp,Volkswagen,Amarok,1781,68,27913.54,6,3.82,410.49,4652.26
2024-03-18,CAMP034,meta_ads,Meta Ads - Volkswagen Amarok - remarketing,remarketing,Volkswagen,Amarok,3284,104,76221.53,3,3.17,732.9,25407.18
2024-03-18,CAMP021,google_ads,Google Ads - Toyota Hilux - trafico,trafico,Toyota,Hilux,11085,398,89916.23,13,3.59,225.92,6916.63
2024-03-18,CAMP028,google_ads,Google Ads - Volkswagen Amarok - remarketing,remarketing,Volkswagen,Amarok,5725,145,83859.26,3,2.53,578.34,27953.09
2024-03-18,CAMP011,google_ads,Google Ads - Peugeot 3008 - trafico,trafico,Peugeot,3008,2402,106,37665.41,2,4.41,355.33,18832.71
2024-03-18,CAMP052,meta_ads,Meta Ads - Volkswagen Taos - whatsapp,whatsapp,Volkswagen,Taos,1244,12,41170.46,0,0.96,3430.87,
2024-03-19,CAMP006,google_ads,Google Ads - Toyota Corolla - whatsapp,whatsapp,Toyota,Corolla,3597,22,86505.72,2,0.61,3932.08,43252.86
2024-03-19,CAMP030,google_ads,Google Ads - Peugeot Partner - lead_form,lead_form,Peugeot,Partner,1876,35,63181.48,3,1.87,1805.19,21060.49
2024-03-19,CAMP054,meta_ads,Meta Ads - Chevrolet S10 - remarketing,remarketing,Chevrolet,S10,2046,57,69276.93,2,2.79,1215.38,34638.46
2024-03-19,CAMP046,meta_ads,Meta Ads - Peugeot 208 - trafico,trafico,Peugeot,208,622,11,15797.22,0,1.77,1436.11,
2024-03-19,CAMP043,meta_ads,Meta Ads - Chevrolet Onix - remarketing,remarketing,Chevrolet,Onix,519,10,17516.48,0,1.93,1751.65,
2024-03-19,CAMP031,meta_ads,Meta Ads - Volkswagen Polo - trafico,trafico,Volkswagen,Polo,760,30,25884.84,0,3.95,862.83,
2024-03-19,CAMP059,meta_ads,Meta Ads - Renault Alaskan - whatsapp,whatsapp,Renault,Alaskan,6329,230,78482.97,10,3.63,341.23,7848.3
2024-03-19,CAMP041,meta_ads,Meta Ads - Toyota Corolla - lead_form,lead_form,Toyota,Corolla,2755,29,70699.57,1,1.05,2437.92,70699.57
2024-03-20,CAMP048,meta_ads,Meta Ads - Ford Kuga - whatsapp,whatsapp,Ford,Kuga,3941,110,82229.51,6,2.79,747.54,13704.92
2024-03-20,CAMP052,meta_ads,Meta Ads - Volkswagen Taos - whatsapp,whatsapp,Volkswagen,Taos,2409,72,72028.76,4,2.99,1000.4,18007.19
2024-03-20,CAMP020,google_ads,Google Ads - Chevrolet Tracker - lead_form,lead_form,Chevrolet,Tracker,5046,97,45880.64,6,1.92,473.0,7646.77
2024-03-20,CAMP044,meta_ads,Meta Ads - Fiat Fastback - remarketing,remarketing,Fiat,Fastback,1127,13,29914.61,0,1.15,2301.12,
2024-03-20,CAMP039,meta_ads,Meta Ads - Chevrolet Cruze - trafico,trafico,Chevrolet,Cruze,2796,48,61985.57,2,1.72,1291.37,30992.78
2024-03-20,CAMP009,google_ads,Google Ads - Volkswagen Amarok - trafico,trafico,Volkswagen,Amarok,4017,47,83953.98,1,1.17,1786.25,83953.98
2024-03-20,CAMP023,google_ads,Google Ads - Fiat Pulse - remarketing,remarketing,Fiat,Pulse,2721,71,83613.42,3,2.61,1177.65,27871.14
2024-03-20,CAMP043,meta_ads,Meta Ads - Chevrolet Onix - remarketing,remarketing,Chevrolet,Onix,1584,12,15949.21,0,0.76,1329.1,
2024-03-20,CAMP007,google_ads,Google Ads - Volkswagen Nivus - lead_form,lead_form,Volkswagen,Nivus,4340,137,45793.32,10,3.16,334.26,4579.33
2024-03-20,CAMP024,google_ads,Google Ads - Peugeot Partner - whatsapp,whatsapp,Peugeot,Partner,2165,19,32221.06,1,0.88,1695.85,32221.06
2024-03-20,CAMP033,meta_ads,Meta Ads - Volkswagen Nivus - trafico,trafico,Volkswagen,Nivus,819,10,21187.74,0,1.22,2118.77,
2024-03-20,CAMP013,google_ads,Google Ads - Renault Logan - lead_form,lead_form,Renault,Logan,4221,169,43264.84,7,4.0,256.0,6180.69
2024-03-20,CAMP032,meta_ads,Meta Ads - Fiat Pulse - lead_form,lead_form,Fiat,Pulse,2890,92,58634.61,7,3.18,637.33,8376.37
2024-03-20,CAMP029,google_ads,Google Ads - Ford Bronco Sport - whatsapp,whatsapp,Ford,Bronco Sport,971,38,33146.33,1,3.91,872.27,33146.33
2024-03-21,CAMP006,google_ads,Google Ads - Toyota Corolla - whatsapp,whatsapp,Toyota,Corolla,1130,14,12610.53,0,1.24,900.75,
2024-03-21,CAMP048,meta_ads,Meta Ads - Ford Kuga - whatsapp,whatsapp,Ford,Kuga,2122,92,66778.8,7,4.34,725.86,9539.83
2024-03-21,CAMP039,meta_ads,Meta Ads - Chevrolet Cruze - trafico,trafico,Chevrolet,Cruze,2047,90,50583.91,4,4.4,562.04,12645.98
2024-03-21,CAMP017,google_ads,Google Ads - Chevrolet Onix - remarketing,remarketing,Chevrolet,Onix,2453,52,65357.15,2,2.12,1256.87,32678.57
2024-03-21,CAMP056,meta_ads,Meta Ads - Renault Logan - whatsapp,whatsapp,Renault,Logan,2630,27,22026.77,0,1.03,815.81,
2024-03-21,CAMP044,meta_ads,Meta Ads - Fiat Fastback - remarketing,remarketing,Fiat,Fastback,2846,40,88788.08,3,1.41,2219.7,29596.03
2024-03-21,CAMP007,google_ads,Google Ads - Volkswagen Nivus - lead_form,lead_form,Volkswagen,Nivus,3210,97,63456.93,9,3.02,654.2,7050.77
2024-03-21,CAMP028,google_ads,Google Ads - Volkswagen Amarok - remarketing,remarketing,Volkswagen,Amarok,1688,40,27224.78,2,2.37,680.62,13612.39
2024-03-21,CAMP035,meta_ads,Meta Ads - Peugeot 3008 - whatsapp,whatsapp,Peugeot,3008,1111,13,13871.61,1,1.17,1067.05,13871.61
2024-03-21,CAMP002,google_ads,Google Ads - Peugeot Partner - whatsapp,whatsapp,Peugeot,Partner,4257,168,88262.67,12,3.95,525.37,7355.22
2024-03-22,CAMP019,google_ads,Google Ads - Renault Alaskan - trafico,trafico,Renault,Alaskan,2376,60,45679.46,4,2.53,761.32,11419.87
2024-03-22,CAMP037,meta_ads,Meta Ads - Peugeot Expert - trafico,trafico,Peugeot,Expert,1973,14,69024.13,0,0.71,4930.29,
2024-03-22,CAMP054,meta_ads,Meta Ads - Chevrolet S10 - remarketing,remarketing,Chevrolet,S10,1887,80,52041.75,8,4.24,650.52,6505.22
2024-03-22,CAMP058,meta_ads,Meta Ads - Toyota Corolla Cross - lead_form,lead_form,Toyota,Corolla Cross,5586,46,79675.47,0,0.82,1732.08,
2024-03-22,CAMP026,google_ads,Google Ads - Peugeot Partner - lead_form,lead_form,Peugeot,Partner,2483,40,56959.46,3,1.61,1423.99,18986.49
2024-03-22,CAMP004,google_ads,Google Ads - Peugeot Expert - lead_form,lead_form,Peugeot,Expert,7291,220,81352.97,18,3.02,369.79,4519.61
2024-03-22,CAMP022,google_ads,Google Ads - Toyota Hilux - lead_form,lead_form,Toyota,Hilux,2374,29,46969.38,2,1.22,1619.63,23484.69
2024-03-22,CAMP001,google_ads,Google Ads - Peugeot 208 - lead_form,lead_form,Peugeot,208,2450,63,48600.75,4,2.57,771.44,12150.19
2024-03-22,CAMP007,google_ads,Google Ads - Volkswagen Nivus - lead_form,lead_form,Volkswagen,Nivus,1989,78,65427.98,7,3.92,838.82,9346.85
2024-03-22,CAMP041,meta_ads,Meta Ads - Toyota Corolla - lead_form,lead_form,Toyota,Corolla,1524,52,48540.45,2,3.41,933.47,24270.22
2024-03-22,CAMP046,meta_ads,Meta Ads - Peugeot 208 - trafico,trafico,Peugeot,208,1332,41,44515.16,2,3.08,1085.74,22257.58
2024-03-23,CAMP052,meta_ads,Meta Ads - Volkswagen Taos - whatsapp,whatsapp,Volkswagen,Taos,5524,122,59248.42,14,2.21,485.64,4232.03
2024-03-23,CAMP055,meta_ads,Meta Ads - Toyota Corolla - trafico,trafico,Toyota,Corolla,2613,20,35684.85,0,0.77,1784.24,
2024-03-23,CAMP011,google_ads,Google Ads - Peugeot 3008 - trafico,trafico,Peugeot,3008,4575,55,80710.68,5,1.2,1467.47,16142.14
2024-03-23,CAMP040,meta_ads,Meta Ads - Volkswagen Virtus - remarketing,remarketing,Volkswagen,Virtus,9225,78,81767.68,4,0.85,1048.3,20441.92
2024-03-23,CAMP014,google_ads,Google Ads - Toyota Corolla Cross - lead_form,lead_form,Toyota,Corolla Cross,5344,78,60169.91,3,1.46,771.41,20056.64
2024-03-23,CAMP019,google_ads,Google Ads - Renault Alaskan - trafico,trafico,Renault,Alaskan,2191,17,38545.29,1,0.78,2267.37,38545.29
2024-03-23,CAMP045,meta_ads,Meta Ads - Chevrolet S10 - lead_form,lead_form,Chevrolet,S10,2720,89,32864.32,6,3.27,369.26,5477.39
2024-03-23,CAMP048,meta_ads,Meta Ads - Ford Kuga - whatsapp,whatsapp,Ford,Kuga,2372,99,64219.9,6,4.17,648.69,10703.32
2024-03-23,CAMP006,google_ads,Google Ads - Toyota Corolla - whatsapp,whatsapp,Toyota,Corolla,1551,16,47656.58,0,1.03,2978.54,
2024-03-23,CAMP043,meta_ads,Meta Ads - Chevrolet Onix - remarketing,remarketing,Chevrolet,Onix,2047,87,59624.66,8,4.25,685.34,7453.08
2024-03-23,CAMP031,meta_ads,Meta Ads - Volkswagen Polo - trafico,trafico,Volkswagen,Polo,1408,43,15273.62,4,3.05,355.2,3818.4
2024-03-23,CAMP009,google_ads,Google Ads - Volkswagen Amarok - trafico,trafico,Volkswagen,Amarok,6785,118,83056.89,7,1.74,703.87,11865.27
2024-03-23,CAMP012,google_ads,Google Ads - Ford Territory - whatsapp,whatsapp,Ford,Territory,1852,18,51459.94,1,0.97,2858.89,51459.94
2024-03-23,CAMP013,google_ads,Google Ads - Renault Logan - lead_form,lead_form,Renault,Logan,3250,127,38099.39,7,3.91,300.0,5442.77
2024-03-23,CAMP058,meta_ads,Meta Ads - Toyota Corolla Cross - lead_form,lead_form,Toyota,Corolla Cross,1544,24,44428.49,2,1.55,1851.19,22214.24
2024-03-24,CAMP019,google_ads,Google Ads - Renault Alaskan - trafico,trafico,Renault,Alaskan,849,19,24092.52,0,2.24,1268.03,
2024-03-24,CAMP033,meta_ads,Meta Ads - Volkswagen Nivus - trafico,trafico,Volkswagen,Nivus,3933,86,75372.78,5,2.19,876.43,15074.56
2024-03-24,CAMP011,google_ads,Google Ads - Peugeot 3008 - trafico,trafico,Peugeot,3008,2694,54,79365.51,0,2.0,1469.73,
2024-03-24,CAMP006,google_ads,Google Ads - Toyota Corolla - whatsapp,whatsapp,Toyota,Corolla,2856,106,23617.16,12,3.71,222.8,1968.1
2024-03-24,CAMP018,google_ads,Google Ads - Toyota SW4 - trafico,trafico,Toyota,SW4,1140,50,18821.16,1,4.39,376.42,18821.16
2024-03-24,CAMP024,google_ads,Google Ads - Peugeot Partner - whatsapp,whatsapp,Peugeot,Partner,595,18,16982.63,1,3.03,943.48,16982.63
2024-03-24,CAMP046,meta_ads,Meta Ads - Peugeot 208 - trafico,trafico,Peugeot,208,8714,266,83318.7,23,3.05,313.23,3622.55
2024-03-24,CAMP049,meta_ads,Meta Ads - Fiat Cronos - trafico,trafico,Fiat,Cronos,2914,51,64219.5,2,1.75,1259.21,32109.75
2024-03-24,CAMP027,google_ads,Google Ads - Chevrolet Tracker - whatsapp,whatsapp,Chevrolet,Tracker,2869,51,65837.12,4,1.78,1290.92,16459.28
2024-03-24,CAMP055,meta_ads,Meta Ads - Toyota Corolla - trafico,trafico,Toyota,Corolla,10208,172,83848.71,12,1.68,487.49,6987.39
2024-03-24,CAMP041,meta_ads,Meta Ads - Toyota Corolla - lead_form,lead_form,Toyota,Corolla,3149,73,84733.65,2,2.32,1160.73,42366.83
2024-03-24,CAMP043,meta_ads,Meta Ads - Chevrolet Onix - remarketing,remarketing,Chevrolet,Onix,1880,59,55075.18,5,3.14,933.48,11015.04
2024-03-24,CAMP016,google_ads,Google Ads - Renault Kangoo - remarketing,remarketing,Renault,Kangoo,2822,61,82148.51,2,2.16,1346.7,41074.26
2024-03-25,CAMP006,google_ads,Google Ads - Toyota Corolla - whatsapp,whatsapp,Toyota,Corolla,1332,24,29078.42,1,1.8,1211.6,29078.42
2024-03-25,CAMP003,google_ads,Google Ads - Volkswagen Virtus - lead_form,lead_form,Volkswagen,Virtus,7235,294,62457.95,21,4.06,212.44,2974.19
2024-03-25,CAMP035,meta_ads,Meta Ads - Peugeot 3008 - whatsapp,whatsapp,Peugeot,3008,1071,19,32634.76,1,1.77,1717.62,32634.76
2024-03-25,CAMP022,google_ads,Google Ads - Toyota Hilux - lead_form,lead_form,Toyota,Hilux,1878,72,52141.46,3,3.83,724.19,17380.49
2024-03-25,CAMP025,google_ads,Google Ads - Ford Maverick - whatsapp,whatsapp,Ford,Maverick,4612,163,52317.46,18,3.53,320.97,2906.53
2024-03-25,CAMP047,meta_ads,Meta Ads - Renault Logan - lead_form,lead_form,Renault,Logan,2032,12,47668.9,0,0.59,3972.41,
2024-03-25,CAMP055,meta_ads,Meta Ads - Toyota Corolla - trafico,trafico,Toyota,Corolla,1096,31,30847.49,2,2.83,995.08,15423.75
2024-03-25,CAMP048,meta_ads,Meta Ads - Ford Kuga - whatsapp,whatsapp,Ford,Kuga,3324,129,86336.89,5,3.88,669.28,17267.38
2024-03-25,CAMP009,google_ads,Google Ads - Volkswagen Amarok - trafico,trafico,Volkswagen,Amarok,1378,52,35839.52,3,3.77,689.22,11946.51
2024-03-25,CAMP034,meta_ads,Meta Ads - Volkswagen Amarok - remarketing,remarketing,Volkswagen,Amarok,1277,44,23243.21,1,3.45,528.25,23243.21
2024-03-25,CAMP058,meta_ads,Meta Ads - Toyota Corolla Cross - lead_form,lead_form,Toyota,Corolla Cross,4017,146,53025.66,9,3.63,363.19,5891.74
2024-03-25,CAMP019,google_ads,Google Ads - Renault Alaskan - trafico,trafico,Renault,Alaskan,1219,26,23763.88,0,2.13,914.0,
2024-03-26,CAMP057,meta_ads,Meta Ads - Toyota Hilux - lead_form,lead_form,Toyota,Hilux,3365,103,80017.15,12,3.06,776.87,6668.1
2024-03-26,CAMP009,google_ads,Google Ads - Volkswagen Amarok - trafico,trafico,Volkswagen,Amarok,1957,67,65743.39,3,3.42,981.24,21914.46
2024-03-26,CAMP031,meta_ads,Meta Ads - Volkswagen Polo - trafico,trafico,Volkswagen,Polo,1140,28,24701.74,1,2.46,882.2,24701.74
2024-03-26,CAMP014,google_ads,Google Ads - Toyota Corolla Cross - lead_form,lead_form,Toyota,Corolla Cross,4003,106,87506.48,9,2.65,825.53,9722.94
2024-03-26,CAMP029,google_ads,Google Ads - Ford Bronco Sport - whatsapp,whatsapp,Ford,Bronco Sport,5351,64,47523.73,4,1.2,742.56,11880.93
2024-03-26,CAMP005,google_ads,Google Ads - Chevrolet Cruze - lead_form,lead_form,Chevrolet,Cruze,7485,293,83892.39,7,3.91,286.32,11984.63
2024-03-26,CAMP024,google_ads,Google Ads - Peugeot Partner - whatsapp,whatsapp,Peugeot,Partner,2580,68,40827.71,1,2.64,600.41,40827.71
2024-03-26,CAMP044,meta_ads,Meta Ads - Fiat Fastback - remarketing,remarketing,Fiat,Fastback,1975,34,35784.12,0,1.72,1052.47,
2024-03-26,CAMP034,meta_ads,Meta Ads - Volkswagen Amarok - remarketing,remarketing,Volkswagen,Amarok,793,17,23143.81,1,2.14,1361.4,23143.81
2024-03-26,CAMP026,google_ads,Google Ads - Peugeot Partner - lead_form,lead_form,Peugeot,Partner,2287,30,35802.79,2,1.31,1193.43,17901.39
2024-03-26,CAMP038,meta_ads,Meta Ads - Peugeot Expert - remarketing,remarketing,Peugeot,Expert,533,4,12162.69,0,0.75,3040.67,
2024-03-26,CAMP036,meta_ads,Meta Ads - Ford Territory - whatsapp,whatsapp,Ford,Territory,3027,71,49531.76,3,2.35,697.63,16510.59
2024-03-26,CAMP052,meta_ads,Meta Ads - Volkswagen Taos - whatsapp,whatsapp,Volkswagen,Taos,1357,52,41429.84,1,3.83,796.73,41429.84
2024-03-26,CAMP051,meta_ads,Meta Ads - Renault Logan - whatsapp,whatsapp,Renault,Logan,905,32,22804.74,2,3.54,712.65,11402.37
2024-03-27,CAMP056,meta_ads,Meta Ads - Renault Logan - whatsapp,whatsapp,Renault,Logan,1632,44,30485.87,5,2.7,692.86,6097.17
2024-03-27,CAMP047,meta_ads,Meta Ads - Renault Logan - lead_form,lead_form,Renault,Logan,2953,92,82302.74,9,3.12,894.59,9144.75
2024-03-27,CAMP021,google_ads,Google Ads - Toyota Hilux - trafico,trafico,Toyota,Hilux,2895,107,67887.63,9,3.7,634.46,7543.07
2024-03-27,CAMP006,google_ads,Google Ads - Toyota Corolla - whatsapp,whatsapp,Toyota,Corolla,4969,138,56363.68,4,2.78,408.43,14090.92
2024-03-27,CAMP052,meta_ads,Meta Ads - Volkswagen Taos - whatsapp,whatsapp,Volkswagen,Taos,2583,20,60909.71,1,0.77,3045.49,60909.71
2024-03-27,CAMP040,meta_ads,Meta Ads - Volkswagen Virtus - remarketing,remarketing,Volkswagen,Virtus,1298,53,27062.03,1,4.08,510.6,27062.03
2024-03-27,CAMP043,meta_ads,Meta Ads - Chevrolet Onix - remarketing,remarketing,Chevrolet,Onix,6686,45,85940.42,4,0.67,1909.79,21485.11
2024-03-27,CAMP055,meta_ads,Meta Ads - Toyota Corolla - trafico,trafico,Toyota,Corolla,1163,47,31468.59,2,4.04,669.54,15734.3
2024-03-27,CAMP027,google_ads,Google Ads - Chevrolet Tracker - whatsapp,whatsapp,Chevrolet,Tracker,3106,67,75749.19,1,2.16,1130.58,75749.19
2024-03-27,CAMP025,google_ads,Google Ads - Ford Maverick - whatsapp,whatsapp,Ford,Maverick,9282,213,80089.73,12,2.29,376.01,6674.14
2024-03-28,CAMP021,google_ads,Google Ads - Toyota Hilux - trafico,trafico,Toyota,Hilux,6771,294,64944.45,10,4.34,220.9,6494.45
2024-03-28,CAMP025,google_ads,Google Ads - Ford Maverick - whatsapp,whatsapp,Ford,Maverick,4215,41,67650.98,1,0.97,1650.02,67650.98
2024-03-28,CAMP017,google_ads,Google Ads - Chevrolet Onix - remarketing,remarketing,Chevrolet,Onix,5457,233,81671.19,25,4.27,350.52,3266.85
2024-03-28,CAMP006,google_ads,Google Ads - Toyota Corolla - whatsapp,whatsapp,Toyota,Corolla,1109,32,16049.7,1,2.89,501.55,16049.7
2024-03-28,CAMP008,google_ads,Google Ads - Chevrolet Tracker - remarketing,remarketing,Chevrolet,Tracker,2390,102,51682.79,4,4.27,506.69,12920.7
2024-03-28,CAMP007,google_ads,Google Ads - Volkswagen Nivus - lead_form,lead_form,Volkswagen,Nivus,1606,13,36837.61,0,0.81,2833.66,
2024-03-28,CAMP035,meta_ads,Meta Ads - Peugeot 3008 - whatsapp,whatsapp,Peugeot,3008,1880,12,61428.5,0,0.64,5119.04,
2024-03-28,CAMP011,google_ads,Google Ads - Peugeot 3008 - trafico,trafico,Peugeot,3008,5375,192,57733.01,16,3.57,300.69,3608.31
2024-03-28,CAMP019,google_ads,Google Ads - Renault Alaskan - trafico,trafico,Renault,Alaskan,933,21,21798.92,2,2.25,1038.04,10899.46
2024-03-28,CAMP010,google_ads,Google Ads - Renault Kangoo - whatsapp,whatsapp,Renault,Kangoo,1751,20,51043.93,1,1.14,2552.2,51043.93
2024-03-28,CAMP012,google_ads,Google Ads - Ford Territory - whatsapp,whatsapp,Ford,Territory,1718,74,25123.71,8,4.31,339.51,3140.46
2024-03-28,CAMP058,meta_ads,Meta Ads - Toyota Corolla Cross - lead_form,lead_form,Toyota,Corolla Cross,6059,228,55312.94,26,3.76,242.6,2127.42
2024-03-28,CAMP057,meta_ads,Meta Ads - Toyota Hilux - lead_form,lead_form,Toyota,Hilux,2357,29,60429.02,0,1.23,2083.76,
2024-03-28,CAMP051,meta_ads,Meta Ads - Renault Logan - whatsapp,whatsapp,Renault,Logan,5456,86,83918.02,7,1.58,975.79,11988.29
2024-03-28,CAMP020,google_ads,Google Ads - Chevrolet Tracker - lead_form,lead_form,Chevrolet,Tracker,2925,41,89958.85,4,1.4,2194.12,22489.71
2024-03-28,CAMP027,google_ads,Google Ads - Chevrolet Tracker - whatsapp,whatsapp,Chevrolet,Tracker,2747,73,33949.07,1,2.66,465.06,33949.07
2024-03-29,CAMP026,google_ads,Google Ads - Peugeot Partner - lead_form,lead_form,Peugeot,Partner,1315,49,28446.31,5,3.73,580.54,5689.26
2024-03-29,CAMP045,meta_ads,Meta Ads - Chevrolet S10 - lead_form,lead_form,Chevrolet,S10,3409,150,85741.86,13,4.4,571.61,6595.53
2024-03-29,CAMP008,google_ads,Google Ads - Chevrolet Tracker - remarketing,remarketing,Chevrolet,Tracker,1286,23,33295.02,0,1.79,1447.61,
2024-03-29,CAMP054,meta_ads,Meta Ads - Chevrolet S10 - remarketing,remarketing,Chevrolet,S10,5145,214,86801.43,6,4.16,405.61,14466.9
2024-03-29,CAMP009,google_ads,Google Ads - Volkswagen Amarok - trafico,trafico,Volkswagen,Amarok,3434,21,83936.11,0,0.61,3996.96,
2024-03-29,CAMP047,meta_ads,Meta Ads - Renault Logan - lead_form,lead_form,Renault,Logan,1109,36,25535.81,2,3.25,709.33,12767.9
2024-03-29,CAMP036,meta_ads,Meta Ads - Ford Territory - whatsapp,whatsapp,Ford,Territory,4183,168,42637.7,14,4.02,253.8,3045.55
2024-03-29,CAMP018,google_ads,Google Ads - Toyota SW4 - trafico,trafico,Toyota,SW4,1682,63,54014.65,3,3.75,857.38,18004.88
2024-03-29,CAMP028,google_ads,Google Ads - Volkswagen Amarok - remarketing,remarketing,Volkswagen,Amarok,631,13,21626.42,1,2.06,1663.57,21626.42
2024-03-30,CAMP012,google_ads,Google Ads - Ford Territory - whatsapp,whatsapp,Ford,Territory,2732,91,72081.88,3,3.33,792.11,24027.29
2024-03-30,CAMP054,meta_ads,Meta Ads - Chevrolet S10 - remarketing,remarketing,Chevrolet,S10,3080,115,76653.61,4,3.73,666.55,19163.4
2024-03-30,CAMP050,meta_ads,Meta Ads - Chevrolet Tracker - lead_form,lead_form,Chevrolet,Tracker,2626,19,89599.13,1,0.72,4715.74,89599.13
2024-03-30,CAMP052,meta_ads,Meta Ads - Volkswagen Taos - whatsapp,whatsapp,Volkswagen,Taos,2782,17,67785.62,2,0.61,3987.39,33892.81
2024-03-30,CAMP045,meta_ads,Meta Ads - Chevrolet S10 - lead_form,lead_form,Chevrolet,S10,5693,95,62601.39,6,1.67,658.96,10433.57
2024-03-30,CAMP001,google_ads,Google Ads - Peugeot 208 - lead_form,lead_form,Peugeot,208,1936,67,25626.08,5,3.46,382.48,5125.22
2024-03-30,CAMP008,google_ads,Google Ads - Chevrolet Tracker - remarketing,remarketing,Chevrolet,Tracker,4694,135,59799.27,12,2.88,442.96,4983.27
2024-03-30,CAMP030,google_ads,Google Ads - Peugeot Partner - lead_form,lead_form,Peugeot,Partner,669,26,22224.83,2,3.89,854.8,11112.41
2024-03-30,CAMP024,google_ads,Google Ads - Peugeot Partner - whatsapp,whatsapp,Peugeot,Partner,4527,176,69749.22,3,3.89,396.3,23249.74
2024-03-30,CAMP013,google_ads,Google Ads - Renault Logan - lead_form,lead_form,Renault,Logan,3375,101,88784.63,8,2.99,879.06,11098.08
2024-03-30,CAMP029,google_ads,Google Ads - Ford Bronco Sport - whatsapp,whatsapp,Ford,Bronco Sport,10174,230,81933.42,19,2.26,356.23,4312.29
2024-03-30,CAMP055,meta_ads,Meta Ads - Toyota Corolla - trafico,trafico,Toyota,Corolla,2045,38,63517.47,3,1.86,1671.51,21172.49
2024-03-30,CAMP015,google_ads,Google Ads - Ford Maverick - trafico,trafico,Ford,Maverick,3925,102,44304.89,6,2.6,434.36,7384.15
2024-03-30,CAMP002,google_ads,Google Ads - Peugeot Partner - whatsapp,whatsapp,Peugeot,Partner,5780,197,53026.54,3,3.41,269.17,17675.51
2024-03-31,CAMP035,meta_ads,Meta Ads - Peugeot 3008 - whatsapp,whatsapp,Peugeot,3008,2676,36,87694.96,1,1.35,2435.97,87694.96
2024-03-31,CAMP029,google_ads,Google Ads - Ford Bronco Sport - whatsapp,whatsapp,Ford,Bronco Sport,686,4,17094.52,0,0.58,4273.63,
2024-03-31,CAMP021,google_ads,Google Ads - Toyota Hilux - trafico,trafico,Toyota,Hilux,475,20,14032.0,2,4.21,701.6,7016.0
2024-03-31,CAMP001,google_ads,Google Ads - Peugeot 208 - lead_form,lead_form,Peugeot,208,1521,66,31634.55,6,4.34,479.31,5272.42
2024-03-31,CAMP026,google_ads,Google Ads - Peugeot Partner - lead_form,lead_form,Peugeot,Partner,3492,53,76954.83,1,1.52,1451.98,76954.83
2024-03-31,CAMP013,google_ads,Google Ads - Renault Logan - lead_form,lead_form,Renault,Logan,2997,29,59467.54,1,0.97,2050.6,59467.54
2024-03-31,CAMP022,google_ads,Google Ads - Toyota Hilux - lead_form,lead_form,Toyota,Hilux,640,26,21984.25,1,4.06,845.55,21984.25
2024-03-31,CAMP006,google_ads,Google Ads - Toyota Corolla - whatsapp,whatsapp,Toyota,Corolla,3082,112,82354.79,2,3.63,735.31,41177.4
2024-03-31,CAMP037,meta_ads,Meta Ads - Peugeot Expert - trafico,trafico,Peugeot,Expert,7958,237,75436.48,14,2.98,318.3,5388.32
2024-03-31,CAMP002,google_ads,Google Ads - Peugeot Partner - whatsapp,whatsapp,Peugeot,Partner,2121,17,20169.9,1,0.8,1186.46,20169.9
2024-03-31,CAMP048,meta_ads,Meta Ads - Ford Kuga - whatsapp,whatsapp,Ford,Kuga,1776,39,43825.26,4,2.2,1123.72,10956.31
2024-03-31,CAMP015,google_ads,Google Ads - Ford Maverick - trafico,trafico,Ford,Maverick,2988,70,74260.06,4,2.34,1060.86,18565.01
2024-03-31,CAMP045,meta_ads,Meta Ads - Chevrolet S10 - lead_form,lead_form,Chevrolet,S10,1855,18,45909.72,1,0.97,2550.54,45909.72
2024-03-31,CAMP028,google_ads,Google Ads - Volkswagen Amarok - remarketing,remarketing,Volkswagen,Amarok,7521,196,65448.24,15,2.61,333.92,4363.22
2024-04-01,CAMP007,google_ads,Google Ads - Volkswagen Nivus - lead_form,lead_form,Volkswagen,Nivus,1003,19,21826.57,1,1.89,1148.77,21826.57
2024-04-01,CAMP001,google_ads,Google Ads - Peugeot 208 - lead_form,lead_form,Peugeot,208,4641,52,60426.37,1,1.12,1162.05,60426.37
2024-04-01,CAMP039,meta_ads,Meta Ads - Chevrolet Cruze - trafico,trafico,Chevrolet,Cruze,923,24,21959.1,2,2.6,914.96,10979.55
2024-04-01,CAMP046,meta_ads,Meta Ads - Peugeot 208 - trafico,trafico,Peugeot,208,1679,45,39904.0,1,2.68,886.76,39904.0
2024-04-01,CAMP005,google_ads,Google Ads - Chevrolet Cruze - lead_form,lead_form,Chevrolet,Cruze,2001,34,48622.85,3,1.7,1430.08,16207.62
2024-04-01,CAMP038,meta_ads,Meta Ads - Peugeot Expert - remarketing,remarketing,Peugeot,Expert,2033,23,52379.09,0,1.13,2277.35,
2024-04-01,CAMP051,meta_ads,Meta Ads - Renault Logan - whatsapp,whatsapp,Renault,Logan,3284,26,75896.34,1,0.79,2919.09,75896.34
2024-04-01,CAMP013,google_ads,Google Ads - Renault Logan - lead_form,lead_form,Renault,Logan,3485,48,88167.84,1,1.38,1836.83,88167.84
2024-04-01,CAMP037,meta_ads,Meta Ads - Peugeot Expert - trafico,trafico,Peugeot,Expert,1284,42,26769.73,2,3.27,637.37,13384.87
2024-04-02,CAMP055,meta_ads,Meta Ads - Toyota Corolla - trafico,trafico,Toyota,Corolla,3594,52,29113.66,2,1.45,559.88,14556.83
2024-04-02,CAMP038,meta_ads,Meta Ads - Peugeot Expert - remarketing,remarketing,Peugeot,Expert,4197,145,60665.76,16,3.45,418.38,3791.61
2024-04-02,CAMP037,meta_ads,Meta Ads - Peugeot Expert - trafico,trafico,Peugeot,Expert,1352,18,37858.18,0,1.33,2103.23,
2024-04-02,CAMP022,google_ads,Google Ads - Toyota Hilux - lead_form,lead_form,Toyota,Hilux,5012,44,89210.49,0,0.88,2027.51,
2024-04-02,CAMP040,meta_ads,Meta Ads - Volkswagen Virtus - remarketing,remarketing,Volkswagen,Virtus,1324,17,20984.76,1,1.28,1234.4,20984.76
2024-04-02,CAMP020,google_ads,Google Ads - Chevrolet Tracker - lead_form,lead_form,Chevrolet,Tracker,7807,55,71711.55,1,0.7,1303.85,71711.55
2024-04-02,CAMP027,google_ads,Google Ads - Chevrolet Tracker - whatsapp,whatsapp,Chevrolet,Tracker,801,27,25583.44,1,3.37,947.53,25583.44
2024-04-02,CAMP057,meta_ads,Meta Ads - Toyota Hilux - lead_form,lead_form,Toyota,Hilux,4309,29,55251.39,3,0.67,1905.22,18417.13
2024-04-02,CAMP011,google_ads,Google Ads - Peugeot 3008 - trafico,trafico,Peugeot,3008,9692,314,83030.62,17,3.24,264.43,4884.15
2024-04-02,CAMP007,google_ads,Google Ads - Volkswagen Nivus - lead_form,lead_form,Volkswagen,Nivus,6676,283,73418.3,13,4.24,259.43,5647.56
2024-04-02,CAMP030,google_ads,Google Ads - Peugeot Partner - lead_form,lead_form,Peugeot,Partner,1029,32,30731.69,3,3.11,960.37,10243.9
2024-04-02,CAMP003,google_ads,Google Ads - Volkswagen Virtus - lead_form,lead_form,Volkswagen,Virtus,2524,101,88213.94,10,4.0,873.41,8821.39
2024-04-02,CAMP032,meta_ads,Meta Ads - Fiat Pulse - lead_form,lead_form,Fiat,Pulse,1436,60,17099.45,5,4.18,284.99,3419.89
2024-04-03,CAMP035,meta_ads,Meta Ads - Peugeot 3008 - whatsapp,whatsapp,Peugeot,3008,4633,124,60722.75,12,2.68,489.7,5060.23
2024-04-03,CAMP025,google_ads,Google Ads - Ford Maverick - whatsapp,whatsapp,Ford,Maverick,4024,149,37979.75,15,3.7,254.9,2531.98
2024-04-03,CAMP045,meta_ads,Meta Ads - Chevrolet S10 - lead_form,lead_form,Chevrolet,S10,2322,94,79295.48,3,4.05,843.57,26431.83
2024-04-03,CAMP024,google_ads,Google Ads - Peugeot Partner - whatsapp,whatsapp,Peugeot,Partner,896,28,18555.32,0,3.12,662.69,
2024-04-03,CAMP021,google_ads,Google Ads - Toyota Hilux - trafico,trafico,Toyota,Hilux,1847,57,52250.6,3,3.09,916.68,17416.87
2024-04-03,CAMP039,meta_ads,Meta Ads - Chevrolet Cruze - trafico,trafico,Chevrolet,Cruze,2505,46,51459.81,2,1.84,1118.69,25729.91
2024-04-03,CAMP028,google_ads,Google Ads - Volkswagen Amarok - remarketing,remarketing,Volkswagen,Amarok,2448,61,66912.88,2,2.49,1096.93,33456.44
2024-04-03,CAMP041,meta_ads,Meta Ads - Toyota Corolla - lead_form,lead_form,Toyota,Corolla,1331,38,43758.46,0,2.85,1151.54,
2024-04-03,CAMP016,google_ads,Google Ads - Renault Kangoo - remarketing,remarketing,Renault,Kangoo,2184,86,29449.23,4,3.94,342.43,7362.31
2024-04-03,CAMP003,google_ads,Google Ads - Volkswagen Virtus - lead_form,lead_form,Volkswagen,Virtus,1133,32,36269.65,3,2.82,1133.43,12089.88
2024-04-03,CAMP049,meta_ads,Meta Ads - Fiat Cronos - trafico,trafico,Fiat,Cronos,1821,20,41641.59,0,1.1,2082.08,
2024-04-04,CAMP034,meta_ads,Meta Ads - Volkswagen Amarok - remarketing,remarketing,Volkswagen,Amarok,4565,95,75603.51,3,2.08,795.83,25201.17
2024-04-04,CAMP023,google_ads,Google Ads - Fiat Pulse - remarketing,remarketing,Fiat,Pulse,1202,24,30580.34,0,2.0,1274.18,
2024-04-04,CAMP015,google_ads,Google Ads - Ford Maverick - trafico,trafico,Ford,Maverick,3598,111,78609.11,10,3.09,708.19,7860.91
2024-04-04,CAMP038,meta_ads,Meta Ads - Peugeot Expert - remarketing,remarketing,Peugeot,Expert,7998,70,85236.0,1,0.88,1217.66,85236.0
2024-04-04,CAMP003,google_ads,Google Ads - Volkswagen Virtus - lead_form,lead_form,Volkswagen,Virtus,2099,39,27938.83,1,1.86,716.38,27938.83
2024-04-04,CAMP030,google_ads,Google Ads - Peugeot Partner - lead_form,lead_form,Peugeot,Partner,2890,48,76476.05,4,1.66,1593.25,19119.01
2024-04-04,CAMP033,meta_ads,Meta Ads - Volkswagen Nivus - trafico,trafico,Volkswagen,Nivus,2599,91,90867.88,8,3.5,998.55,11358.49
2024-04-04,CAMP040,meta_ads,Meta Ads - Volkswagen Virtus - remarketing,remarketing,Volkswagen,Virtus,10219,180,84113.93,18,1.76,467.3,4673.0
2024-04-04,CAMP022,google_ads,Google Ads - Toyota Hilux - lead_form,lead_form,Toyota,Hilux,3910,85,73917.16,6,2.17,869.61,12319.53
2024-04-04,CAMP028,google_ads,Google Ads - Volkswagen Amarok - remarketing,remarketing,Volkswagen,Amarok,3077,79,63833.56,7,2.57,808.02,9119.08
2024-04-04,CAMP029,google_ads,Google Ads - Ford Bronco Sport - whatsapp,whatsapp,Ford,Bronco Sport,1276,18,23913.47,1,1.41,1328.53,23913.47
2024-04-04,CAMP055,meta_ads,Meta Ads - Toyota Corolla - trafico,trafico,Toyota,Corolla,2260,82,49564.85,7,3.63,604.45,7080.69
2024-04-04,CAMP051,meta_ads,Meta Ads - Renault Logan - whatsapp,whatsapp,Renault,Logan,3379,124,69135.06,5,3.67,557.54,13827.01
2024-04-04,CAMP027,google_ads,Google Ads - Chevrolet Tracker - whatsapp,whatsapp,Chevrolet,Tracker,936,31,26955.86,1,3.31,869.54,26955.86
2024-04-04,CAMP024,google_ads,Google Ads - Peugeot Partner - whatsapp,whatsapp,Peugeot,Partner,2064,42,47634.73,3,2.03,1134.16,15878.24
2024-04-05,CAMP020,google_ads,Google Ads - Chevrolet Tracker - lead_form,lead_form,Chevrolet,Tracker,1703,37,45176.18,3,2.17,1220.98,15058.73
2024-04-05,CAMP048,meta_ads,Meta Ads - Ford Kuga - whatsapp,whatsapp,Ford,Kuga,3244,22,54515.59,2,0.68,2477.98,27257.8
2024-04-05,CAMP001,google_ads,Google Ads - Peugeot 208 - lead_form,lead_form,Peugeot,208,6982,301,84833.66,14,4.31,281.84,6059.55
2024-04-05,CAMP032,meta_ads,Meta Ads - Fiat Pulse - lead_form,lead_form,Fiat,Pulse,2544,75,61787.64,7,2.95,823.84,8826.81
2024-04-05,CAMP052,meta_ads,Meta Ads - Volkswagen Taos - whatsapp,whatsapp,Volkswagen,Taos,6616,140,89408.72,9,2.12,638.63,9934.3
2024-04-05,CAMP043,meta_ads,Meta Ads - Chevrolet Onix - remarketing,remarketing,Chevrolet,Onix,2467,69,26978.67,4,2.8,391.0,6744.67
2024-04-05,CAMP054,meta_ads,Meta Ads - Chevrolet S10 - remarketing,remarketing,Chevrolet,S10,7860,79,82673.35,5,1.01,1046.5,16534.67
2024-04-05,CAMP023,google_ads,Google Ads - Fiat Pulse - remarketing,remarketing,Fiat,Pulse,550,13,14657.22,0,2.36,1127.48,
2024-04-05,CAMP022,google_ads,Google Ads - Toyota Hilux - lead_form,lead_form,Toyota,Hilux,517,8,17608.44,0,1.55,2201.06,
2024-04-05,CAMP015,google_ads,Google Ads - Ford Maverick - trafico,trafico,Ford,Maverick,6484,53,64131.67,3,0.82,1210.03,21377.22
2024-04-06,CAMP021,google_ads,Google Ads - Toyota Hilux - trafico,trafico,Toyota,Hilux,3830,157,70874.68,5,4.1,451.43,14174.94
2024-04-06,CAMP056,meta_ads,Meta Ads - Renault Logan - whatsapp,whatsapp,Renault,Logan,4946,187,80933.66,15,3.78,432.8,5395.58
2024-04-06,CAMP027,google_ads,Google Ads - Chevrolet Tracker - whatsapp,whatsapp,Chevrolet,Tracker,1049,18,24701.94,0,1.72,1372.33,
2024-04-06,CAMP026,google_ads,Google Ads - Peugeot Partner - lead_form,lead_form,Peugeot,Partner,3373,46,68791.03,5,1.36,1495.46,13758.21
2024-04-06,CAMP011,google_ads,Google Ads - Peugeot 3008 - trafico,trafico,Peugeot,3008,1565,46,47375.04,1,2.94,1029.89,47375.04
2024-04-06,CAMP008,google_ads,Google Ads - Chevrolet Tracker - remarketing,remarketing,Chevrolet,Tracker,1632,41,38143.03,2,2.51,930.32,19071.52
2024-04-06,CAMP009,google_ads,Google Ads - Volkswagen Amarok - trafico,trafico,Volkswagen,Amarok,1457,45,15244.25,5,3.09,338.76,3048.85
2024-04-06,CAMP035,meta_ads,Meta Ads - Peugeot 3008 - whatsapp,whatsapp,Peugeot,3008,1286,47,39556.62,2,3.65,841.63,19778.31
2024-04-06,CAMP058,meta_ads,Meta Ads - Toyota Corolla Cross - lead_form,lead_form,Toyota,Corolla Cross,2495,55,77218.47,1,2.2,1403.97,77218.47
2024-04-06,CAMP031,meta_ads,Meta Ads - Volkswagen Polo - trafico,trafico,Volkswagen,Polo,3100,65,60965.83,5,2.1,937.94,12193.17
2024-04-07,CAMP026,google_ads,Google Ads - Peugeot Partner - lead_form,lead_form,Peugeot,Partner,1061,35,34767.39,3,3.3,993.35,11589.13
2024-04-07,CAMP045,meta_ads,Meta Ads - Chevrolet S10 - lead_form,lead_form,Chevrolet,S10,1357,60,28945.88,4,4.42,482.43,7236.47
2024-04-07,CAMP003,google_ads,Google Ads - Volkswagen Virtus - lead_form,lead_form,Volkswagen,Virtus,8904,89,89634.68,8,1.0,1007.13,11204.33
2024-04-07,CAMP016,google_ads,Google Ads - Renault Kangoo - remarketing,remarketing,Renault,Kangoo,1855,29,37429.02,1,1.56,1290.66,37429.02
2024-04-07,CAMP056,meta_ads,Meta Ads - Renault Logan - whatsapp,whatsapp,Renault,Logan,4816,159,48049.06,14,3.3,302.2,3432.08
2024-04-07,CAMP011,google_ads,Google Ads - Peugeot 3008 - trafico,trafico,Peugeot,3008,1482,58,41730.13,3,3.91,719.49,13910.04
2024-04-07,CAMP018,google_ads,Google Ads - Toyota SW4 - trafico,trafico,Toyota,SW4,1156,48,12837.51,2,4.15,267.45,6418.76
2024-04-07,CAMP041,meta_ads,Meta Ads - Toyota Corolla - lead_form,lead_form,Toyota,Corolla,3338,28,70396.73,2,0.84,2514.17,35198.37
2024-04-07,CAMP035,meta_ads,Meta Ads - Peugeot 3008 - whatsapp,whatsapp,Peugeot,3008,918,10,30898.9,1,1.09,3089.89,30898.9
2024-04-08,CAMP011,google_ads,Google Ads - Peugeot 3008 - trafico,trafico,Peugeot,3008,4215,150,42554.24,12,3.56,283.69,3546.19
2024-04-08,CAMP054,meta_ads,Meta Ads - Chevrolet S10 - remarketing,remarketing,Chevrolet,S10,1358,19,24011.08,0,1.4,1263.74,
2024-04-08,CAMP002,google_ads,Google Ads - Peugeot Partner - whatsapp,whatsapp,Peugeot,Partner,4680,155,64756.89,15,3.31,417.79,4317.13
2024-04-08,CAMP039,meta_ads,Meta Ads - Chevrolet Cruze - trafico,trafico,Chevrolet,Cruze,2980,101,75418.4,11,3.39,746.72,6856.22
2024-04-08,CAMP007,google_ads,Google Ads - Volkswagen Nivus - lead_form,lead_form,Volkswagen,Nivus,2605,20,42536.18,0,0.77,2126.81,
2024-04-08,CAMP012,google_ads,Google Ads - Ford Territory - whatsapp,whatsapp,Ford,Territory,2520,106,72363.55,5,4.21,682.68,14472.71
2024-04-08,CAMP019,google_ads,Google Ads - Renault Alaskan - trafico,trafico,Renault,Alaskan,2928,65,30655.12,7,2.22,471.62,4379.3
2024-04-08,CAMP008,google_ads,Google Ads - Chevrolet Tracker - remarketing,remarketing,Chevrolet,Tracker,2908,93,38356.37,3,3.2,412.43,12785.46
2024-04-08,CAMP035,meta_ads,Meta Ads - Peugeot 3008 - whatsapp,whatsapp,Peugeot,3008,2742,105,80947.62,3,3.83,770.93,26982.54
2024-04-08,CAMP048,meta_ads,Meta Ads - Ford Kuga - whatsapp,whatsapp,Ford,Kuga,1304,13,25069.73,0,1.0,1928.44,
2024-04-09,CAMP041,meta_ads,Meta Ads - Toyota Corolla - lead_form,lead_form,Toyota,Corolla,7652,109,63691.96,4,1.42,584.33,15922.99
2024-04-09,CAMP013,google_ads,Google Ads - Renault Logan - lead_form,lead_form,Renault,Logan,4124,125,64004.88,2,3.03,512.04,32002.44
2024-04-09,CAMP040,meta_ads,Meta Ads - Volkswagen Virtus - remarketing,remarketing,Volkswagen,Virtus,4290,154,81941.4,10,3.59,532.09,8194.14
2024-04-09,CAMP014,google_ads,Google Ads - Toyota Corolla Cross - lead_form,lead_form,Toyota,Corolla Cross,3312,122,90220.97,13,3.68,739.52,6940.07
2024-04-09,CAMP035,meta_ads,Meta Ads - Peugeot 3008 - whatsapp,whatsapp,Peugeot,3008,3851,37,57007.09,1,0.96,1540.73,57007.09
2024-04-09,CAMP026,google_ads,Google Ads - Peugeot Partner - lead_form,lead_form,Peugeot,Partner,3345,140,61869.21,13,4.19,441.92,4759.17
2024-04-09,CAMP028,google_ads,Google Ads - Volkswagen Amarok - remarketing,remarketing,Volkswagen,Amarok,1775,63,22610.23,5,3.55,358.89,4522.05
2024-04-09,CAMP008,google_ads,Google Ads - Chevrolet Tracker - remarketing,remarketing,Chevrolet,Tracker,3433,29,89239.16,0,0.84,3077.21,
2024-04-09,CAMP015,google_ads,Google Ads - Ford Maverick - trafico,trafico,Ford,Maverick,4176,108,84042.01,10,2.59,778.17,8404.2
2024-04-09,CAMP057,meta_ads,Meta Ads - Toyota Hilux - lead_form,lead_form,Toyota,Hilux,1917,12,51820.44,0,0.63,4318.37,
2024-04-09,CAMP007,google_ads,Google Ads - Volkswagen Nivus - lead_form,lead_form,Volkswagen,Nivus,6340,96,71966.33,5,1.51,749.65,14393.27
2024-04-09,CAMP023,google_ads,Google Ads - Fiat Pulse - remarketing,remarketing,Fiat,Pulse,3088,35,31331.33,2,1.13,895.18,15665.66
2024-04-09,CAMP021,google_ads,Google Ads - Toyota Hilux - trafico,trafico,Toyota,Hilux,1546,47,28056.69,1,3.04,596.95,28056.69
2024-04-09,CAMP012,google_ads,Google Ads - Ford Territory - whatsapp,whatsapp,Ford,Territory,1998,46,69314.66,4,2.3,1506.84,17328.66
2024-04-09,CAMP001,google_ads,Google Ads - Peugeot 208 - lead_form,lead_form,Peugeot,208,1370,50,22715.53,0,3.65,454.31,
2024-04-09,CAMP055,meta_ads,Meta Ads - Toyota Corolla - trafico,trafico,Toyota,Corolla,3882,146,74555.42,13,3.76,510.65,5735.03
2024-04-10,CAMP055,meta_ads,Meta Ads - Toyota Corolla - trafico,trafico,Toyota,Corolla,4734,189,66309.69,13,3.99,350.84,5100.75
2024-04-10,CAMP047,meta_ads,Meta Ads - Renault Logan - lead_form,lead_form,Renault,Logan,1052,8,26316.55,0,0.76,3289.57,
2024-04-10,CAMP022,google_ads,Google Ads - Toyota Hilux - lead_form,lead_form,Toyota,Hilux,9183,410,86385.57,46,4.46,210.7,1877.95
2024-04-10,CAMP058,meta_ads,Meta Ads - Toyota Corolla Cross - lead_form,lead_form,Toyota,Corolla Cross,1717,47,21793.76,4,2.74,463.7,5448.44
2024-04-10,CAMP016,google_ads,Google Ads - Renault Kangoo - remarketing,remarketing,Renault,Kangoo,1287,29,27941.12,1,2.25,963.49,27941.12
2024-04-10,CAMP014,google_ads,Google Ads - Toyota Corolla Cross - lead_form,lead_form,Toyota,Corolla Cross,1860,41,24804.39,3,2.2,604.99,8268.13
2024-04-10,CAMP035,meta_ads,Meta Ads - Peugeot 3008 - whatsapp,whatsapp,Peugeot,3008,1512,66,35641.86,2,4.37,540.03,17820.93
2024-04-10,CAMP004,google_ads,Google Ads - Peugeot Expert - lead_form,lead_form,Peugeot,Expert,3776,162,79269.19,8,4.29,489.32,9908.65
2024-04-10,CAMP043,meta_ads,Meta Ads - Chevrolet Onix - remarketing,remarketing,Chevrolet,Onix,2002,45,41461.96,3,2.25,921.38,13820.65
2024-04-10,CAMP056,meta_ads,Meta Ads - Renault Logan - whatsapp,whatsapp,Renault,Logan,3752,162,45807.58,10,4.32,282.76,4580.76
2024-04-10,CAMP044,meta_ads,Meta Ads - Fiat Fastback - remarketing,remarketing,Fiat,Fastback,3655,33,71430.49,3,0.9,2164.56,23810.16
2024-04-11,CAMP039,meta_ads,Meta Ads - Chevrolet Cruze - trafico,trafico,Chevrolet,Cruze,1693,14,41261.46,0,0.83,2947.25,
2024-04-11,CAMP035,meta_ads,Meta Ads - Peugeot 3008 - whatsapp,whatsapp,Peugeot,3008,3991,53,48602.16,0,1.33,917.02,
2024-04-11,CAMP010,google_ads,Google Ads - Renault Kangoo - whatsapp,whatsapp,Renault,Kangoo,1850,46,51054.59,5,2.49,1109.88,10210.92
2024-04-11,CAMP036,meta_ads,Meta Ads - Ford Territory - whatsapp,whatsapp,Ford,Territory,2495,51,85342.23,3,2.04,1673.38,28447.41
2024-04-11,CAMP047,meta_ads,Meta Ads - Renault Logan - lead_form,lead_form,Renault,Logan,2595,56,62001.8,1,2.16,1107.18,62001.8
2024-04-11,CAMP012,google_ads,Google Ads - Ford Territory - whatsapp,whatsapp,Ford,Territory,4561,127,83885.05,4,2.78,660.51,20971.26
2024-04-11,CAMP017,google_ads,Google Ads - Chevrolet Onix - remarketing,remarketing,Chevrolet,Onix,3091,128,46031.24,11,4.14,359.62,4184.66
2024-04-11,CAMP025,google_ads,Google Ads - Ford Maverick - whatsapp,whatsapp,Ford,Maverick,2441,80,51749.45,7,3.28,646.87,7392.78
2024-04-11,CAMP030,google_ads,Google Ads - Peugeot Partner - lead_form,lead_form,Peugeot,Partner,1901,65,62770.69,2,3.42,965.7,31385.35
2024-04-11,CAMP020,google_ads,Google Ads - Chevrolet Tracker - lead_form,lead_form,Chevrolet,Tracker,490,14,14691.59,1,2.86,1049.4,14691.59
2024-04-11,CAMP052,meta_ads,Meta Ads - Volkswagen Taos - whatsapp,whatsapp,Volkswagen,Taos,2611,42,66402.77,2,1.61,1581.02,33201.39
2024-04-11,CAMP019,google_ads,Google Ads - Renault Alaskan - trafico,trafico,Renault,Alaskan,4380,129,65123.19,14,2.95,504.83,4651.66
2024-04-12,CAMP001,google_ads,Google Ads - Peugeot 208 - lead_form,lead_form,Peugeot,208,8786,364,89355.9,38,4.14,245.48,2351.47
2024-04-12,CAMP008,google_ads,Google Ads - Chevrolet Tracker - remarketing,remarketing,Chevrolet,Tracker,1296,42,25323.22,2,3.24,602.93,12661.61
2024-04-12,CAMP050,meta_ads,Meta Ads - Chevrolet Tracker - lead_form,lead_form,Chevrolet,Tracker,1704,49,54425.7,4,2.88,1110.73,13606.43
2024-04-12,CAMP006,google_ads,Google Ads - Toyota Corolla - whatsapp,whatsapp,Toyota,Corolla,2178,86,71794.85,2,3.95,834.82,35897.43
2024-04-12,CAMP042,meta_ads,Meta Ads - Volkswagen Virtus - remarketing,remarketing,Volkswagen,Virtus,1948,73,57547.67,3,3.75,788.32,19182.56
2024-04-12,CAMP046,meta_ads,Meta Ads - Peugeot 208 - trafico,trafico,Peugeot,208,1020,33,28785.14,0,3.24,872.28,
2024-04-12,CAMP025,google_ads,Google Ads - Ford Maverick - whatsapp,whatsapp,Ford,Maverick,1199,11,25527.21,1,0.92,2320.66,25527.21
2024-04-12,CAMP026,google_ads,Google Ads - Peugeot Partner - lead_form,lead_form,Peugeot,Partner,2351,40,45287.12,2,1.7,1132.18,22643.56
2024-04-12,CAMP055,meta_ads,Meta Ads - Toyota Corolla - trafico,trafico,Toyota,Corolla,2007,22,26161.15,1,1.1,1189.14,26161.15
2024-04-12,CAMP038,meta_ads,Meta Ads - Peugeot Expert - remarketing,remarketing,Peugeot,Expert,4737,133,52002.65,4,2.81,391.0,13000.66
2024-04-13,CAMP004,google_ads,Google Ads - Peugeot Expert - lead_form,lead_form,Peugeot,Expert,820,7,20652.66,0,0.85,2950.38,
2024-04-13,CAMP048,meta_ads,Meta Ads - Ford Kuga - whatsapp,whatsapp,Ford,Kuga,2246,16,21868.55,0,0.71,1366.78,
2024-04-13,CAMP012,google_ads,Google Ads - Ford Territory - whatsapp,whatsapp,Ford,Territory,1758,11,50174.14,0,0.63,4561.29,
2024-04-13,CAMP052,meta_ads,Meta Ads - Volkswagen Taos - whatsapp,whatsapp,Volkswagen,Taos,3353,123,87077.62,2,3.67,707.95,43538.81
2024-04-13,CAMP049,meta_ads,Meta Ads - Fiat Cronos - trafico,trafico,Fiat,Cronos,975,20,28651.19,1,2.05,1432.56,28651.19
2024-04-13,CAMP013,google_ads,Google Ads - Renault Logan - lead_form,lead_form,Renault,Logan,5772,144,87614.98,13,2.49,608.44,6739.61
2024-04-13,CAMP017,google_ads,Google Ads - Chevrolet Onix - remarketing,remarketing,Chevrolet,Onix,3484,113,59531.31,5,3.24,526.83,11906.26
2024-04-13,CAMP027,google_ads,Google Ads - Chevrolet Tracker - whatsapp,whatsapp,Chevrolet,Tracker,2545,51,36828.93,2,2.0,722.14,18414.47
2024-04-13,CAMP029,google_ads,Google Ads - Ford Bronco Sport - whatsapp,whatsapp,Ford,Bronco Sport,1748,70,60036.75,6,4.0,857.67,10006.13
2024-04-13,CAMP041,meta_ads,Meta Ads - Toyota Corolla - lead_form,lead_form,Toyota,Corolla,391,8,12321.39,0,2.05,1540.17,
2024-04-13,CAMP040,meta_ads,Meta Ads - Volkswagen Virtus - remarketing,remarketing,Volkswagen,Virtus,9744,105,84708.3,7,1.08,806.75,12101.19
2024-04-14,CAMP024,google_ads,Google Ads - Peugeot Partner - whatsapp,whatsapp,Peugeot,Partner,2668,100,90327.12,1,3.75,903.27,90327.12
2024-04-14,CAMP029,google_ads,Google Ads - Ford Bronco Sport - whatsapp,whatsapp,Ford,Bronco Sport,4410,165,40729.56,8,3.74,246.85,5091.19
2024-04-14,CAMP040,meta_ads,Meta Ads - Volkswagen Virtus - remarketing,remarketing,Volkswagen,Virtus,1943,41,47393.04,3,2.11,1155.93,15797.68
2024-04-14,CAMP044,meta_ads,Meta Ads - Fiat Fastback - remarketing,remarketing,Fiat,Fastback,953,40,18636.68,4,4.2,465.92,4659.17
2024-04-14,CAMP043,meta_ads,Meta Ads - Chevrolet Onix - remarketing,remarketing,Chevrolet,Onix,2902,119,90381.79,10,4.1,759.51,9038.18
2024-04-14,CAMP031,meta_ads,Meta Ads - Volkswagen Polo - trafico,trafico,Volkswagen,Polo,2673,30,35473.07,2,1.12,1182.44,17736.53
2024-04-14,CAMP033,meta_ads,Meta Ads - Volkswagen Nivus - trafico,trafico,Volkswagen,Nivus,1846,47,57502.03,1,2.55,1223.45,57502.03
2024-04-14,CAMP027,google_ads,Google Ads - Chevrolet Tracker - whatsapp,whatsapp,Chevrolet,Tracker,4667,150,75323.62,10,3.21,502.16,7532.36
2024-04-14,CAMP056,meta_ads,Meta Ads - Renault Logan - whatsapp,whatsapp,Renault,Logan,6500,152,81500.98,4,2.34,536.19,20375.24
2024-04-14,CAMP013,google_ads,Google Ads - Renault Logan - lead_form,lead_form,Renault,Logan,4460,63,64692.32,5,1.41,1026.86,12938.46
2024-04-14,CAMP001,google_ads,Google Ads - Peugeot 208 - lead_form,lead_form,Peugeot,208,6189,142,64462.79,12,2.29,453.96,5371.9
2024-04-15,CAMP060,meta_ads,Meta Ads - Volkswagen Amarok - whatsapp,whatsapp,Volkswagen,Amarok,1546,16,49859.36,0,1.03,3116.21,
2024-04-15,CAMP021,google_ads,Google Ads - Toyota Hilux - trafico,trafico,Toyota,Hilux,1974,18,54467.58,1,0.91,3025.98,54467.58
2024-04-15,CAMP058,meta_ads,Meta Ads - Toyota Corolla Cross - lead_form,lead_form,Toyota,Corolla Cross,2447,87,81163.53,6,3.56,932.91,13527.26
2024-04-15,CAMP025,google_ads,Google Ads - Ford Maverick - whatsapp,whatsapp,Ford,Maverick,3472,117,63127.08,10,3.37,539.55,6312.71
2024-04-15,CAMP050,meta_ads,Meta Ads - Chevrolet Tracker - lead_form,lead_form,Chevrolet,Tracker,1672,46,42370.21,4,2.75,921.09,10592.55
2024-04-15,CAMP018,google_ads,Google Ads - Toyota SW4 - trafico,trafico,Toyota,SW4,5424,57,76139.75,1,1.05,1335.79,76139.75
2024-04-15,CAMP015,google_ads,Google Ads - Ford Maverick - trafico,trafico,Ford,Maverick,686,29,19225.8,2,4.23,662.96,9612.9
2024-04-15,CAMP047,meta_ads,Meta Ads - Renault Logan - lead_form,lead_form,Renault,Logan,1191,46,21359.5,5,3.86,464.34,4271.9
2024-04-15,CAMP017,google_ads,Google Ads - Chevrolet Onix - remarketing,remarketing,Chevrolet,Onix,7186,60,57820.31,4,0.83,963.67,14455.08
2024-04-15,CAMP043,meta_ads,Meta Ads - Chevrolet Onix - remarketing,remarketing,Chevrolet,Onix,2298,42,79199.53,2,1.83,1885.7,39599.77
2024-04-16,CAMP034,meta_ads,Meta Ads - Volkswagen Amarok - remarketing,remarketing,Volkswagen,Amarok,1238,21,37199.21,0,1.7,1771.39,
2024-04-16,CAMP043,meta_ads,Meta Ads - Chevrolet Onix - remarketing,remarketing,Chevrolet,Onix,5511,93,66027.1,8,1.69,709.97,8253.39
2024-04-16,CAMP039,meta_ads,Meta Ads - Chevrolet Cruze - trafico,trafico,Chevrolet,Cruze,2616,19,79421.07,0,0.73,4180.06,
2024-04-16,CAMP038,meta_ads,Meta Ads - Peugeot Expert - remarketing,remarketing,Peugeot,Expert,1954,32,51963.5,3,1.64,1623.86,17321.17
2024-04-16,CAMP015,google_ads,Google Ads - Ford Maverick - trafico,trafico,Ford,Maverick,2301,33,57632.71,1,1.43,1746.45,57632.71
2024-04-16,CAMP007,google_ads,Google Ads - Volkswagen Nivus - lead_form,lead_form,Volkswagen,Nivus,9252,347,88714.94,10,3.75,255.66,8871.49
2024-04-16,CAMP026,google_ads,Google Ads - Peugeot Partner - lead_form,lead_form,Peugeot,Partner,2231,94,68939.97,3,4.21,733.4,22979.99
2024-04-16,CAMP001,google_ads,Google Ads - Peugeot 208 - lead_form,lead_form,Peugeot,208,2139,77,70441.27,8,3.6,914.82,8805.16
2024-04-16,CAMP035,meta_ads,Meta Ads - Peugeot 3008 - whatsapp,whatsapp,Peugeot,3008,4340,163,69781.65,18,3.76,428.11,3876.76
2024-04-16,CAMP030,google_ads,Google Ads - Peugeot Partner - lead_form,lead_form,Peugeot,Partner,2888,61,24788.21,3,2.11,406.36,8262.74
2024-04-17,CAMP023,google_ads,Google Ads - Fiat Pulse - remarketing,remarketing,Fiat,Pulse,796,22,22538.97,2,2.76,1024.5,11269.48
2024-04-17,CAMP049,meta_ads,Meta Ads - Fiat Cronos - trafico,trafico,Fiat,Cronos,2925,69,79443.78,2,2.36,1151.36,39721.89
2024-04-17,CAMP026,google_ads,Google Ads - Peugeot Partner - lead_form,lead_form,Peugeot,Partner,860,14,23066.16,0,1.63,1647.58,
2024-04-17,CAMP058,meta_ads,Meta Ads - Toyota Corolla Cross - lead_form,lead_form,Toyota,Corolla Cross,1043,36,29444.06,0,3.45,817.89,
2024-04-17,CAMP005,google_ads,Google Ads - Chevrolet Cruze - lead_form,lead_form,Chevrolet,Cruze,2957,95,69640.33,11,3.21,733.06,6330.94
2024-04-17,CAMP034,meta_ads,Meta Ads - Volkswagen Amarok - remarketing,remarketing,Volkswagen,Amarok,708,16,23861.22,1,2.26,1491.33,23861.22
2024-04-17,CAMP047,meta_ads,Meta Ads - Renault Logan - lead_form,lead_form,Renault,Logan,8068,354,85473.41,11,4.39,241.45,7770.31
2024-04-17,CAMP019,google_ads,Google Ads - Renault Alaskan - trafico,trafico,Renault,Alaskan,473,14,16331.0,1,2.96,1166.5,16331.0
2024-04-17,CAMP053,meta_ads,Meta Ads - Chevrolet Spin - lead_form,lead_form,Chevrolet,Spin,3567,77,88935.76,1,2.16,1155.01,88935.76
2024-04-17,CAMP045,meta_ads,Meta Ads - Chevrolet S10 - lead_form,lead_form,Chevrolet,S10,1474,48,31242.37,5,3.26,650.88,6248.47
2024-04-17,CAMP013,google_ads,Google Ads - Renault Logan - lead_form,lead_form,Renault,Logan,3520,116,63849.35,11,3.3,550.43,5804.49
2024-04-17,CAMP051,meta_ads,Meta Ads - Renault Logan - whatsapp,whatsapp,Renault,Logan,2217,88,64302.26,7,3.97,730.71,9186.04
2024-04-17,CAMP036,meta_ads,Meta Ads - Ford Territory - whatsapp,whatsapp,Ford,Territory,1324,26,33962.16,0,1.96,1306.24,
2024-04-17,CAMP057,meta_ads,Meta Ads - Toyota Hilux - lead_form,lead_form,Toyota,Hilux,882,28,18718.68,1,3.17,668.52,18718.68
2024-04-17,CAMP007,google_ads,Google Ads - Volkswagen Nivus - lead_form,lead_form,Volkswagen,Nivus,596,16,14000.27,0,2.68,875.02,
2024-04-18,CAMP051,meta_ads,Meta Ads - Renault Logan - whatsapp,whatsapp,Renault,Logan,5294,44,56571.0,4,0.83,1285.7,14142.75
2024-04-18,CAMP038,meta_ads,Meta Ads - Peugeot Expert - remarketing,remarketing,Peugeot,Expert,5697,214,74027.54,3,3.76,345.92,24675.85
2024-04-18,CAMP012,google_ads,Google Ads - Ford Territory - whatsapp,whatsapp,Ford,Territory,2462,92,55372.69,6,3.74,601.88,9228.78
2024-04-18,CAMP025,google_ads,Google Ads - Ford Maverick - whatsapp,whatsapp,Ford,Maverick,2205,74,52474.29,7,3.36,709.11,7496.33
2024-04-18,CAMP031,meta_ads,Meta Ads - Volkswagen Polo - trafico,trafico,Volkswagen,Polo,765,33,21678.97,3,4.31,656.94,7226.32
2024-04-18,CAMP042,meta_ads,Meta Ads - Volkswagen Virtus - remarketing,remarketing,Volkswagen,Virtus,1079,14,26091.81,1,1.3,1863.7,26091.81
2024-04-18,CAMP045,meta_ads,Meta Ads - Chevrolet S10 - lead_form,lead_form,Chevrolet,S10,6574,72,74440.01,2,1.1,1033.89,37220.01
2024-04-18,CAMP028,google_ads,Google Ads - Volkswagen Amarok - remarketing,remarketing,Volkswagen,Amarok,1059,41,24574.4,0,3.87,599.38,
2024-04-18,CAMP020,google_ads,Google Ads - Chevrolet Tracker - lead_form,lead_form,Chevrolet,Tracker,4081,82,88434.42,5,2.01,1078.47,17686.88
2024-04-19,CAMP043,meta_ads,Meta Ads - Chevrolet Onix - remarketing,remarketing,Chevrolet,Onix,3020,134,66787.39,6,4.44,498.41,11131.23
2024-04-19,CAMP001,google_ads,Google Ads - Peugeot 208 - lead_form,lead_form,Peugeot,208,3984,39,54444.57,3,0.98,1396.01,18148.19
2024-04-19,CAMP016,google_ads,Google Ads - Renault Kangoo - remarketing,remarketing,Renault,Kangoo,2351,41,30756.07,4,1.74,750.15,7689.02
2024-04-19,CAMP020,google_ads,Google Ads - Chevrolet Tracker - lead_form,lead_form,Chevrolet,Tracker,3603,51,87424.43,2,1.42,1714.2,43712.21
2024-04-19,CAMP003,google_ads,Google Ads - Volkswagen Virtus - lead_form,lead_form,Volkswagen,Virtus,895,7,22211.78,0,0.78,3173.11,
2024-04-19,CAMP034,meta_ads,Meta Ads - Volkswagen Amarok - remarketing,remarketing,Volkswagen,Amarok,1300,28,42138.32,0,2.15,1504.94,
2024-04-19,CAMP051,meta_ads,Meta Ads - Renault Logan - whatsapp,whatsapp,Renault,Logan,1647,54,32099.7,3,3.28,594.44,10699.9
2024-04-19,CAMP019,google_ads,Google Ads - Renault Alaskan - trafico,trafico,Renault,Alaskan,635,28,17654.06,2,4.41,630.5,8827.03
2024-04-19,CAMP060,meta_ads,Meta Ads - Volkswagen Amarok - whatsapp,whatsapp,Volkswagen,Amarok,1510,47,27257.35,4,3.11,579.94,6814.34
2024-04-19,CAMP035,meta_ads,Meta Ads - Peugeot 3008 - whatsapp,whatsapp,Peugeot,3008,3087,37,59694.68,4,1.2,1613.37,14923.67
2024-04-19,CAMP029,google_ads,Google Ads - Ford Bronco Sport - whatsapp,whatsapp,Ford,Bronco Sport,5312,156,46216.99,3,2.94,296.26,15405.66
2024-04-19,CAMP009,google_ads,Google Ads - Volkswagen Amarok - trafico,trafico,Volkswagen,Amarok,1997,54,21907.25,1,2.7,405.69,21907.25
2024-04-19,CAMP037,meta_ads,Meta Ads - Peugeot Expert - trafico,trafico,Peugeot,Expert,3510,66,62466.48,2,1.88,946.46,31233.24
2024-04-19,CAMP032,meta_ads,Meta Ads - Fiat Pulse - lead_form,lead_form,Fiat,Pulse,5707,36,80456.75,1,0.63,2234.91,80456.75
2024-04-20,CAMP025,google_ads,Google Ads - Ford Maverick - whatsapp,whatsapp,Ford,Maverick,1989,79,53546.49,5,3.97,677.8,10709.3
2024-04-20,CAMP007,google_ads,Google Ads - Volkswagen Nivus - lead_form,lead_form,Volkswagen,Nivus,1853,23,59703.09,2,1.24,2595.79,29851.54
2024-04-20,CAMP051,meta_ads,Meta Ads - Renault Logan - whatsapp,whatsapp,Renault,Logan,2460,85,42614.82,9,3.46,501.35,4734.98
2024-04-20,CAMP008,google_ads,Google Ads - Chevrolet Tracker - remarketing,remarketing,Chevrolet,Tracker,2234,87,53759.95,5,3.89,617.93,10751.99
2024-04-20,CAMP012,google_ads,Google Ads - Ford Territory - whatsapp,whatsapp,Ford,Territory,2672,69,22069.17,2,2.58,319.84,11034.58
2024-04-20,CAMP034,meta_ads,Meta Ads - Volkswagen Amarok - remarketing,remarketing,Volkswagen,Amarok,1205,41,21974.76,0,3.4,535.97,
2024-04-20,CAMP047,meta_ads,Meta Ads - Renault Logan - lead_form,lead_form,Renault,Logan,2009,67,68953.05,2,3.33,1029.15,34476.52
2024-04-20,CAMP020,google_ads,Google Ads - Chevrolet Tracker - lead_form,lead_form,Chevrolet,Tracker,2208,29,59800.02,3,1.31,2062.07,19933.34
2024-04-20,CAMP038,meta_ads,Meta Ads - Peugeot Expert - remarketing,remarketing,Peugeot,Expert,3463,58,74681.69,3,1.67,1287.62,24893.9
2024-04-20,CAMP032,meta_ads,Meta Ads - Fiat Pulse - lead_form,lead_form,Fiat,Pulse,2701,101,85912.24,4,3.74,850.62,21478.06
2024-04-20,CAMP059,meta_ads,Meta Ads - Renault Alaskan - whatsapp,whatsapp,Renault,Alaskan,2362,51,79344.03,2,2.16,1555.77,39672.02
2024-04-21,CAMP041,meta_ads,Meta Ads - Toyota Corolla - lead_form,lead_form,Toyota,Corolla,1183,49,18597.64,4,4.14,379.54,4649.41
2024-04-21,CAMP006,google_ads,Google Ads - Toyota Corolla - whatsapp,whatsapp,Toyota,Corolla,381,12,12834.19,1,3.15,1069.52,12834.19
2024-04-21,CAMP005,google_ads,Google Ads - Chevrolet Cruze - lead_form,lead_form,Chevrolet,Cruze,1055,34,22641.41,2,3.22,665.92,11320.71
2024-04-21,CAMP047,meta_ads,Meta Ads - Renault Logan - lead_form,lead_form,Renault,Logan,4709,30,53527.93,1,0.64,1784.26,53527.93
2024-04-21,CAMP016,google_ads,Google Ads - Renault Kangoo - remarketing,remarketing,Renault,Kangoo,9375,211,76849.0,15,2.25,364.21,5123.27
2024-04-21,CAMP059,meta_ads,Meta Ads - Renault Alaskan - whatsapp,whatsapp,Renault,Alaskan,1116,35,38914.73,3,3.14,1111.85,12971.58
2024-04-21,CAMP011,google_ads,Google Ads - Peugeot 3008 - trafico,trafico,Peugeot,3008,2683,87,89935.1,1,3.24,1033.74,89935.1
2024-04-21,CAMP037,meta_ads,Meta Ads - Peugeot Expert - trafico,trafico,Peugeot,Expert,3744,158,46994.86,15,4.22,297.44,3132.99
2024-04-21,CAMP004,google_ads,Google Ads - Peugeot Expert - lead_form,lead_form,Peugeot,Expert,6485,131,82496.29,3,2.02,629.74,27498.76
2024-04-22,CAMP004,google_ads,Google Ads - Peugeot Expert - lead_form,lead_form,Peugeot,Expert,2218,31,35335.88,2,1.4,1139.87,17667.94
2024-04-22,CAMP028,google_ads,Google Ads - Volkswagen Amarok - remarketing,remarketing,Volkswagen,Amarok,4063,72,56369.67,8,1.77,782.91,7046.21
2024-04-22,CAMP032,meta_ads,Meta Ads - Fiat Pulse - lead_form,lead_form,Fiat,Pulse,2051,15,62151.94,0,0.73,4143.46,
2024-04-22,CAMP025,google_ads,Google Ads - Ford Maverick - whatsapp,whatsapp,Ford,Maverick,2841,56,60184.4,4,1.97,1074.72,15046.1
2024-04-22,CAMP011,google_ads,Google Ads - Peugeot 3008 - trafico,trafico,Peugeot,3008,2143,13,37627.04,1,0.61,2894.39,37627.04
2024-04-22,CAMP024,google_ads,Google Ads - Peugeot Partner - whatsapp,whatsapp,Peugeot,Partner,1509,15,26520.3,0,0.99,1768.02,
2024-04-22,CAMP008,google_ads,Google Ads - Chevrolet Tracker - remarketing,remarketing,Chevrolet,Tracker,850,10,18610.01,0,1.18,1861.0,
2024-04-22,CAMP022,google_ads,Google Ads - Toyota Hilux - lead_form,lead_form,Toyota,Hilux,4099,129,50018.15,4,3.15,387.74,12504.54
2024-04-22,CAMP044,meta_ads,Meta Ads - Fiat Fastback - remarketing,remarketing,Fiat,Fastback,2663,60,42837.99,2,2.25,713.97,21418.99
2024-04-22,CAMP016,google_ads,Google Ads - Renault Kangoo - remarketing,remarketing,Renault,Kangoo,6886,159,75300.42,16,2.31,473.59,4706.28
2024-04-22,CAMP035,meta_ads,Meta Ads - Peugeot 3008 - whatsapp,whatsapp,Peugeot,3008,1402,32,24623.08,1,2.28,769.47,24623.08
2024-04-22,CAMP054,meta_ads,Meta Ads - Chevrolet S10 - remarketing,remarketing,Chevrolet,S10,5981,80,79900.1,1,1.34,998.75,79900.1
2024-04-22,CAMP019,google_ads,Google Ads - Renault Alaskan - trafico,trafico,Renault,Alaskan,1522,62,42774.59,1,4.07,689.91,42774.59
2024-04-23,CAMP031,meta_ads,Meta Ads - Volkswagen Polo - trafico,trafico,Volkswagen,Polo,775,28,21939.85,1,3.61,783.57,21939.85
2024-04-23,CAMP043,meta_ads,Meta Ads - Chevrolet Onix - remarketing,remarketing,Chevrolet,Onix,2448,93,68627.58,2,3.8,737.93,34313.79
2024-04-23,CAMP018,google_ads,Google Ads - Toyota SW4 - trafico,trafico,Toyota,SW4,2948,32,86698.93,1,1.09,2709.34,86698.93
2024-04-23,CAMP008,google_ads,Google Ads - Chevrolet Tracker - remarketing,remarketing,Chevrolet,Tracker,493,3,13064.62,0,0.61,4354.87,
2024-04-23,CAMP027,google_ads,Google Ads - Chevrolet Tracker - whatsapp,whatsapp,Chevrolet,Tracker,1886,11,45513.87,0,0.58,4137.62,
2024-04-23,CAMP032,meta_ads,Meta Ads - Fiat Pulse - lead_form,lead_form,Fiat,Pulse,3324,75,34013.42,5,2.26,453.51,6802.68
2024-04-23,CAMP036,meta_ads,Meta Ads - Ford Territory - whatsapp,whatsapp,Ford,Territory,5280,89,68881.39,2,1.69,773.95,34440.69
2024-04-23,CAMP055,meta_ads,Meta Ads - Toyota Corolla - trafico,trafico,Toyota,Corolla,1209,38,32555.4,2,3.14,856.72,16277.7
2024-04-23,CAMP052,meta_ads,Meta Ads - Volkswagen Taos - whatsapp,whatsapp,Volkswagen,Taos,1680,16,48963.64,1,0.95,3060.23,48963.64
2024-04-23,CAMP044,meta_ads,Meta Ads - Fiat Fastback - remarketing,remarketing,Fiat,Fastback,4556,179,59665.83,14,3.93,333.33,4261.85
2024-04-23,CAMP046,meta_ads,Meta Ads - Peugeot 208 - trafico,trafico,Peugeot,208,2097,45,23600.64,1,2.15,524.46,23600.64
2024-04-24,CAMP060,meta_ads,Meta Ads - Volkswagen Amarok - whatsapp,whatsapp,Volkswagen,Amarok,1435,21,36032.03,1,1.46,1715.81,36032.03
2024-04-24,CAMP010,google_ads,Google Ads - Renault Kangoo - whatsapp,whatsapp,Renault,Kangoo,2276,70,49554.99,3,3.08,707.93,16518.33
2024-04-24,CAMP028,google_ads,Google Ads - Volkswagen Amarok - remarketing,remarketing,Volkswagen,Amarok,2126,41,33120.0,2,1.93,807.8,16560.0
2024-04-24,CAMP002,google_ads,Google Ads - Peugeot Partner - whatsapp,whatsapp,Peugeot,Partner,3994,30,37080.6,0,0.75,1236.02,
2024-04-24,CAMP040,meta_ads,Meta Ads - Volkswagen Virtus - remarketing,remarketing,Volkswagen,Virtus,5125,125,70343.19,13,2.44,562.75,5411.01
2024-04-24,CAMP013,google_ads,Google Ads - Renault Logan - lead_form,lead_form,Renault,Logan,1534,65,19930.91,3,4.24,306.63,6643.64
2024-04-24,CAMP006,google_ads,Google Ads - Toyota Corolla - whatsapp,whatsapp,Toyota,Corolla,3378,22,35868.49,1,0.65,1630.39,35868.49
2024-04-24,CAMP004,google_ads,Google Ads - Peugeot Expert - lead_form,lead_form,Peugeot,Expert,4693,163,79519.24,8,3.47,487.85,9939.9
2024-04-24,CAMP025,google_ads,Google Ads - Ford Maverick - whatsapp,whatsapp,Ford,Maverick,3276,67,73008.94,5,2.05,1089.69,14601.79
2024-04-24,CAMP027,google_ads,Google Ads - Chevrolet Tracker - whatsapp,whatsapp,Chevrolet,Tracker,1550,62,28484.77,1,4.0,459.43,28484.77
2024-04-24,CAMP034,meta_ads,Meta Ads - Volkswagen Amarok - remarketing,remarketing,Volkswagen,Amarok,6237,180,70173.54,19,2.89,389.85,3693.34
2024-04-25,CAMP013,google_ads,Google Ads - Renault Logan - lead_form,lead_form,Renault,Logan,6689,228,89995.01,4,3.41,394.71,22498.75
2024-04-25,CAMP046,meta_ads,Meta Ads - Peugeot 208 - trafico,trafico,Peugeot,208,1189,18,27195.7,1,1.51,1510.87,27195.7
2024-04-25,CAMP029,google_ads,Google Ads - Ford Bronco Sport - whatsapp,whatsapp,Ford,Bronco Sport,2440,107,79275.3,11,4.39,740.89,7206.85
2024-04-25,CAMP007,google_ads,Google Ads - Volkswagen Nivus - lead_form,lead_form,Volkswagen,Nivus,1732,71,47404.45,1,4.1,667.67,47404.45
2024-04-25,CAMP005,google_ads,Google Ads - Chevrolet Cruze - lead_form,lead_form,Chevrolet,Cruze,1360,34,45084.47,0,2.5,1326.01,
2024-04-25,CAMP035,meta_ads,Meta Ads - Peugeot 3008 - whatsapp,whatsapp,Peugeot,3008,2210,24,59262.59,0,1.09,2469.27,
2024-04-25,CAMP040,meta_ads,Meta Ads - Volkswagen Virtus - remarketing,remarketing,Volkswagen,Virtus,1924,63,56667.09,5,3.27,899.48,11333.42
2024-04-25,CAMP022,google_ads,Google Ads - Toyota Hilux - lead_form,lead_form,Toyota,Hilux,1638,65,43391.56,7,3.97,667.56,6198.79
2024-04-25,CAMP020,google_ads,Google Ads - Chevrolet Tracker - lead_form,lead_form,Chevrolet,Tracker,889,18,25134.61,1,2.02,1396.37,25134.61
2024-04-25,CAMP047,meta_ads,Meta Ads - Renault Logan - lead_form,lead_form,Renault,Logan,2847,37,43655.61,1,1.3,1179.88,43655.61
2024-04-25,CAMP031,meta_ads,Meta Ads - Volkswagen Polo - trafico,trafico,Volkswagen,Polo,1090,43,29249.9,4,3.94,680.23,7312.48
2024-04-26,CAMP033,meta_ads,Meta Ads - Volkswagen Nivus - trafico,trafico,Volkswagen,Nivus,3376,104,53618.13,11,3.08,515.56,4874.38
2024-04-26,CAMP046,meta_ads,Meta Ads - Peugeot 208 - trafico,trafico,Peugeot,208,2904,116,33665.01,2,3.99,290.22,16832.5
2024-04-26,CAMP047,meta_ads,Meta Ads - Renault Logan - lead_form,lead_form,Renault,Logan,2547,36,88441.85,0,1.41,2456.72,
2024-04-26,CAMP034,meta_ads,Meta Ads - Volkswagen Amarok - remarketing,remarketing,Volkswagen,Amarok,2495,109,62594.35,5,4.37,574.26,12518.87
2024-04-26,CAMP017,google_ads,Google Ads - Chevrolet Onix - remarketing,remarketing,Chevrolet,Onix,2693,43,85821.37,1,1.6,1995.85,85821.37
2024-04-26,CAMP020,google_ads,Google Ads - Chevrolet Tracker - lead_form,lead_form,Chevrolet,Tracker,5141,228,82070.19,18,4.43,359.96,4559.45
2024-04-26,CAMP015,google_ads,Google Ads - Ford Maverick - trafico,trafico,Ford,Maverick,728,25,12811.84,1,3.43,512.47,12811.84
2024-04-26,CAMP019,google_ads,Google Ads - Renault Alaskan - trafico,trafico,Renault,Alaskan,3795,120,31967.0,12,3.16,266.39,2663.92
2024-04-26,CAMP059,meta_ads,Meta Ads - Renault Alaskan - whatsapp,whatsapp,Renault,Alaskan,3589,122,85243.32,10,3.4,698.72,8524.33
2024-04-26,CAMP018,google_ads,Google Ads - Toyota SW4 - trafico,trafico,Toyota,SW4,5737,174,85761.19,13,3.03,492.88,6597.01
2024-04-26,CAMP036,meta_ads,Meta Ads - Ford Territory - whatsapp,whatsapp,Ford,Territory,1408,26,28080.4,0,1.85,1080.02,
2024-04-26,CAMP008,google_ads,Google Ads - Chevrolet Tracker - remarketing,remarketing,Chevrolet,Tracker,1960,41,61124.45,2,2.09,1490.84,30562.23
2024-04-26,CAMP011,google_ads,Google Ads - Peugeot 3008 - trafico,trafico,Peugeot,3008,3496,41,68925.33,2,1.17,1681.11,34462.66
2024-04-26,CAMP054,meta_ads,Meta Ads - Chevrolet S10 - remarketing,remarketing,Chevrolet,S10,2484,93,50684.97,3,3.74,545.0,16894.99
2024-04-26,CAMP003,google_ads,Google Ads - Volkswagen Virtus - lead_form,lead_form,Volkswagen,Virtus,1686,21,56433.32,0,1.25,2687.3,
2024-04-27,CAMP011,google_ads,Google Ads - Peugeot 3008 - trafico,trafico,Peugeot,3008,963,42,31347.71,1,4.36,746.37,31347.71
2024-04-27,CAMP057,meta_ads,Meta Ads - Toyota Hilux - lead_form,lead_form,Toyota,Hilux,1935,72,53460.35,5,3.72,742.5,10692.07
2024-04-27,CAMP012,google_ads,Google Ads - Ford Territory - whatsapp,whatsapp,Ford,Territory,4879,186,41764.58,17,3.81,224.54,2456.74
2024-04-27,CAMP053,meta_ads,Meta Ads - Chevrolet Spin - lead_form,lead_form,Chevrolet,Spin,6829,107,62705.49,2,1.57,586.03,31352.75
2024-04-27,CAMP026,google_ads,Google Ads - Peugeot Partner - lead_form,lead_form,Peugeot,Partner,933,6,23287.46,0,0.64,3881.24,
2024-04-27,CAMP044,meta_ads,Meta Ads - Fiat Fastback - remarketing,remarketing,Fiat,Fastback,8030,278,87301.04,14,3.46,314.03,6235.79
2024-04-27,CAMP039,meta_ads,Meta Ads - Chevrolet Cruze - trafico,trafico,Chevrolet,Cruze,5025,124,67651.82,9,2.47,545.58,7516.87
2024-04-27,CAMP013,google_ads,Google Ads - Renault Logan - lead_form,lead_form,Renault,Logan,3787,71,46984.05,2,1.87,661.75,23492.02
2024-04-27,CAMP005,google_ads,Google Ads - Chevrolet Cruze - lead_form,lead_form,Chevrolet,Cruze,617,18,16472.8,0,2.92,915.16,
2024-04-27,CAMP010,google_ads,Google Ads - Renault Kangoo - whatsapp,whatsapp,Renault,Kangoo,7134,125,76878.55,8,1.75,615.03,9609.82
2024-04-27,CAMP052,meta_ads,Meta Ads - Volkswagen Taos - whatsapp,whatsapp,Volkswagen,Taos,6575,273,77786.42,4,4.15,284.93,19446.61
2024-04-27,CAMP028,google_ads,Google Ads - Volkswagen Amarok - remarketing,remarketing,Volkswagen,Amarok,3809,120,45633.78,4,3.15,380.28,11408.44
2024-04-28,CAMP044,meta_ads,Meta Ads - Fiat Fastback - remarketing,remarketing,Fiat,Fastback,2144,90,38030.53,2,4.2,422.56,19015.27
2024-04-28,CAMP057,meta_ads,Meta Ads - Toyota Hilux - lead_form,lead_form,Toyota,Hilux,1273,28,15381.05,1,2.2,549.32,15381.05
2024-04-28,CAMP046,meta_ads,Meta Ads - Peugeot 208 - trafico,trafico,Peugeot,208,1342,54,26146.51,4,4.02,484.19,6536.63
2024-04-28,CAMP053,meta_ads,Meta Ads - Chevrolet Spin - lead_form,lead_form,Chevrolet,Spin,3856,154,60731.15,6,3.99,394.36,10121.86
2024-04-28,CAMP008,google_ads,Google Ads - Chevrolet Tracker - remarketing,remarketing,Chevrolet,Tracker,2835,46,50941.56,5,1.62,1107.43,10188.31
2024-04-28,CAMP032,meta_ads,Meta Ads - Fiat Pulse - lead_form,lead_form,Fiat,Pulse,2535,100,74297.32,11,3.94,742.97,6754.3
2024-04-28,CAMP011,google_ads,Google Ads - Peugeot 3008 - trafico,trafico,Peugeot,3008,6076,71,72667.16,4,1.17,1023.48,18166.79
2024-04-28,CAMP056,meta_ads,Meta Ads - Renault Logan - whatsapp,whatsapp,Renault,Logan,2158,81,74154.36,2,3.75,915.49,37077.18
2024-04-28,CAMP015,google_ads,Google Ads - Ford Maverick - trafico,trafico,Ford,Maverick,1641,19,45341.35,0,1.16,2386.39,
2024-04-28,CAMP007,google_ads,Google Ads - Volkswagen Nivus - lead_form,lead_form,Volkswagen,Nivus,764,15,21947.79,1,1.96,1463.19,21947.79
2024-04-28,CAMP019,google_ads,Google Ads - Renault Alaskan - trafico,trafico,Renault,Alaskan,1445,42,49540.51,3,2.91,1179.54,16513.5
2024-04-28,CAMP023,google_ads,Google Ads - Fiat Pulse - remarketing,remarketing,Fiat,Pulse,680,28,22781.26,1,4.12,813.62,22781.26
2024-04-28,CAMP005,google_ads,Google Ads - Chevrolet Cruze - lead_form,lead_form,Chevrolet,Cruze,2432,61,54848.46,4,2.51,899.16,13712.12
2024-04-28,CAMP040,meta_ads,Meta Ads - Volkswagen Virtus - remarketing,remarketing,Volkswagen,Virtus,2919,98,29948.93,6,3.36,305.6,4991.49
2024-04-29,CAMP045,meta_ads,Meta Ads - Chevrolet S10 - lead_form,lead_form,Chevrolet,S10,8797,172,84534.7,17,1.96,491.48,4972.63
2024-04-29,CAMP006,google_ads,Google Ads - Toyota Corolla - whatsapp,whatsapp,Toyota,Corolla,2665,46,80276.97,1,1.73,1745.15,80276.97
2024-04-29,CAMP016,google_ads,Google Ads - Renault Kangoo - remarketing,remarketing,Renault,Kangoo,2313,96,79218.24,3,4.15,825.19,26406.08
2024-04-29,CAMP024,google_ads,Google Ads - Peugeot Partner - whatsapp,whatsapp,Peugeot,Partner,8120,92,77213.29,10,1.13,839.27,7721.33
2024-04-29,CAMP001,google_ads,Google Ads - Peugeot 208 - lead_form,lead_form,Peugeot,208,3708,26,67471.14,3,0.7,2595.04,22490.38
2024-04-29,CAMP014,google_ads,Google Ads - Toyota Corolla Cross - lead_form,lead_form,Toyota,Corolla Cross,1534,48,41335.7,1,3.13,861.16,41335.7
2024-04-29,CAMP002,google_ads,Google Ads - Peugeot Partner - whatsapp,whatsapp,Peugeot,Partner,2474,17,77969.59,0,0.69,4586.45,
2024-04-29,CAMP057,meta_ads,Meta Ads - Toyota Hilux - lead_form,lead_form,Toyota,Hilux,1816,51,18314.03,5,2.81,359.1,3662.81
2024-04-29,CAMP036,meta_ads,Meta Ads - Ford Territory - whatsapp,whatsapp,Ford,Territory,1847,64,23876.84,5,3.47,373.08,4775.37
2024-04-29,CAMP031,meta_ads,Meta Ads - Volkswagen Polo - trafico,trafico,Volkswagen,Polo,4167,91,67046.49,4,2.18,736.77,16761.62
2024-04-29,CAMP009,google_ads,Google Ads - Volkswagen Amarok - trafico,trafico,Volkswagen,Amarok,2747,47,73561.73,1,1.71,1565.14,73561.73
2024-04-30,CAMP039,meta_ads,Meta Ads - Chevrolet Cruze - trafico,trafico,Chevrolet,Cruze,2239,61,70872.39,6,2.72,1161.84,11812.07
2024-04-30,CAMP049,meta_ads,Meta Ads - Fiat Cronos - trafico,trafico,Fiat,Cronos,4232,142,91209.41,8,3.36,642.32,11401.18
2024-04-30,CAMP012,google_ads,Google Ads - Ford Territory - whatsapp,whatsapp,Ford,Territory,770,20,26406.34,2,2.6,1320.32,13203.17
2024-04-30,CAMP033,meta_ads,Meta Ads - Volkswagen Nivus - trafico,trafico,Volkswagen,Nivus,1728,52,23714.49,1,3.01,456.05,23714.49
2024-04-30,CAMP011,google_ads,Google Ads - Peugeot 3008 - trafico,trafico,Peugeot,3008,1019,28,28692.38,2,2.75,1024.73,14346.19
2024-04-30,CAMP001,google_ads,Google Ads - Peugeot 208 - lead_form,lead_form,Peugeot,208,3995,72,82488.69,5,1.8,1145.68,16497.74
2024-04-30,CAMP026,google_ads,Google Ads - Peugeot Partner - lead_form,lead_form,Peugeot,Partner,6698,250,83397.8,20,3.73,333.59,4169.89
2024-04-30,CAMP028,google_ads,Google Ads - Volkswagen Amarok - remarketing,remarketing,Volkswagen,Amarok,2711,24,29630.56,1,0.89,1234.61,29630.56
2024-05-01,CAMP002,google_ads,Google Ads - Peugeot Partner - whatsapp,whatsapp,Peugeot,Partner,2180,15,55031.93,0,0.69,3668.8,
2024-05-01,CAMP016,google_ads,Google Ads - Renault Kangoo - remarketing,remarketing,Renault,Kangoo,3792,106,88179.73,10,2.8,831.88,8817.97
2024-05-01,CAMP019,google_ads,Google Ads - Renault Alaskan - trafico,trafico,Renault,Alaskan,943,40,15563.09,0,4.24,389.08,
2024-05-01,CAMP011,google_ads,Google Ads - Peugeot 3008 - trafico,trafico,Peugeot,3008,2548,54,39818.63,1,2.12,737.38,39818.63
2024-05-01,CAMP035,meta_ads,Meta Ads - Peugeot 3008 - whatsapp,whatsapp,Peugeot,3008,2560,112,70643.7,9,4.38,630.75,7849.3
2024-05-01,CAMP007,google_ads,Google Ads - Volkswagen Nivus - lead_form,lead_form,Volkswagen,Nivus,1031,35,19595.63,0,3.39,559.88,
2024-05-01,CAMP005,google_ads,Google Ads - Chevrolet Cruze - lead_form,lead_form,Chevrolet,Cruze,6220,179,74984.56,9,2.88,418.91,8331.62
2024-05-01,CAMP014,google_ads,Google Ads - Toyota Corolla Cross - lead_form,lead_form,Toyota,Corolla Cross,1862,32,57735.94,0,1.72,1804.25,
2024-05-01,CAMP039,meta_ads,Meta Ads - Chevrolet Cruze - trafico,trafico,Chevrolet,Cruze,1508,14,48122.29,1,0.93,3437.31,48122.29
2024-05-01,CAMP001,google_ads,Google Ads - Peugeot 208 - lead_form,lead_form,Peugeot,208,2717,85,80983.36,8,3.13,952.75,10122.92
2024-05-01,CAMP049,meta_ads,Meta Ads - Fiat Cronos - trafico,trafico,Fiat,Cronos,721,18,24561.67,1,2.5,1364.54,24561.67
2024-05-01,CAMP020,google_ads,Google Ads - Chevrolet Tracker - lead_form,lead_form,Chevrolet,Tracker,1896,36,62808.8,3,1.9,1744.69,20936.27
2024-05-01,CAMP013,google_ads,Google Ads - Renault Logan - lead_form,lead_form,Renault,Logan,2168,85,38443.62,5,3.92,452.28,7688.72
2024-05-02,CAMP016,google_ads,Google Ads - Renault Kangoo - remarketing,remarketing,Renault,Kangoo,2734,111,80751.11,7,4.06,727.49,11535.87
2024-05-02,CAMP014,google_ads,Google Ads - Toyota Corolla Cross - lead_form,lead_form,Toyota,Corolla Cross,3824,67,48120.67,1,1.75,718.22,48120.67
2024-05-02,CAMP040,meta_ads,Meta Ads - Volkswagen Virtus - remarketing,remarketing,Volkswagen,Virtus,3291,28,57742.67,2,0.85,2062.24,28871.34
2024-05-02,CAMP039,meta_ads,Meta Ads - Chevrolet Cruze - trafico,trafico,Chevrolet,Cruze,1403,61,48589.76,5,4.35,796.55,9717.95
2024-05-02,CAMP005,google_ads,Google Ads - Chevrolet Cruze - lead_form,lead_form,Chevrolet,Cruze,1429,60,47111.66,7,4.2,785.19,6730.24
2024-05-02,CAMP010,google_ads,Google Ads - Renault Kangoo - whatsapp,whatsapp,Renault,Kangoo,2849,48,50765.35,2,1.68,1057.61,25382.67
2024-05-02,CAMP037,meta_ads,Meta Ads - Peugeot Expert - trafico,trafico,Peugeot,Expert,2318,53,61155.87,3,2.29,1153.88,20385.29
2024-05-02,CAMP041,meta_ads,Meta Ads - Toyota Corolla - lead_form,lead_form,Toyota,Corolla,3737,34,61547.1,1,0.91,1810.21,61547.1
2024-05-02,CAMP032,meta_ads,Meta Ads - Fiat Pulse - lead_form,lead_form,Fiat,Pulse,1506,67,47747.86,1,4.45,712.65,47747.86
2024-05-02,CAMP007,google_ads,Google Ads - Volkswagen Nivus - lead_form,lead_form,Volkswagen,Nivus,9374,345,89439.73,30,3.68,259.25,2981.32
2024-05-02,CAMP001,google_ads,Google Ads - Peugeot 208 - lead_form,lead_form,Peugeot,208,4641,46,56500.53,2,0.99,1228.27,28250.26
2024-05-02,CAMP055,meta_ads,Meta Ads - Toyota Corolla - trafico,trafico,Toyota,Corolla,1843,27,57238.43,2,1.47,2119.94,28619.21
2024-05-02,CAMP020,google_ads,Google Ads - Chevrolet Tracker - lead_form,lead_form,Chevrolet,Tracker,3734,90,65066.78,6,2.41,722.96,10844.46
2024-05-02,CAMP036,meta_ads,Meta Ads - Ford Territory - whatsapp,whatsapp,Ford,Territory,7021,91,76857.84,2,1.3,844.59,38428.92
2024-05-03,CAMP050,meta_ads,Meta Ads - Chevrolet Tracker - lead_form,lead_form,Chevrolet,Tracker,1044,28,21181.02,3,2.68,756.47,7060.34
2024-05-03,CAMP028,google_ads,Google Ads - Volkswagen Amarok - remarketing,remarketing,Volkswagen,Amarok,1717,48,23644.29,5,2.8,492.59,4728.86
2024-05-03,CAMP013,google_ads,Google Ads - Renault Logan - lead_form,lead_form,Renault,Logan,7568,284,73300.12,27,3.75,258.1,2714.82
2024-05-03,CAMP026,google_ads,Google Ads - Peugeot Partner - lead_form,lead_form,Peugeot,Partner,6498,92,89440.67,1,1.42,972.18,89440.67
2024-05-03,CAMP022,google_ads,Google Ads - Toyota Hilux - lead_form,lead_form,Toyota,Hilux,3711,58,72068.85,1,1.56,1242.57,72068.85
2024-05-03,CAMP005,google_ads,Google Ads - Chevrolet Cruze - lead_form,lead_form,Chevrolet,Cruze,1516,13,23346.06,1,0.86,1795.85,23346.06
2024-05-03,CAMP021,google_ads,Google Ads - Toyota Hilux - trafico,trafico,Toyota,Hilux,2472,35,47805.69,3,1.42,1365.88,15935.23
2024-05-03,CAMP056,meta_ads,Meta Ads - Renault Logan - whatsapp,whatsapp,Renault,Logan,2824,115,26690.22,6,4.07,232.09,4448.37
2024-05-03,CAMP039,meta_ads,Meta Ads - Chevrolet Cruze - trafico,trafico,Chevrolet,Cruze,5509,75,88240.53,8,1.36,1176.54,11030.07
2024-05-03,CAMP032,meta_ads,Meta Ads - Fiat Pulse - lead_form,lead_form,Fiat,Pulse,2234,81,50191.31,9,3.63,619.65,5576.81
2024-05-03,CAMP014,google_ads,Google Ads - Toyota Corolla Cross - lead_form,lead_form,Toyota,Corolla Cross,1429,40,46649.62,4,2.8,1166.24,11662.41
2024-05-03,CAMP045,meta_ads,Meta Ads - Chevrolet S10 - lead_form,lead_form,Chevrolet,S10,1756,24,56453.32,2,1.37,2352.22,28226.66
2024-05-03,CAMP048,meta_ads,Meta Ads - Ford Kuga - whatsapp,whatsapp,Ford,Kuga,4858,154,57841.91,15,3.17,375.6,3856.13
2024-05-03,CAMP031,meta_ads,Meta Ads - Volkswagen Polo - trafico,trafico,Volkswagen,Polo,2316,80,70152.74,1,3.45,876.91,70152.74
2024-05-04,CAMP060,meta_ads,Meta Ads - Volkswagen Amarok - whatsapp,whatsapp,Volkswagen,Amarok,2434,69,61474.86,1,2.83,890.94,61474.86
2024-05-04,CAMP010,google_ads,Google Ads - Renault Kangoo - whatsapp,whatsapp,Renault,Kangoo,5369,178,70165.19,17,3.32,394.19,4127.36
2024-05-04,CAMP032,meta_ads,Meta Ads - Fiat Pulse - lead_form,lead_form,Fiat,Pulse,4255,60,58873.58,2,1.41,981.23,29436.79
2024-05-04,CAMP056,meta_ads,Meta Ads - Renault Logan - whatsapp,whatsapp,Renault,Logan,1924,39,65011.0,2,2.03,1666.95,32505.5
2024-05-04,CAMP021,google_ads,Google Ads - Toyota Hilux - trafico,trafico,Toyota,Hilux,2182,82,35551.67,2,3.76,433.56,17775.83
2024-05-04,CAMP008,google_ads,Google Ads - Chevrolet Tracker - remarketing,remarketing,Chevrolet,Tracker,1456,32,50932.19,1,2.2,1591.63,50932.19
2024-05-04,CAMP051,meta_ads,Meta Ads - Renault Logan - whatsapp,whatsapp,Renault,Logan,3928,172,76598.5,8,4.38,445.34,9574.81
2024-05-04,CAMP044,meta_ads,Meta Ads - Fiat Fastback - remarketing,remarketing,Fiat,Fastback,4132,84,84255.21,6,2.03,1003.04,14042.54
2024-05-04,CAMP027,google_ads,Google Ads - Chevrolet Tracker - whatsapp,whatsapp,Chevrolet,Tracker,1248,21,24687.26,1,1.68,1175.58,24687.26
2024-05-04,CAMP017,google_ads,Google Ads - Chevrolet Onix - remarketing,remarketing,Chevrolet,Onix,2589,86,65061.98,9,3.32,756.53,7229.11
2024-05-04,CAMP034,meta_ads,Meta Ads - Volkswagen Amarok - remarketing,remarketing,Volkswagen,Amarok,7740,72,82658.86,7,0.93,1148.04,11808.41
2024-05-04,CAMP047,meta_ads,Meta Ads - Renault Logan - lead_form,lead_form,Renault,Logan,2249,95,18991.76,2,4.22,199.91,9495.88
2024-05-04,CAMP001,google_ads,Google Ads - Peugeot 208 - lead_form,lead_form,Peugeot,208,2837,77,70495.61,6,2.71,915.53,11749.27
2024-05-04,CAMP029,google_ads,Google Ads - Ford Bronco Sport - whatsapp,whatsapp,Ford,Bronco Sport,1722,55,51262.2,5,3.19,932.04,10252.44
2024-05-04,CAMP009,google_ads,Google Ads - Volkswagen Amarok - trafico,trafico,Volkswagen,Amarok,984,27,28525.95,0,2.74,1056.52,
2024-05-05,CAMP008,google_ads,Google Ads - Chevrolet Tracker - remarketing,remarketing,Chevrolet,Tracker,1074,17,34121.14,1,1.58,2007.13,34121.14
2024-05-05,CAMP023,google_ads,Google Ads - Fiat Pulse - remarketing,remarketing,Fiat,Pulse,3855,59,74020.78,6,1.53,1254.59,12336.8
2024-05-05,CAMP051,meta_ads,Meta Ads - Renault Logan - whatsapp,whatsapp,Renault,Logan,5265,63,44335.42,3,1.2,703.74,14778.47
2024-05-05,CAMP030,google_ads,Google Ads - Peugeot Partner - lead_form,lead_form,Peugeot,Partner,2511,73,75703.15,3,2.91,1037.03,25234.38
2024-05-05,CAMP027,google_ads,Google Ads - Chevrolet Tracker - whatsapp,whatsapp,Chevrolet,Tracker,2494,38,86814.53,4,1.52,2284.59,21703.63
2024-05-05,CAMP053,meta_ads,Meta Ads - Chevrolet Spin - lead_form,lead_form,Chevrolet,Spin,1064,40,27027.51,3,3.76,675.69,9009.17
2024-05-05,CAMP042,meta_ads,Meta Ads - Volkswagen Virtus - remarketing,remarketing,Volkswagen,Virtus,4971,153,57072.58,17,3.08,373.02,3357.21
2024-05-05,CAMP046,meta_ads,Meta Ads - Peugeot 208 - trafico,trafico,Peugeot,208,788,20,25549.95,1,2.54,1277.5,25549.95
2024-05-05,CAMP058,meta_ads,Meta Ads - Toyota Corolla Cross - lead_form,lead_form,Toyota,Corolla Cross,667,17,19767.08,1,2.55,1162.77,19767.08
2024-05-05,CAMP048,meta_ads,Meta Ads - Ford Kuga - whatsapp,whatsapp,Ford,Kuga,2378,72,73173.94,3,3.03,1016.3,24391.31
2024-05-05,CAMP026,google_ads,Google Ads - Peugeot Partner - lead_form,lead_form,Peugeot,Partner,1639,22,55126.63,0,1.34,2505.76,
2024-05-05,CAMP001,google_ads,Google Ads - Peugeot 208 - lead_form,lead_form,Peugeot,208,1846,53,46118.84,0,2.87,870.17,
2024-05-05,CAMP024,google_ads,Google Ads - Peugeot Partner - whatsapp,whatsapp,Peugeot,Partner,2045,18,67190.92,0,0.88,3732.83,
2024-05-05,CAMP015,google_ads,Google Ads - Ford Maverick - trafico,trafico,Ford,Maverick,6065,143,69902.49,11,2.36,488.83,6354.77
2024-05-05,CAMP033,meta_ads,Meta Ads - Volkswagen Nivus - trafico,trafico,Volkswagen,Nivus,2759,113,39933.47,5,4.1,353.39,7986.69
2024-05-06,CAMP054,meta_ads,Meta Ads - Chevrolet S10 - remarketing,remarketing,Chevrolet,S10,2615,26,61843.59,1,0.99,2378.6,61843.59
2024-05-06,CAMP016,google_ads,Google Ads - Renault Kangoo - remarketing,remarketing,Renault,Kangoo,5373,91,58526.55,9,1.69,643.15,6502.95
2024-05-06,CAMP047,meta_ads,Meta Ads - Renault Logan - lead_form,lead_form,Renault,Logan,901,18,19252.01,1,2.0,1069.56,19252.01
2024-05-06,CAMP050,meta_ads,Meta Ads - Chevrolet Tracker - lead_form,lead_form,Chevrolet,Tracker,2000,13,42516.4,0,0.65,3270.49,
2024-05-06,CAMP052,meta_ads,Meta Ads - Volkswagen Taos - whatsapp,whatsapp,Volkswagen,Taos,8636,283,86888.39,15,3.28,307.03,5792.56
2024-05-06,CAMP051,meta_ads,Meta Ads - Renault Logan - whatsapp,whatsapp,Renault,Logan,1121,42,36488.79,1,3.75,868.78,36488.79
2024-05-06,CAMP025,google_ads,Google Ads - Ford Maverick - whatsapp,whatsapp,Ford,Maverick,998,28,12801.18,2,2.81,457.18,6400.59
2024-05-06,CAMP057,meta_ads,Meta Ads - Toyota Hilux - lead_form,lead_form,Toyota,Hilux,421,18,14464.7,1,4.28,803.59,14464.7
2024-05-06,CAMP017,google_ads,Google Ads - Chevrolet Onix - remarketing,remarketing,Chevrolet,Onix,2634,32,59940.3,2,1.21,1873.13,29970.15
2024-05-06,CAMP043,meta_ads,Meta Ads - Chevrolet Onix - remarketing,remarketing,Chevrolet,Onix,6386,45,84340.91,0,0.7,1874.24,
2024-05-06,CAMP004,google_ads,Google Ads - Peugeot Expert - lead_form,lead_form,Peugeot,Expert,4289,170,51957.62,4,3.96,305.63,12989.41
2024-05-06,CAMP018,google_ads,Google Ads - Toyota SW4 - trafico,trafico,Toyota,SW4,1718,25,28945.85,2,1.46,1157.83,14472.92
2024-05-06,CAMP006,google_ads,Google Ads - Toyota Corolla - whatsapp,whatsapp,Toyota,Corolla,5607,138,85376.4,15,2.46,618.67,5691.76
2024-05-06,CAMP010,google_ads,Google Ads - Renault Kangoo - whatsapp,whatsapp,Renault,Kangoo,1713,29,39218.51,2,1.69,1352.36,19609.26
2024-05-06,CAMP041,meta_ads,Meta Ads - Toyota Corolla - lead_form,lead_form,Toyota,Corolla,2321,50,50713.07,1,2.15,1014.26,50713.07
2024-05-06,CAMP002,google_ads,Google Ads - Peugeot Partner - whatsapp,whatsapp,Peugeot,Partner,960,38,25511.23,1,3.96,671.35,25511.23
2024-05-07,CAMP007,google_ads,Google Ads - Volkswagen Nivus - lead_form,lead_form,Volkswagen,Nivus,3840,70,58888.21,1,1.82,841.26,58888.21
2024-05-07,CAMP038,meta_ads,Meta Ads - Peugeot Expert - remarketing,remarketing,Peugeot,Expert,3146,62,42145.59,6,1.97,679.77,7024.27
2024-05-07,CAMP051,meta_ads,Meta Ads - Renault Logan - whatsapp,whatsapp,Renault,Logan,3794,154,76394.47,17,4.06,496.07,4493.79
2024-05-07,CAMP050,meta_ads,Meta Ads - Chevrolet Tracker - lead_form,lead_form,Chevrolet,Tracker,1675,49,31942.09,5,2.93,651.88,6388.42
2024-05-07,CAMP059,meta_ads,Meta Ads - Renault Alaskan - whatsapp,whatsapp,Renault,Alaskan,3882,83,86680.72,2,2.14,1044.35,43340.36
2024-05-07,CAMP020,google_ads,Google Ads - Chevrolet Tracker - lead_form,lead_form,Chevrolet,Tracker,3857,51,75585.83,2,1.32,1482.08,37792.91
2024-05-07,CAMP011,google_ads,Google Ads - Peugeot 3008 - trafico,trafico,Peugeot,3008,1606,18,28968.58,0,1.12,1609.37,
2024-05-07,CAMP058,meta_ads,Meta Ads - Toyota Corolla Cross - lead_form,lead_form,Toyota,Corolla Cross,482,16,12832.98,0,3.32,802.06,
2024-05-07,CAMP014,google_ads,Google Ads - Toyota Corolla Cross - lead_form,lead_form,Toyota,Corolla Cross,3394,51,56622.68,1,1.5,1110.25,56622.68
2024-05-07,CAMP047,meta_ads,Meta Ads - Renault Logan - lead_form,lead_form,Renault,Logan,2501,36,34340.29,2,1.44,953.9,17170.15
2024-05-07,CAMP032,meta_ads,Meta Ads - Fiat Pulse - lead_form,lead_form,Fiat,Pulse,2035,76,68303.08,6,3.73,898.72,11383.85
2024-05-07,CAMP028,google_ads,Google Ads - Volkswagen Amarok - remarketing,remarketing,Volkswagen,Amarok,2244,73,57131.29,4,3.25,782.62,14282.82
2024-05-07,CAMP029,google_ads,Google Ads - Ford Bronco Sport - whatsapp,whatsapp,Ford,Bronco Sport,5687,45,75927.62,3,0.79,1687.28,25309.21
2024-05-07,CAMP049,meta_ads,Meta Ads - Fiat Cronos - trafico,trafico,Fiat,Cronos,1022,10,15749.92,0,0.98,1574.99,
2024-05-08,CAMP038,meta_ads,Meta Ads - Peugeot Expert - remarketing,remarketing,Peugeot,Expert,652,4,22244.75,0,0.61,5561.19,
2024-05-08,CAMP025,google_ads,Google Ads - Ford Maverick - whatsapp,whatsapp,Ford,Maverick,3109,20,53199.21,1,0.64,2659.96,53199.21
2024-05-08,CAMP016,google_ads,Google Ads - Renault Kangoo - remarketing,remarketing,Renault,Kangoo,3998,70,76805.05,3,1.75,1097.21,25601.68
2024-05-08,CAMP037,meta_ads,Meta Ads - Peugeot Expert - trafico,trafico,Peugeot,Expert,3842,139,39013.28,9,3.62,280.67,4334.81
2024-05-08,CAMP002,google_ads,Google Ads - Peugeot Partner - whatsapp,whatsapp,Peugeot,Partner,976,43,15687.35,2,4.41,364.82,7843.67
2024-05-08,CAMP019,google_ads,Google Ads - Renault Alaskan - trafico,trafico,Renault,Alaskan,1904,74,62067.58,8,3.89,838.75,7758.45
2024-05-08,CAMP056,meta_ads,Meta Ads - Renault Logan - whatsapp,whatsapp,Renault,Logan,1426,54,20034.02,1,3.79,371.0,20034.02
2024-05-08,CAMP042,meta_ads,Meta Ads - Volkswagen Virtus - remarketing,remarketing,Volkswagen,Virtus,2866,98,89585.65,3,3.42,914.14,29861.88
2024-05-08,CAMP051,meta_ads,Meta Ads - Renault Logan - whatsapp,whatsapp,Renault,Logan,685,25,18884.17,2,3.65,755.37,9442.08
2024-05-08,CAMP057,meta_ads,Meta Ads - Toyota Hilux - lead_form,lead_form,Toyota,Hilux,6637,217,53983.48,4,3.27,248.77,13495.87
2024-05-08,CAMP001,google_ads,Google Ads - Peugeot 208 - lead_form,lead_form,Peugeot,208,8837,69,80979.81,3,0.78,1173.62,26993.27
2024-05-08,CAMP030,google_ads,Google Ads - Peugeot Partner - lead_form,lead_form,Peugeot,Partner,1226,45,32603.29,2,3.67,724.52,16301.64
2024-05-08,CAMP055,meta_ads,Meta Ads - Toyota Corolla - trafico,trafico,Toyota,Corolla,2018,58,66562.35,1,2.87,1147.63,66562.35
2024-05-09,CAMP056,meta_ads,Meta Ads - Renault Logan - whatsapp,whatsapp,Renault,Logan,2211,97,57177.74,4,4.39,589.46,14294.44
2024-05-09,CAMP010,google_ads,Google Ads - Renault Kangoo - whatsapp,whatsapp,Renault,Kangoo,4903,79,69131.65,3,1.61,875.08,23043.88
2024-05-09,CAMP049,meta_ads,Meta Ads - Fiat Cronos - trafico,trafico,Fiat,Cronos,801,32,18491.18,2,4.0,577.85,9245.59
2024-05-09,CAMP038,meta_ads,Meta Ads - Peugeot Expert - remarketing,remarketing,Peugeot,Expert,5123,46,69475.76,5,0.9,1510.34,13895.15
2024-05-09,CAMP055,meta_ads,Meta Ads - Toyota Corolla - trafico,trafico,Toyota,Corolla,2002,28,16730.88,2,1.4,597.53,8365.44
2024-05-09,CAMP027,google_ads,Google Ads - Chevrolet Tracker - whatsapp,whatsapp,Chevrolet,Tracker,2467,34,26705.54,2,1.38,785.46,13352.77
2024-05-09,CAMP041,meta_ads,Meta Ads - Toyota Corolla - lead_form,lead_form,Toyota,Corolla,1707,60,53251.96,2,3.51,887.53,26625.98
2024-05-09,CAMP029,google_ads,Google Ads - Ford Bronco Sport - whatsapp,whatsapp,Ford,Bronco Sport,3906,100,47499.06,11,2.56,474.99,4318.1
2024-05-09,CAMP043,meta_ads,Meta Ads - Chevrolet Onix - remarketing,remarketing,Chevrolet,Onix,1634,71,29117.53,7,4.35,410.11,4159.65
2024-05-09,CAMP008,google_ads,Google Ads - Chevrolet Tracker - remarketing,remarketing,Chevrolet,Tracker,1794,23,52143.89,1,1.28,2267.13,52143.89
2024-05-09,CAMP034,meta_ads,Meta Ads - Volkswagen Amarok - remarketing,remarketing,Volkswagen,Amarok,1525,60,24851.97,4,3.93,414.2,6212.99
2024-05-09,CAMP050,meta_ads,Meta Ads - Chevrolet Tracker - lead_form,lead_form,Chevrolet,Tracker,743,26,23530.88,1,3.5,905.03,23530.88
2024-05-09,CAMP016,google_ads,Google Ads - Renault Kangoo - remarketing,remarketing,Renault,Kangoo,6274,44,81886.78,3,0.7,1861.06,27295.59
2024-05-10,CAMP023,google_ads,Google Ads - Fiat Pulse - remarketing,remarketing,Fiat,Pulse,2606,20,46879.53,1,0.77,2343.98,46879.53
2024-05-10,CAMP017,google_ads,Google Ads - Chevrolet Onix - remarketing,remarketing,Chevrolet,Onix,6437,86,85212.54,2,1.34,990.84,42606.27
2024-05-10,CAMP008,google_ads,Google Ads - Chevrolet Tracker - remarketing,remarketing,Chevrolet,Tracker,1387,36,33850.72,0,2.6,940.3,
2024-05-10,CAMP036,meta_ads,Meta Ads - Ford Territory - whatsapp,whatsapp,Ford,Territory,1089,11,16045.69,0,1.01,1458.7,
2024-05-10,CAMP006,google_ads,Google Ads - Toyota Corolla - whatsapp,whatsapp,Toyota,Corolla,3510,53,82616.34,3,1.51,1558.8,27538.78
2024-05-10,CAMP060,meta_ads,Meta Ads - Volkswagen Amarok - whatsapp,whatsapp,Volkswagen,Amarok,1062,35,33814.0,2,3.3,966.11,16907.0
2024-05-10,CAMP028,google_ads,Google Ads - Volkswagen Amarok - remarketing,remarketing,Volkswagen,Amarok,3089,117,43062.98,10,3.79,368.06,4306.3
2024-05-10,CAMP014,google_ads,Google Ads - Toyota Corolla Cross - lead_form,lead_form,Toyota,Corolla Cross,4051,56,51119.5,4,1.38,912.85,12779.87
2024-05-10,CAMP010,google_ads,Google Ads - Renault Kangoo - whatsapp,whatsapp,Renault,Kangoo,4292,26,67713.72,0,0.61,2604.37,
2024-05-10,CAMP026,google_ads,Google Ads - Peugeot Partner - lead_form,lead_form,Peugeot,Partner,3372,117,83618.54,12,3.47,714.69,6968.21
2024-05-10,CAMP033,meta_ads,Meta Ads - Volkswagen Nivus - trafico,trafico,Volkswagen,Nivus,5263,171,66302.46,5,3.25,387.73,13260.49
2024-05-10,CAMP054,meta_ads,Meta Ads - Chevrolet S10 - remarketing,remarketing,Chevrolet,S10,1886,82,38279.61,6,4.35,466.82,6379.94
2024-05-10,CAMP050,meta_ads,Meta Ads - Chevrolet Tracker - lead_form,lead_form,Chevrolet,Tracker,5351,235,45822.66,25,4.39,194.99,1832.91
2024-05-10,CAMP022,google_ads,Google Ads - Toyota Hilux - lead_form,lead_form,Toyota,Hilux,896,5,25564.66,0,0.56,5112.93,
2024-05-10,CAMP004,google_ads,Google Ads - Peugeot Expert - lead_form,lead_form,Peugeot,Expert,6158,246,49438.55,15,3.99,200.97,3295.9
2024-05-11,CAMP053,meta_ads,Meta Ads - Chevrolet Spin - lead_form,lead_form,Chevrolet,Spin,1805,65,51245.42,1,3.6,788.39,51245.42
2024-05-11,CAMP002,google_ads,Google Ads - Peugeot Partner - whatsapp,whatsapp,Peugeot,Partner,4378,110,74703.62,5,2.51,679.12,14940.72
2024-05-11,CAMP037,meta_ads,Meta Ads - Peugeot Expert - trafico,trafico,Peugeot,Expert,2105,33,54565.78,2,1.57,1653.51,27282.89
2024-05-11,CAMP044,meta_ads,Meta Ads - Fiat Fastback - remarketing,remarketing,Fiat,Fastback,4746,90,76564.46,6,1.9,850.72,12760.74
2024-05-11,CAMP019,google_ads,Google Ads - Renault Alaskan - trafico,trafico,Renault,Alaskan,2034,79,63787.09,5,3.88,807.43,12757.42
2024-05-11,CAMP054,meta_ads,Meta Ads - Chevrolet S10 - remarketing,remarketing,Chevrolet,S10,1501,46,33055.12,1,3.06,718.59,33055.12
2024-05-11,CAMP015,google_ads,Google Ads - Ford Maverick - trafico,trafico,Ford,Maverick,3155,141,44004.88,7,4.47,312.09,6286.41
2024-05-11,CAMP034,meta_ads,Meta Ads - Volkswagen Amarok - remarketing,remarketing,Volkswagen,Amarok,610,20,14410.56,1,3.28,720.53,14410.56
2024-05-12,CAMP048,meta_ads,Meta Ads - Ford Kuga - whatsapp,whatsapp,Ford,Kuga,2828,36,89528.14,3,1.27,2486.89,29842.71
2024-05-12,CAMP006,google_ads,Google Ads - Toyota Corolla - whatsapp,whatsapp,Toyota,Corolla,2327,67,39437.33,7,2.88,588.62,5633.9
2024-05-12,CAMP013,google_ads,Google Ads - Renault Logan - lead_form,lead_form,Renault,Logan,2566,73,33741.85,6,2.84,462.22,5623.64
2024-05-12,CAMP025,google_ads,Google Ads - Ford Maverick - whatsapp,whatsapp,Ford,Maverick,6847,253,77512.36,18,3.7,306.37,4306.24
2024-05-12,CAMP041,meta_ads,Meta Ads - Toyota Corolla - lead_form,lead_form,Toyota,Corolla,4274,44,74245.13,0,1.03,1687.39,
2024-05-12,CAMP007,google_ads,Google Ads - Volkswagen Nivus - lead_form,lead_form,Volkswagen,Nivus,7083,230,84813.26,16,3.25,368.75,5300.83
2024-05-12,CAMP018,google_ads,Google Ads - Toyota SW4 - trafico,trafico,Toyota,SW4,1508,18,34803.68,1,1.19,1933.54,34803.68
2024-05-12,CAMP056,meta_ads,Meta Ads - Renault Logan - whatsapp,whatsapp,Renault,Logan,1074,25,17138.92,0,2.33,685.56,
2024-05-12,CAMP044,meta_ads,Meta Ads - Fiat Fastback - remarketing,remarketing,Fiat,Fastback,6779,169,76829.75,2,2.49,454.61,38414.87
2024-05-12,CAMP035,meta_ads,Meta Ads - Peugeot 3008 - whatsapp,whatsapp,Peugeot,3008,1300,10,39704.89,0,0.77,3970.49,
2024-05-12,CAMP029,google_ads,Google Ads - Ford Bronco Sport - whatsapp,whatsapp,Ford,Bronco Sport,2774,70,81007.46,8,2.52,1157.25,10125.93
2024-05-13,CAMP010,google_ads,Google Ads - Renault Kangoo - whatsapp,whatsapp,Renault,Kangoo,3019,67,76096.57,7,2.22,1135.77,10870.94
2024-05-13,CAMP006,google_ads,Google Ads - Toyota Corolla - whatsapp,whatsapp,Toyota,Corolla,1319,23,19859.23,1,1.74,863.44,19859.23
2024-05-13,CAMP046,meta_ads,Meta Ads - Peugeot 208 - trafico,trafico,Peugeot,208,2148,39,56567.04,2,1.82,1450.44,28283.52
2024-05-13,CAMP018,google_ads,Google Ads - Toyota SW4 - trafico,trafico,Toyota,SW4,4928,55,65978.16,4,1.12,1199.6,16494.54
2024-05-13,CAMP060,meta_ads,Meta Ads - Volkswagen Amarok - whatsapp,whatsapp,Volkswagen,Amarok,3477,97,35851.88,7,2.79,369.61,5121.7
2024-05-13,CAMP047,meta_ads,Meta Ads - Renault Logan - lead_form,lead_form,Renault,Logan,3037,121,55142.37,7,3.98,455.72,7877.48
2024-05-13,CAMP013,google_ads,Google Ads - Renault Logan - lead_form,lead_form,Renault,Logan,1156,21,23048.81,2,1.82,1097.56,11524.41
2024-05-13,CAMP028,google_ads,Google Ads - Volkswagen Amarok - remarketing,remarketing,Volkswagen,Amarok,3307,74,68285.54,4,2.24,922.78,17071.39
2024-05-13,CAMP038,meta_ads,Meta Ads - Peugeot Expert - remarketing,remarketing,Peugeot,Expert,5082,141,44457.77,16,2.77,315.3,2778.61
2024-05-13,CAMP059,meta_ads,Meta Ads - Renault Alaskan - whatsapp,whatsapp,Renault,Alaskan,1594,47,45297.9,2,2.95,963.79,22648.95
2024-05-13,CAMP019,google_ads,Google Ads - Renault Alaskan - trafico,trafico,Renault,Alaskan,1431,15,31248.0,1,1.05,2083.2,31248.0
2024-05-13,CAMP015,google_ads,Google Ads - Ford Maverick - trafico,trafico,Ford,Maverick,3561,126,56698.41,7,3.54,449.99,8099.77
2024-05-13,CAMP003,google_ads,Google Ads - Volkswagen Virtus - lead_form,lead_form,Volkswagen,Virtus,5377,201,43881.15,21,3.74,218.31,2089.58
2024-05-13,CAMP031,meta_ads,Meta Ads - Volkswagen Polo - trafico,trafico,Volkswagen,Polo,5111,41,48395.35,4,0.8,1180.37,12098.84
2024-05-13,CAMP023,google_ads,Google Ads - Fiat Pulse - remarketing,remarketing,Fiat,Pulse,3725,36,63342.62,1,0.97,1759.52,63342.62
2024-05-13,CAMP016,google_ads,Google Ads - Renault Kangoo - remarketing,remarketing,Renault,Kangoo,2954,24,50069.86,2,0.81,2086.24,25034.93
2024-05-14,CAMP048,meta_ads,Meta Ads - Ford Kuga - whatsapp,whatsapp,Ford,Kuga,2239,95,61405.3,9,4.24,646.37,6822.81
2024-05-14,CAMP046,meta_ads,Meta Ads - Peugeot 208 - trafico,trafico,Peugeot,208,4549,39,61046.05,1,0.86,1565.28,61046.05
2024-05-14,CAMP004,google_ads,Google Ads - Peugeot Expert - lead_form,lead_form,Peugeot,Expert,3683,57,81164.3,1,1.55,1423.94,81164.3
2024-05-14,CAMP045,meta_ads,Meta Ads - Chevrolet S10 - lead_form,lead_form,Chevrolet,S10,647,13,14015.09,1,2.01,1078.08,14015.09
2024-05-14,CAMP014,google_ads,Google Ads - Toyota Corolla Cross - lead_form,lead_form,Toyota,Corolla Cross,1691,22,35627.65,0,1.3,1619.44,
2024-05-14,CAMP034,meta_ads,Meta Ads - Volkswagen Amarok - remarketing,remarketing,Volkswagen,Amarok,5233,156,78638.42,9,2.98,504.09,8737.6
2024-05-14,CAMP010,google_ads,Google Ads - Renault Kangoo - whatsapp,whatsapp,Renault,Kangoo,5628,65,63754.45,1,1.15,980.84,63754.45
2024-05-14,CAMP036,meta_ads,Meta Ads - Ford Territory - whatsapp,whatsapp,Ford,Territory,825,12,23203.66,0,1.45,1933.64,
2024-05-14,CAMP060,meta_ads,Meta Ads - Volkswagen Amarok - whatsapp,whatsapp,Volkswagen,Amarok,4997,123,67010.4,5,2.46,544.8,13402.08
2024-05-14,CAMP032,meta_ads,Meta Ads - Fiat Pulse - lead_form,lead_form,Fiat,Pulse,834,16,19932.23,0,1.92,1245.76,
2024-05-14,CAMP009,google_ads,Google Ads - Volkswagen Amarok - trafico,trafico,Volkswagen,Amarok,1431,34,42371.84,3,2.38,1246.23,14123.95
2024-05-14,CAMP015,google_ads,Google Ads - Ford Maverick - trafico,trafico,Ford,Maverick,1514,16,23712.47,0,1.06,1482.03,
2024-05-14,CAMP044,meta_ads,Meta Ads - Fiat Fastback - remarketing,remarketing,Fiat,Fastback,6463,202,57660.03,16,3.13,285.45,3603.75
2024-05-14,CAMP041,meta_ads,Meta Ads - Toyota Corolla - lead_form,lead_form,Toyota,Corolla,1444,28,46977.41,0,1.94,1677.76,
2024-05-14,CAMP054,meta_ads,Meta Ads - Chevrolet S10 - remarketing,remarketing,Chevrolet,S10,3993,25,81362.56,0,0.63,3254.5,
2024-05-14,CAMP020,google_ads,Google Ads - Chevrolet Tracker - lead_form,lead_form,Chevrolet,Tracker,1644,23,51386.72,2,1.4,2234.21,25693.36
2024-05-15,CAMP025,google_ads,Google Ads - Ford Maverick - whatsapp,whatsapp,Ford,Maverick,1911,79,35628.53,6,4.13,450.99,5938.09
2024-05-15,CAMP033,meta_ads,Meta Ads - Volkswagen Nivus - trafico,trafico,Volkswagen,Nivus,1994,63,41368.77,4,3.16,656.65,10342.19
2024-05-15,CAMP005,google_ads,Google Ads - Chevrolet Cruze - lead_form,lead_form,Chevrolet,Cruze,2914,77,84338.16,2,2.64,1095.3,42169.08
2024-05-15,CAMP012,google_ads,Google Ads - Ford Territory - whatsapp,whatsapp,Ford,Territory,1103,21,37277.98,1,1.9,1775.14,37277.98
2024-05-15,CAMP042,meta_ads,Meta Ads - Volkswagen Virtus - remarketing,remarketing,Volkswagen,Virtus,4720,185,43494.36,5,3.92,235.1,8698.87
2024-05-15,CAMP010,google_ads,Google Ads - Renault Kangoo - whatsapp,whatsapp,Renault,Kangoo,1797,76,19530.15,4,4.23,256.98,4882.54
2024-05-15,CAMP023,google_ads,Google Ads - Fiat Pulse - remarketing,remarketing,Fiat,Pulse,2066,77,71272.92,7,3.73,925.62,10181.85
2024-05-15,CAMP056,meta_ads,Meta Ads - Renault Logan - whatsapp,whatsapp,Renault,Logan,943,12,30456.14,1,1.27,2538.01,30456.14
2024-05-15,CAMP047,meta_ads,Meta Ads - Renault Logan - lead_form,lead_form,Renault,Logan,3668,31,70953.48,2,0.85,2288.82,35476.74
2024-05-15,CAMP037,meta_ads,Meta Ads - Peugeot Expert - trafico,trafico,Peugeot,Expert,678,5,20928.96,0,0.74,4185.79,
2024-05-15,CAMP022,google_ads,Google Ads - Toyota Hilux - lead_form,lead_form,Toyota,Hilux,1932,81,59309.6,3,4.19,732.22,19769.87
2024-05-15,CAMP030,google_ads,Google Ads - Peugeot Partner - lead_form,lead_form,Peugeot,Partner,3654,162,66500.61,12,4.43,410.5,5541.72
2024-05-15,CAMP046,meta_ads,Meta Ads - Peugeot 208 - trafico,trafico,Peugeot,208,1861,42,27579.29,1,2.26,656.65,27579.29
2024-05-15,CAMP009,google_ads,Google Ads - Volkswagen Amarok - trafico,trafico,Volkswagen,Amarok,2237,84,27693.03,8,3.76,329.68,3461.63
2024-05-15,CAMP018,google_ads,Google Ads - Toyota SW4 - trafico,trafico,Toyota,SW4,1138,34,26999.07,2,2.99,794.09,13499.54
2024-05-15,CAMP043,meta_ads,Meta Ads - Chevrolet Onix - remarketing,remarketing,Chevrolet,Onix,933,38,27876.09,2,4.07,733.58,13938.04
2024-05-16,CAMP037,meta_ads,Meta Ads - Peugeot Expert - trafico,trafico,Peugeot,Expert,2717,53,56488.87,4,1.95,1065.83,14122.22
2024-05-16,CAMP035,meta_ads,Meta Ads - Peugeot 3008 - whatsapp,whatsapp,Peugeot,3008,4741,40,55578.39,2,0.84,1389.46,27789.2
2024-05-16,CAMP056,meta_ads,Meta Ads - Renault Logan - whatsapp,whatsapp,Renault,Logan,4169,37,41337.22,3,0.89,1117.22,13779.07
2024-05-16,CAMP005,google_ads,Google Ads - Chevrolet Cruze - lead_form,lead_form,Chevrolet,Cruze,3152,47,35261.7,3,1.49,750.25,11753.9
2024-05-16,CAMP022,google_ads,Google Ads - Toyota Hilux - lead_form,lead_form,Toyota,Hilux,2691,114,37811.74,12,4.24,331.68,3150.98
2024-05-16,CAMP012,google_ads,Google Ads - Ford Territory - whatsapp,whatsapp,Ford,Territory,1171,10,31607.78,1,0.85,3160.78,31607.78
2024-05-16,CAMP044,meta_ads,Meta Ads - Fiat Fastback - remarketing,remarketing,Fiat,Fastback,8734,248,87512.96,25,2.84,352.87,3500.52
2024-05-16,CAMP047,meta_ads,Meta Ads - Renault Logan - lead_form,lead_form,Renault,Logan,3938,84,84681.11,1,2.13,1008.11,84681.11
2024-05-16,CAMP053,meta_ads,Meta Ads - Chevrolet Spin - lead_form,lead_form,Chevrolet,Spin,6040,147,66406.4,16,2.43,451.74,4150.4
2024-05-16,CAMP042,meta_ads,Meta Ads - Volkswagen Virtus - remarketing,remarketing,Volkswagen,Virtus,3691,70,32518.14,2,1.9,464.54,16259.07
2024-05-16,CAMP034,meta_ads,Meta Ads - Volkswagen Amarok - remarketing,remarketing,Volkswagen,Amarok,1329,15,38094.22,1,1.13,2539.61,38094.22
2024-05-16,CAMP032,meta_ads,Meta Ads - Fiat Pulse - lead_form,lead_form,Fiat,Pulse,2101,66,69242.07,7,3.14,1049.12,9891.72
2024-05-16,CAMP013,google_ads,Google Ads - Renault Logan - lead_form,lead_form,Renault,Logan,3047,130,30378.14,14,4.27,233.68,2169.87
2024-05-16,CAMP014,google_ads,Google Ads - Toyota Corolla Cross - lead_form,lead_form,Toyota,Corolla Cross,2331,17,66841.08,2,0.73,3931.83,33420.54
2024-05-17,CAMP039,meta_ads,Meta Ads - Chevrolet Cruze - trafico,trafico,Chevrolet,Cruze,1712,42,29894.37,4,2.45,711.77,7473.59
2024-05-17,CAMP048,meta_ads,Meta Ads - Ford Kuga - whatsapp,whatsapp,Ford,Kuga,5742,242,81247.08,4,4.21,335.73,20311.77
2024-05-17,CAMP040,meta_ads,Meta Ads - Volkswagen Virtus - remarketing,remarketing,Volkswagen,Virtus,5549,164,73784.96,8,2.96,449.91,9223.12
2024-05-17,CAMP006,google_ads,Google Ads - Toyota Corolla - whatsapp,whatsapp,Toyota,Corolla,7779,192,66038.94,10,2.47,343.95,6603.89
2024-05-17,CAMP036,meta_ads,Meta Ads - Ford Territory - whatsapp,whatsapp,Ford,Territory,3679,122,41879.43,8,3.32,343.27,5234.93
2024-05-17,CAMP031,meta_ads,Meta Ads - Volkswagen Polo - trafico,trafico,Volkswagen,Polo,1899,56,21246.66,6,2.95,379.4,3541.11
2024-05-17,CAMP009,google_ads,Google Ads - Volkswagen Amarok - trafico,trafico,Volkswagen,Amarok,2309,96,39873.38,3,4.16,415.35,13291.13
2024-05-17,CAMP018,google_ads,Google Ads - Toyota SW4 - trafico,trafico,Toyota,SW4,2343,51,19386.21,4,2.18,380.12,4846.55
2024-05-17,CAMP047,meta_ads,Meta Ads - Renault Logan - lead_form,lead_form,Renault,Logan,3373,26,75828.37,2,0.77,2916.48,37914.18
2024-05-17,CAMP003,google_ads,Google Ads - Volkswagen Virtus - lead_form,lead_form,Volkswagen,Virtus,5491,45,80995.21,0,0.82,1799.89,
2024-05-17,CAMP007,google_ads,Google Ads - Volkswagen Nivus - lead_form,lead_form,Volkswagen,Nivus,2988,54,46715.64,4,1.81,865.1,11678.91
2024-05-17,CAMP051,meta_ads,Meta Ads - Renault Logan - whatsapp,whatsapp,Renault,Logan,2356,26,82349.11,1,1.1,3167.27,82349.11
2024-05-17,CAMP032,meta_ads,Meta Ads - Fiat Pulse - lead_form,lead_form,Fiat,Pulse,2487,22,63987.67,2,0.88,2908.53,31993.83
2024-05-17,CAMP033,meta_ads,Meta Ads - Volkswagen Nivus - trafico,trafico,Volkswagen,Nivus,1048,39,28365.78,4,3.72,727.33,7091.45
2024-05-18,CAMP029,google_ads,Google Ads - Ford Bronco Sport - whatsapp,whatsapp,Ford,Bronco Sport,1630,16,36885.75,0,0.98,2305.36,
2024-05-18,CAMP046,meta_ads,Meta Ads - Peugeot 208 - trafico,trafico,Peugeot,208,1308,32,44062.66,0,2.45,1376.96,
2024-05-18,CAMP020,google_ads,Google Ads - Chevrolet Tracker - lead_form,lead_form,Chevrolet,Tracker,2707,71,83173.09,3,2.62,1171.45,27724.36
2024-05-18,CAMP024,google_ads,Google Ads - Peugeot Partner - whatsapp,whatsapp,Peugeot,Partner,4874,167,55153.37,16,3.43,330.26,3447.09
2024-05-18,CAMP050,meta_ads,Meta Ads - Chevrolet Tracker - lead_form,lead_form,Chevrolet,Tracker,1031,23,14803.6,2,2.23,643.63,7401.8
2024-05-18,CAMP036,meta_ads,Meta Ads - Ford Territory - whatsapp,whatsapp,Ford,Territory,10072,388,86372.04,16,3.85,222.61,5398.25
2024-05-18,CAMP019,google_ads,Google Ads - Renault Alaskan - trafico,trafico,Renault,Alaskan,3594,156,57905.89,3,4.34,371.19,19301.96
2024-05-18,CAMP042,meta_ads,Meta Ads - Volkswagen Virtus - remarketing,remarketing,Volkswagen,Virtus,4284,28,78688.25,1,0.65,2810.29,78688.25
2024-05-18,CAMP016,google_ads,Google Ads - Renault Kangoo - remarketing,remarketing,Renault,Kangoo,3318,68,46652.19,5,2.05,686.06,9330.44
2024-05-18,CAMP034,meta_ads,Meta Ads - Volkswagen Amarok - remarketing,remarketing,Volkswagen,Amarok,2073,14,53555.78,1,0.68,3825.41,53555.78
2024-05-18,CAMP018,google_ads,Google Ads - Toyota SW4 - trafico,trafico,Toyota,SW4,2613,92,85137.5,4,3.52,925.41,21284.38
2024-05-19,CAMP052,meta_ads,Meta Ads - Volkswagen Taos - whatsapp,whatsapp,Volkswagen,Taos,2981,111,84428.19,8,3.72,760.61,10553.52
2024-05-19,CAMP049,meta_ads,Meta Ads - Fiat Cronos - trafico,trafico,Fiat,Cronos,2601,44,86292.94,5,1.69,1961.2,17258.59
2024-05-19,CAMP038,meta_ads,Meta Ads - Peugeot Expert - remarketing,remarketing,Peugeot,Expert,2762,94,53711.39,9,3.4,571.4,5967.93
2024-05-19,CAMP014,google_ads,Google Ads - Toyota Corolla Cross - lead_form,lead_form,Toyota,Corolla Cross,951,23,32287.86,2,2.42,1403.82,16143.93
2024-05-19,CAMP059,meta_ads,Meta Ads - Renault Alaskan - whatsapp,whatsapp,Renault,Alaskan,940,15,30581.7,1,1.6,2038.78,30581.7
2024-05-19,CAMP002,google_ads,Google Ads - Peugeot Partner - whatsapp,whatsapp,Peugeot,Partner,955,34,33402.64,1,3.56,982.43,33402.64
2024-05-19,CAMP022,google_ads,Google Ads - Toyota Hilux - lead_form,lead_form,Toyota,Hilux,6253,104,56544.45,4,1.66,543.7,14136.11
2024-05-19,CAMP047,meta_ads,Meta Ads - Renault Logan - lead_form,lead_form,Renault,Logan,1230,44,31540.04,0,3.58,716.82,
2024-05-19,CAMP040,meta_ads,Meta Ads - Volkswagen Virtus - remarketing,remarketing,Volkswagen,Virtus,1390,53,35937.82,5,3.81,678.07,7187.56
2024-05-19,CAMP028,google_ads,Google Ads - Volkswagen Amarok - remarketing,remarketing,Volkswagen,Amarok,5506,34,46617.08,0,0.62,1371.09,
2024-05-19,CAMP051,meta_ads,Meta Ads - Renault Logan - whatsapp,whatsapp,Renault,Logan,1585,43,39980.44,2,2.71,929.78,19990.22
2024-05-19,CAMP053,meta_ads,Meta Ads - Chevrolet Spin - lead_form,lead_form,Chevrolet,Spin,5637,231,57206.49,16,4.1,247.65,3575.41
2024-05-20,CAMP029,google_ads,Google Ads - Ford Bronco Sport - whatsapp,whatsapp,Ford,Bronco Sport,2345,93,29810.05,7,3.97,320.54,4258.58
2024-05-20,CAMP012,google_ads,Google Ads - Ford Territory - whatsapp,whatsapp,Ford,Territory,1177,15,30220.81,1,1.27,2014.72,30220.81
2024-05-20,CAMP017,google_ads,Google Ads - Chevrolet Onix - remarketing,remarketing,Chevrolet,Onix,2803,77,46455.32,2,2.75,603.32,23227.66
2024-05-20,CAMP050,meta_ads,Meta Ads - Chevrolet Tracker - lead_form,lead_form,Chevrolet,Tracker,2485,109,86439.85,1,4.39,793.03,86439.85
2024-05-20,CAMP051,meta_ads,Meta Ads - Renault Logan - whatsapp,whatsapp,Renault,Logan,2524,68,78091.58,1,2.69,1148.41,78091.58
2024-05-20,CAMP018,google_ads,Google Ads - Toyota SW4 - trafico,trafico,Toyota,SW4,2775,71,30379.09,1,2.56,427.87,30379.09
2024-05-20,CAMP058,meta_ads,Meta Ads - Toyota Corolla Cross - lead_form,lead_form,Toyota,Corolla Cross,1338,37,18084.42,3,2.77,488.77,6028.14
2024-05-20,CAMP032,meta_ads,Meta Ads - Fiat Pulse - lead_form,lead_form,Fiat,Pulse,6575,148,65275.55,6,2.25,441.05,10879.26
2024-05-20,CAMP009,google_ads,Google Ads - Volkswagen Amarok - trafico,trafico,Volkswagen,Amarok,572,11,13959.6,1,1.92,1269.05,13959.6
2024-05-21,CAMP031,meta_ads,Meta Ads - Volkswagen Polo - trafico,trafico,Volkswagen,Polo,1742,59,28672.08,5,3.39,485.97,5734.42
2024-05-21,CAMP019,google_ads,Google Ads - Renault Alaskan - trafico,trafico,Renault,Alaskan,2699,115,73563.72,6,4.26,639.68,12260.62
2024-05-21,CAMP040,meta_ads,Meta Ads - Volkswagen Virtus - remarketing,remarketing,Volkswagen,Virtus,2245,26,57805.71,2,1.16,2223.3,28902.86
2024-05-21,CAMP002,google_ads,Google Ads - Peugeot Partner - whatsapp,whatsapp,Peugeot,Partner,1865,80,63026.9,9,4.29,787.84,7002.99
2024-05-21,CAMP011,google_ads,Google Ads - Peugeot 3008 - trafico,trafico,Peugeot,3008,1615,49,56449.21,4,3.03,1152.02,14112.3
2024-05-21,CAMP024,google_ads,Google Ads - Peugeot Partner - whatsapp,whatsapp,Peugeot,Partner,4823,194,54374.5,19,4.02,280.28,2861.82
2024-05-21,CAMP003,google_ads,Google Ads - Volkswagen Virtus - lead_form,lead_form,Volkswagen,Virtus,2314,60,59721.95,2,2.59,995.37,29860.98
2024-05-21,CAMP059,meta_ads,Meta Ads - Renault Alaskan - whatsapp,whatsapp,Renault,Alaskan,1163,48,27380.55,2,4.13,570.43,13690.28
2024-05-21,CAMP010,google_ads,Google Ads - Renault Kangoo - whatsapp,whatsapp,Renault,Kangoo,2174,32,74783.26,1,1.47,2336.98,74783.26
2024-05-21,CAMP038,meta_ads,Meta Ads - Peugeot Expert - remarketing,remarketing,Peugeot,Expert,3308,77,88391.61,8,2.33,1147.94,11048.95
2024-05-21,CAMP057,meta_ads,Meta Ads - Toyota Hilux - lead_form,lead_form,Toyota,Hilux,4358,121,44246.85,2,2.78,365.68,22123.43
2024-05-21,CAMP007,google_ads,Google Ads - Volkswagen Nivus - lead_form,lead_form,Volkswagen,Nivus,1922,28,40508.77,2,1.46,1446.74,20254.39
2024-05-21,CAMP039,meta_ads,Meta Ads - Chevrolet Cruze - trafico,trafico,Chevrolet,Cruze,991,44,30107.05,4,4.44,684.25,7526.76
2024-05-22,CAMP050,meta_ads,Meta Ads - Chevrolet Tracker - lead_form,lead_form,Chevrolet,Tracker,3484,76,38974.93,5,2.18,512.83,7794.99
2024-05-22,CAMP059,meta_ads,Meta Ads - Renault Alaskan - whatsapp,whatsapp,Renault,Alaskan,1114,44,23777.83,1,3.95,540.41,23777.83
2024-05-22,CAMP027,google_ads,Google Ads - Chevrolet Tracker - whatsapp,whatsapp,Chevrolet,Tracker,1296,16,26257.31,0,1.23,1641.08,
2024-05-22,CAMP044,meta_ads,Meta Ads - Fiat Fastback - remarketing,remarketing,Fiat,Fastback,2658,64,72326.45,1,2.41,1130.1,72326.45
2024-05-22,CAMP038,meta_ads,Meta Ads - Peugeot Expert - remarketing,remarketing,Peugeot,Expert,2638,18,80504.22,0,0.68,4472.46,
2024-05-22,CAMP043,meta_ads,Meta Ads - Chevrolet Onix - remarketing,remarketing,Chevrolet,Onix,814,21,17847.33,1,2.58,849.87,17847.33
2024-05-22,CAMP009,google_ads,Google Ads - Volkswagen Amarok - trafico,trafico,Volkswagen,Amarok,3962,131,45330.5,5,3.31,346.03,9066.1
2024-05-22,CAMP039,meta_ads,Meta Ads - Chevrolet Cruze - trafico,trafico,Chevrolet,Cruze,2058,78,35184.57,3,3.79,451.08,11728.19
2024-05-22,CAMP017,google_ads,Google Ads - Chevrolet Onix - remarketing,remarketing,Chevrolet,Onix,5499,187,59994.63,4,3.4,320.83,14998.66
2024-05-22,CAMP051,meta_ads,Meta Ads - Renault Logan - whatsapp,whatsapp,Renault,Logan,2512,104,84537.27,8,4.14,812.86,10567.16
2024-05-22,CAMP019,google_ads,Google Ads - Renault Alaskan - trafico,trafico,Renault,Alaskan,3560,126,70374.46,11,3.54,558.53,6397.68
2024-05-23,CAMP047,meta_ads,Meta Ads - Renault Logan - lead_form,lead_form,Renault,Logan,1599,33,40850.16,2,2.06,1237.88,20425.08
2024-05-23,CAMP050,meta_ads,Meta Ads - Chevrolet Tracker - lead_form,lead_form,Chevrolet,Tracker,2164,92,51676.04,2,4.25,561.7,25838.02
2024-05-23,CAMP038,meta_ads,Meta Ads - Peugeot Expert - remarketing,remarketing,Peugeot,Expert,2044,57,35193.19,6,2.79,617.42,5865.53
2024-05-23,CAMP053,meta_ads,Meta Ads - Chevrolet Spin - lead_form,lead_form,Chevrolet,Spin,1858,42,57226.6,2,2.26,1362.54,28613.3
2024-05-23,CAMP033,meta_ads,Meta Ads - Volkswagen Nivus - trafico,trafico,Volkswagen,Nivus,2874,33,36849.11,3,1.15,1116.64,12283.04
2024-05-23,CAMP006,google_ads,Google Ads - Toyota Corolla - whatsapp,whatsapp,Toyota,Corolla,1996,28,69300.81,1,1.4,2475.03,69300.81
2024-05-23,CAMP010,google_ads,Google Ads - Renault Kangoo - whatsapp,whatsapp,Renault,Kangoo,2309,22,56860.75,0,0.95,2584.58,
2024-05-23,CAMP001,google_ads,Google Ads - Peugeot 208 - lead_form,lead_form,Peugeot,208,1380,31,21246.98,3,2.25,685.39,7082.33
2024-05-23,CAMP058,meta_ads,Meta Ads - Toyota Corolla Cross - lead_form,lead_form,Toyota,Corolla Cross,1052,46,34501.35,4,4.37,750.03,8625.34
2024-05-23,CAMP052,meta_ads,Meta Ads - Volkswagen Taos - whatsapp,whatsapp,Volkswagen,Taos,3235,37,84112.24,1,1.14,2273.3,84112.24
2024-05-24,CAMP049,meta_ads,Meta Ads - Fiat Cronos - trafico,trafico,Fiat,Cronos,2262,24,45267.2,1,1.06,1886.13,45267.2
2024-05-24,CAMP011,google_ads,Google Ads - Peugeot 3008 - trafico,trafico,Peugeot,3008,3058,127,83603.63,3,4.15,658.3,27867.88
2024-05-24,CAMP002,google_ads,Google Ads - Peugeot Partner - whatsapp,whatsapp,Peugeot,Partner,3815,35,81332.62,1,0.92,2323.79,81332.62
2024-05-24,CAMP039,meta_ads,Meta Ads - Chevrolet Cruze - trafico,trafico,Chevrolet,Cruze,1294,56,33719.35,5,4.33,602.13,6743.87
2024-05-24,CAMP003,google_ads,Google Ads - Volkswagen Virtus - lead_form,lead_form,Volkswagen,Virtus,5001,44,70053.65,1,0.88,1592.13,70053.65
2024-05-24,CAMP035,meta_ads,Meta Ads - Peugeot 3008 - whatsapp,whatsapp,Peugeot,3008,1884,65,38156.3,5,3.45,587.02,7631.26
2024-05-24,CAMP055,meta_ads,Meta Ads - Toyota Corolla - trafico,trafico,Toyota,Corolla,669,27,17778.9,0,4.04,658.48,
2024-05-24,CAMP052,meta_ads,Meta Ads - Volkswagen Taos - whatsapp,whatsapp,Volkswagen,Taos,733,19,19834.23,0,2.59,1043.91,
2024-05-24,CAMP013,google_ads,Google Ads - Renault Logan - lead_form,lead_form,Renault,Logan,1813,55,55537.28,6,3.03,1009.77,9256.21
2024-05-24,CAMP001,google_ads,Google Ads - Peugeot 208 - lead_form,lead_form,Peugeot,208,4161,120,60928.23,12,2.88,507.74,5077.35
2024-05-24,CAMP032,meta_ads,Meta Ads - Fiat Pulse - lead_form,lead_form,Fiat,Pulse,2196,53,29176.35,3,2.41,550.5,9725.45
2024-05-24,CAMP058,meta_ads,Meta Ads - Toyota Corolla Cross - lead_form,lead_form,Toyota,Corolla Cross,1242,13,26594.18,1,1.05,2045.71,26594.18
2024-05-24,CAMP024,google_ads,Google Ads - Peugeot Partner - whatsapp,whatsapp,Peugeot,Partner,862,29,18919.51,1,3.36,652.4,18919.51
2024-05-24,CAMP014,google_ads,Google Ads - Toyota Corolla Cross - lead_form,lead_form,Toyota,Corolla Cross,2159,64,45876.86,5,2.96,716.83,9175.37
2024-05-24,CAMP019,google_ads,Google Ads - Renault Alaskan - trafico,trafico,Renault,Alaskan,565,16,15027.39,1,2.83,939.21,15027.39
2024-05-24,CAMP037,meta_ads,Meta Ads - Peugeot Expert - trafico,trafico,Peugeot,Expert,1740,46,30307.83,5,2.64,658.87,6061.57
2024-05-25,CAMP054,meta_ads,Meta Ads - Chevrolet S10 - remarketing,remarketing,Chevrolet,S10,3413,49,54538.52,5,1.44,1113.03,10907.7
2024-05-25,CAMP015,google_ads,Google Ads - Ford Maverick - trafico,trafico,Ford,Maverick,2870,64,82181.3,3,2.23,1284.08,27393.77
2024-05-25,CAMP057,meta_ads,Meta Ads - Toyota Hilux - lead_form,lead_form,Toyota,Hilux,1611,20,31384.54,2,1.24,1569.23,15692.27
2024-05-25,CAMP019,google_ads,Google Ads - Renault Alaskan - trafico,trafico,Renault,Alaskan,3664,78,63705.68,2,2.13,816.74,31852.84
2024-05-25,CAMP043,meta_ads,Meta Ads - Chevrolet Onix - remarketing,remarketing,Chevrolet,Onix,2641,104,81035.64,8,3.94,779.19,10129.45
2024-05-25,CAMP032,meta_ads,Meta Ads - Fiat Pulse - lead_form,lead_form,Fiat,Pulse,7491,123,65787.0,4,1.64,534.85,16446.75
2024-05-25,CAMP055,meta_ads,Meta Ads - Toyota Corolla - trafico,trafico,Toyota,Corolla,4127,115,78596.55,5,2.79,683.45,15719.31
2024-05-25,CAMP051,meta_ads,Meta Ads - Renault Logan - whatsapp,whatsapp,Renault,Logan,3393,127,64830.16,7,3.74,510.47,9261.45
2024-05-25,CAMP041,meta_ads,Meta Ads - Toyota Corolla - lead_form,lead_form,Toyota,Corolla,3422,85,32425.09,3,2.48,381.47,10808.36
2024-05-25,CAMP026,google_ads,Google Ads - Peugeot Partner - lead_form,lead_form,Peugeot,Partner,6694,157,61801.32,6,2.35,393.64,10300.22
2024-05-25,CAMP039,meta_ads,Meta Ads - Chevrolet Cruze - trafico,trafico,Chevrolet,Cruze,3583,130,80523.35,3,3.63,619.41,26841.12
2024-05-25,CAMP023,google_ads,Google Ads - Fiat Pulse - remarketing,remarketing,Fiat,Pulse,3583,39,87769.01,2,1.09,2250.49,43884.51
2024-05-26,CAMP052,meta_ads,Meta Ads - Volkswagen Taos - whatsapp,whatsapp,Volkswagen,Taos,7386,58,71749.01,2,0.79,1237.05,35874.5
2024-05-26,CAMP025,google_ads,Google Ads - Ford Maverick - whatsapp,whatsapp,Ford,Maverick,1553,60,53766.87,3,3.86,896.11,17922.29
2024-05-26,CAMP006,google_ads,Google Ads - Toyota Corolla - whatsapp,whatsapp,Toyota,Corolla,4293,52,67990.0,2,1.21,1307.5,33995.0
2024-05-26,CAMP050,meta_ads,Meta Ads - Chevrolet Tracker - lead_form,lead_form,Chevrolet,Tracker,1929,30,44244.83,0,1.56,1474.83,
2024-05-26,CAMP046,meta_ads,Meta Ads - Peugeot 208 - trafico,trafico,Peugeot,208,2745,72,77947.59,4,2.62,1082.61,19486.9
2024-05-26,CAMP022,google_ads,Google Ads - Toyota Hilux - lead_form,lead_form,Toyota,Hilux,8064,137,73724.79,2,1.7,538.14,36862.4
2024-05-26,CAMP023,google_ads,Google Ads - Fiat Pulse - remarketing,remarketing,Fiat,Pulse,2304,16,61261.33,1,0.69,3828.83,61261.33
2024-05-26,CAMP057,meta_ads,Meta Ads - Toyota Hilux - lead_form,lead_form,Toyota,Hilux,4143,89,75413.68,8,2.15,847.34,9426.71
2024-05-27,CAMP056,meta_ads,Meta Ads - Renault Logan - whatsapp,whatsapp,Renault,Logan,3094,129,70024.75,3,4.17,542.83,23341.58
2024-05-27,CAMP006,google_ads,Google Ads - Toyota Corolla - whatsapp,whatsapp,Toyota,Corolla,3122,119,57960.3,12,3.81,487.06,4830.03
2024-05-27,CAMP005,google_ads,Google Ads - Chevrolet Cruze - lead_form,lead_form,Chevrolet,Cruze,3763,131,73314.69,6,3.48,559.65,12219.12
2024-05-27,CAMP058,meta_ads,Meta Ads - Toyota Corolla Cross - lead_form,lead_form,Toyota,Corolla Cross,4476,196,47861.55,14,4.38,244.19,3418.68
2024-05-27,CAMP033,meta_ads,Meta Ads - Volkswagen Nivus - trafico,trafico,Volkswagen,Nivus,2114,31,41431.22,1,1.47,1336.49,41431.22
2024-05-27,CAMP047,meta_ads,Meta Ads - Renault Logan - lead_form,lead_form,Renault,Logan,2154,71,33774.73,4,3.3,475.7,8443.68
2024-05-27,CAMP046,meta_ads,Meta Ads - Peugeot 208 - trafico,trafico,Peugeot,208,1203,41,41886.41,4,3.41,1021.62,10471.6
2024-05-27,CAMP049,meta_ads,Meta Ads - Fiat Cronos - trafico,trafico,Fiat,Cronos,2622,61,71590.72,4,2.33,1173.62,17897.68
2024-05-27,CAMP055,meta_ads,Meta Ads - Toyota Corolla - trafico,trafico,Toyota,Corolla,484,11,13961.08,0,2.27,1269.19,
2024-05-27,CAMP027,google_ads,Google Ads - Chevrolet Tracker - whatsapp,whatsapp,Chevrolet,Tracker,1252,14,20526.68,1,1.12,1466.19,20526.68
2024-05-27,CAMP002,google_ads,Google Ads - Peugeot Partner - whatsapp,whatsapp,Peugeot,Partner,801,11,18549.43,1,1.37,1686.31,18549.43
2024-05-27,CAMP001,google_ads,Google Ads - Peugeot 208 - lead_form,lead_form,Peugeot,208,5686,123,58367.54,12,2.16,474.53,4863.96
2024-05-28,CAMP047,meta_ads,Meta Ads - Renault Logan - lead_form,lead_form,Renault,Logan,2738,109,66175.71,4,3.98,607.12,16543.93
2024-05-28,CAMP054,meta_ads,Meta Ads - Chevrolet S10 - remarketing,remarketing,Chevrolet,S10,1229,30,28506.39,2,2.44,950.21,14253.2
2024-05-28,CAMP037,meta_ads,Meta Ads - Peugeot Expert - trafico,trafico,Peugeot,Expert,6085,146,87412.21,9,2.4,598.71,9712.47
2024-05-28,CAMP049,meta_ads,Meta Ads - Fiat Cronos - trafico,trafico,Fiat,Cronos,1989,68,55639.78,7,3.42,818.23,7948.54
2024-05-28,CAMP015,google_ads,Google Ads - Ford Maverick - trafico,trafico,Ford,Maverick,4508,49,45503.11,0,1.09,928.63,
2024-05-28,CAMP004,google_ads,Google Ads - Peugeot Expert - lead_form,lead_form,Peugeot,Expert,4689,64,52902.11,6,1.36,826.6,8817.02
2024-05-28,CAMP050,meta_ads,Meta Ads - Chevrolet Tracker - lead_form,lead_form,Chevrolet,Tracker,658,16,21003.55,1,2.43,1312.72,21003.55
2024-05-28,CAMP032,meta_ads,Meta Ads - Fiat Pulse - lead_form,lead_form,Fiat,Pulse,4523,181,53267.21,10,4.0,294.29,5326.72
2024-05-28,CAMP017,google_ads,Google Ads - Chevrolet Onix - remarketing,remarketing,Chevrolet,Onix,1145,51,12806.13,4,4.45,251.1,3201.53
2024-05-28,CAMP027,google_ads,Google Ads - Chevrolet Tracker - whatsapp,whatsapp,Chevrolet,Tracker,5299,98,81189.98,10,1.85,828.47,8119.0
2024-05-28,CAMP020,google_ads,Google Ads - Chevrolet Tracker - lead_form,lead_form,Chevrolet,Tracker,4514,78,56346.66,6,1.73,722.39,9391.11
2024-05-28,CAMP048,meta_ads,Meta Ads - Ford Kuga - whatsapp,whatsapp,Ford,Kuga,2228,45,75111.96,3,2.02,1669.15,25037.32
2024-05-28,CAMP022,google_ads,Google Ads - Toyota Hilux - lead_form,lead_form,Toyota,Hilux,3590,67,49146.83,6,1.87,733.53,8191.14
2024-05-28,CAMP010,google_ads,Google Ads - Renault Kangoo - whatsapp,whatsapp,Renault,Kangoo,2731,33,90294.59,2,1.21,2736.2,45147.29
2024-05-28,CAMP003,google_ads,Google Ads - Volkswagen Virtus - lead_form,lead_form,Volkswagen,Virtus,2972,38,49285.04,2,1.28,1296.97,24642.52
2024-05-28,CAMP021,google_ads,Google Ads - Toyota Hilux - trafico,trafico,Toyota,Hilux,11049,368,90068.76,13,3.33,244.75,6928.37
2024-05-29,CAMP035,meta_ads,Meta Ads - Peugeot 3008 - whatsapp,whatsapp,Peugeot,3008,686,27,17290.82,1,3.94,640.4,17290.82
2024-05-29,CAMP030,google_ads,Google Ads - Peugeot Partner - lead_form,lead_form,Peugeot,Partner,997,17,13164.99,1,1.71,774.41,13164.99
2024-05-29,CAMP022,google_ads,Google Ads - Toyota Hilux - lead_form,lead_form,Toyota,Hilux,1641,33,45458.08,3,2.01,1377.52,15152.69
2024-05-29,CAMP007,google_ads,Google Ads - Volkswagen Nivus - lead_form,lead_form,Volkswagen,Nivus,3683,114,85283.42,4,3.1,748.1,21320.86
2024-05-29,CAMP004,google_ads,Google Ads - Peugeot Expert - lead_form,lead_form,Peugeot,Expert,5427,78,58505.34,2,1.44,750.07,29252.67
2024-05-29,CAMP040,meta_ads,Meta Ads - Volkswagen Virtus - remarketing,remarketing,Volkswagen,Virtus,4923,129,56234.1,10,2.62,435.92,5623.41
2024-05-29,CAMP059,meta_ads,Meta Ads - Renault Alaskan - whatsapp,whatsapp,Renault,Alaskan,1786,70,42070.8,5,3.92,601.01,8414.16
2024-05-29,CAMP039,meta_ads,Meta Ads - Chevrolet Cruze - trafico,trafico,Chevrolet,Cruze,3146,94,87818.91,10,2.99,934.24,8781.89
2024-05-29,CAMP011,google_ads,Google Ads - Peugeot 3008 - trafico,trafico,Peugeot,3008,3525,53,28461.89,1,1.5,537.02,28461.89
2024-05-30,CAMP010,google_ads,Google Ads - Renault Kangoo - whatsapp,whatsapp,Renault,Kangoo,3893,94,75863.85,4,2.41,807.06,18965.96
2024-05-30,CAMP011,google_ads,Google Ads - Peugeot 3008 - trafico,trafico,Peugeot,3008,4974,106,72135.95,10,2.13,680.53,7213.59
2024-05-30,CAMP031,meta_ads,Meta Ads - Volkswagen Polo - trafico,trafico,Volkswagen,Polo,3860,149,67892.12,7,3.86,455.65,9698.87
2024-05-30,CAMP056,meta_ads,Meta Ads - Renault Logan - whatsapp,whatsapp,Renault,Logan,752,10,18316.77,0,1.33,1831.68,
2024-05-30,CAMP001,google_ads,Google Ads - Peugeot 208 - lead_form,lead_form,Peugeot,208,4011,46,62171.26,2,1.15,1351.55,31085.63
2024-05-30,CAMP021,google_ads,Google Ads - Toyota Hilux - trafico,trafico,Toyota,Hilux,1756,27,47005.83,0,1.54,1740.96,
2024-05-30,CAMP005,google_ads,Google Ads - Chevrolet Cruze - lead_form,lead_form,Chevrolet,Cruze,3247,42,83167.62,4,1.29,1980.18,20791.91
2024-05-30,CAMP004,google_ads,Google Ads - Peugeot Expert - lead_form,lead_form,Peugeot,Expert,2765,53,79663.67,3,1.92,1503.09,26554.56
2024-05-30,CAMP009,google_ads,Google Ads - Volkswagen Amarok - trafico,trafico,Volkswagen,Amarok,1921,80,60845.47,2,4.16,760.57,30422.74
2024-05-30,CAMP033,meta_ads,Meta Ads - Volkswagen Nivus - trafico,trafico,Volkswagen,Nivus,1255,56,41682.31,1,4.46,744.33,41682.31
2024-05-31,CAMP034,meta_ads,Meta Ads - Volkswagen Amarok - remarketing,remarketing,Volkswagen,Amarok,954,23,14729.2,0,2.41,640.4,
2024-05-31,CAMP013,google_ads,Google Ads - Renault Logan - lead_form,lead_form,Renault,Logan,4501,136,66765.67,15,3.02,490.92,4451.04
2024-05-31,CAMP001,google_ads,Google Ads - Peugeot 208 - lead_form,lead_form,Peugeot,208,2453,103,76813.92,12,4.2,745.77,6401.16
2024-05-31,CAMP038,meta_ads,Meta Ads - Peugeot Expert - remarketing,remarketing,Peugeot,Expert,2909,71,61792.98,7,2.44,870.32,8827.57
2024-05-31,CAMP020,google_ads,Google Ads - Chevrolet Tracker - lead_form,lead_form,Chevrolet,Tracker,2385,17,71095.99,0,0.71,4182.12,
2024-05-31,CAMP022,google_ads,Google Ads - Toyota Hilux - lead_form,lead_form,Toyota,Hilux,6788,235,82390.35,25,3.46,350.6,3295.61
2024-05-31,CAMP007,google_ads,Google Ads - Volkswagen Nivus - lead_form,lead_form,Volkswagen,Nivus,1161,45,22442.25,0,3.88,498.72,
2024-05-31,CAMP024,google_ads,Google Ads - Peugeot Partner - whatsapp,whatsapp,Peugeot,Partner,6424,62,62204.74,4,0.97,1003.3,15551.18
2024-05-31,CAMP017,google_ads,Google Ads - Chevrolet Onix - remarketing,remarketing,Chevrolet,Onix,6750,202,89397.37,3,2.99,442.56,29799.12
2024-05-31,CAMP033,meta_ads,Meta Ads - Volkswagen Nivus - trafico,trafico,Volkswagen,Nivus,2521,46,77910.33,4,1.82,1693.7,19477.58
2024-05-31,CAMP058,meta_ads,Meta Ads - Toyota Corolla Cross - lead_form,lead_form,Toyota,Corolla Cross,3493,149,83291.17,10,4.27,559.0,8329.12
2024-05-31,CAMP039,meta_ads,Meta Ads - Chevrolet Cruze - trafico,trafico,Chevrolet,Cruze,4555,176,86028.35,15,3.86,488.8,5735.22
2024-05-31,CAMP018,google_ads,Google Ads - Toyota SW4 - trafico,trafico,Toyota,SW4,568,14,17199.6,1,2.46,1228.54,17199.6
2024-06-01,CAMP012,google_ads,Google Ads - Ford Territory - whatsapp,whatsapp,Ford,Territory,914,35,25756.63,0,3.83,735.9,
2024-06-01,CAMP029,google_ads,Google Ads - Ford Bronco Sport - whatsapp,whatsapp,Ford,Bronco Sport,1929,37,33700.4,2,1.92,910.82,16850.2
2024-06-01,CAMP003,google_ads,Google Ads - Volkswagen Virtus - lead_form,lead_form,Volkswagen,Virtus,2877,69,67000.42,1,2.4,971.02,67000.42
2024-06-01,CAMP018,google_ads,Google Ads - Toyota SW4 - trafico,trafico,Toyota,SW4,695,9,19262.08,0,1.29,2140.23,
2024-06-01,CAMP039,meta_ads,Meta Ads - Chevrolet Cruze - trafico,trafico,Chevrolet,Cruze,3074,113,88237.95,4,3.68,780.87,22059.49
2024-06-01,CAMP013,google_ads,Google Ads - Renault Logan - lead_form,lead_form,Renault,Logan,4084,139,41641.92,5,3.4,299.58,8328.38
2024-06-01,CAMP045,meta_ads,Meta Ads - Chevrolet S10 - lead_form,lead_form,Chevrolet,S10,3082,126,78114.07,4,4.09,619.95,19528.52
2024-06-01,CAMP033,meta_ads,Meta Ads - Volkswagen Nivus - trafico,trafico,Volkswagen,Nivus,6189,50,71692.87,4,0.81,1433.86,17923.22
2024-06-01,CAMP027,google_ads,Google Ads - Chevrolet Tracker - whatsapp,whatsapp,Chevrolet,Tracker,2217,40,26153.51,1,1.8,653.84,26153.51
2024-06-02,CAMP018,google_ads,Google Ads - Toyota SW4 - trafico,trafico,Toyota,SW4,2254,81,40170.42,5,3.59,495.93,8034.08
2024-06-02,CAMP057,meta_ads,Meta Ads - Toyota Hilux - lead_form,lead_form,Toyota,Hilux,2923,36,77606.08,4,1.23,2155.72,19401.52
2024-06-02,CAMP013,google_ads,Google Ads - Renault Logan - lead_form,lead_form,Renault,Logan,4779,134,58327.63,15,2.8,435.28,3888.51
2024-06-02,CAMP012,google_ads,Google Ads - Ford Territory - whatsapp,whatsapp,Ford,Territory,1823,59,46381.48,2,3.24,786.13,23190.74
2024-06-02,CAMP019,google_ads,Google Ads - Renault Alaskan - trafico,trafico,Renault,Alaskan,1146,31,39146.67,2,2.71,1262.8,19573.34
2024-06-02,CAMP017,google_ads,Google Ads - Chevrolet Onix - remarketing,remarketing,Chevrolet,Onix,1526,21,33367.25,0,1.38,1588.92,
2024-06-02,CAMP045,meta_ads,Meta Ads - Chevrolet S10 - lead_form,lead_form,Chevrolet,S10,995,26,32727.66,2,2.61,1258.76,16363.83
2024-06-02,CAMP029,google_ads,Google Ads - Ford Bronco Sport - whatsapp,whatsapp,Ford,Bronco Sport,2408,44,49645.35,3,1.83,1128.3,16548.45
2024-06-02,CAMP055,meta_ads,Meta Ads - Toyota Corolla - trafico,trafico,Toyota,Corolla,1982,36,64095.28,0,1.82,1780.42,
2024-06-02,CAMP006,google_ads,Google Ads - Toyota Corolla - whatsapp,whatsapp,Toyota,Corolla,1251,15,40464.88,0,1.2,2697.66,
2024-06-02,CAMP032,meta_ads,Meta Ads - Fiat Pulse - lead_form,lead_form,Fiat,Pulse,1195,15,38711.88,0,1.26,2580.79,
2024-06-03,CAMP030,google_ads,Google Ads - Peugeot Partner - lead_form,lead_form,Peugeot,Partner,2888,62,57027.75,6,2.15,919.8,9504.63
2024-06-03,CAMP035,meta_ads,Meta Ads - Peugeot 3008 - whatsapp,whatsapp,Peugeot,3008,1756,33,31757.89,2,1.88,962.36,15878.95
2024-06-03,CAMP012,google_ads,Google Ads - Ford Territory - whatsapp,whatsapp,Ford,Territory,1037,41,35477.26,3,3.95,865.3,11825.75
2024-06-03,CAMP049,meta_ads,Meta Ads - Fiat Cronos - trafico,trafico,Fiat,Cronos,3800,85,82415.59,8,2.24,969.6,10301.95
2024-06-03,CAMP002,google_ads,Google Ads - Peugeot Partner - whatsapp,whatsapp,Peugeot,Partner,4599,32,86566.13,2,0.7,2705.19,43283.07
2024-06-03,CAMP029,google_ads,Google Ads - Ford Bronco Sport - whatsapp,whatsapp,Ford,Bronco Sport,2633,114,84094.68,12,4.33,737.67,7007.89
2024-06-03,CAMP052,meta_ads,Meta Ads - Volkswagen Taos - whatsapp,whatsapp,Volkswagen,Taos,803,28,27529.51,0,3.49,983.2,
2024-06-03,CAMP040,meta_ads,Meta Ads - Volkswagen Virtus - remarketing,remarketing,Volkswagen,Virtus,1121,49,38053.85,2,4.37,776.61,19026.92
2024-06-03,CAMP060,meta_ads,Meta Ads - Volkswagen Amarok - whatsapp,whatsapp,Volkswagen,Amarok,2424,57,71863.32,1,2.35,1260.76,71863.32
2024-06-03,CAMP038,meta_ads,Meta Ads - Peugeot Expert - remarketing,remarketing,Peugeot,Expert,1008,40,12087.49,1,3.97,302.19,12087.49
2024-06-04,CAMP012,google_ads,Google Ads - Ford Territory - whatsapp,whatsapp,Ford,Territory,2121,43,65407.66,2,2.03,1521.11,32703.83
2024-06-04,CAMP016,google_ads,Google Ads - Renault Kangoo - remarketing,remarketing,Renault,Kangoo,1877,61,38887.53,5,3.25,637.5,7777.51
2024-06-04,CAMP055,meta_ads,Meta Ads - Toyota Corolla - trafico,trafico,Toyota,Corolla,3194,122,83200.98,10,3.82,681.98,8320.1
2024-06-04,CAMP014,google_ads,Google Ads - Toyota Corolla Cross - lead_form,lead_form,Toyota,Corolla Cross,6755,74,71518.38,7,1.1,966.46,10216.91
2024-06-04,CAMP028,google_ads,Google Ads - Volkswagen Amarok - remarketing,remarketing,Volkswagen,Amarok,776,31,22415.05,3,3.99,723.07,7471.68
2024-06-04,CAMP006,google_ads,Google Ads - Toyota Corolla - whatsapp,whatsapp,Toyota,Corolla,3543,75,68969.02,1,2.12,919.59,68969.02
2024-06-04,CAMP047,meta_ads,Meta Ads - Renault Logan - lead_form,lead_form,Renault,Logan,1789,51,50088.13,1,2.85,982.12,50088.13
2024-06-04,CAMP059,meta_ads,Meta Ads - Renault Alaskan - whatsapp,whatsapp,Renault,Alaskan,2069,42,59464.74,2,2.03,1415.83,29732.37
2024-06-04,CAMP010,google_ads,Google Ads - Renault Kangoo - whatsapp,whatsapp,Renault,Kangoo,3112,109,76212.58,12,3.5,699.2,6351.05
2024-06-05,CAMP009,google_ads,Google Ads - Volkswagen Amarok - trafico,trafico,Volkswagen,Amarok,2175,39,26254.16,3,1.79,673.18,8751.39
2024-06-05,CAMP032,meta_ads,Meta Ads - Fiat Pulse - lead_form,lead_form,Fiat,Pulse,3317,143,49916.48,4,4.31,349.07,12479.12
2024-06-05,CAMP013,google_ads,Google Ads - Renault Logan - lead_form,lead_form,Renault,Logan,1976,20,43431.18,1,1.01,2171.56,43431.18
2024-06-05,CAMP003,google_ads,Google Ads - Volkswagen Virtus - lead_form,lead_form,Volkswagen,Virtus,1416,44,39345.86,2,3.11,894.22,19672.93
2024-06-05,CAMP014,google_ads,Google Ads - Toyota Corolla Cross - lead_form,lead_form,Toyota,Corolla Cross,6123,67,75583.9,4,1.09,1128.12,18895.97
2024-06-05,CAMP020,google_ads,Google Ads - Chevrolet Tracker - lead_form,lead_form,Chevrolet,Tracker,7950,250,66094.86,21,3.14,264.38,3147.37
2024-06-05,CAMP028,google_ads,Google Ads - Volkswagen Amarok - remarketing,remarketing,Volkswagen,Amarok,4786,108,45338.24,10,2.26,419.8,4533.82
2024-06-05,CAMP006,google_ads,Google Ads - Toyota Corolla - whatsapp,whatsapp,Toyota,Corolla,712,29,21225.74,1,4.07,731.92,21225.74
2024-06-05,CAMP022,google_ads,Google Ads - Toyota Hilux - lead_form,lead_form,Toyota,Hilux,2701,105,73545.37,12,3.89,700.43,6128.78
2024-06-05,CAMP025,google_ads,Google Ads - Ford Maverick - whatsapp,whatsapp,Ford,Maverick,1628,36,20888.54,3,2.21,580.24,6962.85
2024-06-05,CAMP042,meta_ads,Meta Ads - Volkswagen Virtus - remarketing,remarketing,Volkswagen,Virtus,7930,49,80571.52,5,0.62,1644.32,16114.3
2024-06-06,CAMP013,google_ads,Google Ads - Renault Logan - lead_form,lead_form,Renault,Logan,3922,31,80126.3,2,0.79,2584.72,40063.15
2024-06-06,CAMP033,meta_ads,Meta Ads - Volkswagen Nivus - trafico,trafico,Volkswagen,Nivus,2104,68,41025.47,6,3.23,603.32,6837.58
2024-06-06,CAMP053,meta_ads,Meta Ads - Chevrolet Spin - lead_form,lead_form,Chevrolet,Spin,914,15,13910.08,0,1.64,927.34,
2024-06-06,CAMP040,meta_ads,Meta Ads - Volkswagen Virtus - remarketing,remarketing,Volkswagen,Virtus,2936,21,47101.05,0,0.72,2242.91,
2024-06-06,CAMP047,meta_ads,Meta Ads - Renault Logan - lead_form,lead_form,Renault,Logan,3108,66,69461.61,2,2.12,1052.45,34730.81
2024-06-06,CAMP030,google_ads,Google Ads - Peugeot Partner - lead_form,lead_form,Peugeot,Partner,4737,55,54018.98,3,1.16,982.16,18006.33
2024-06-06,CAMP028,google_ads,Google Ads - Volkswagen Amarok - remarketing,remarketing,Volkswagen,Amarok,4737,113,82072.71,9,2.39,726.31,9119.19
2024-06-06,CAMP004,google_ads,Google Ads - Peugeot Expert - lead_form,lead_form,Peugeot,Expert,2596,109,84116.25,11,4.2,771.71,7646.93
2024-06-06,CAMP055,meta_ads,Meta Ads - Toyota Corolla - trafico,trafico,Toyota,Corolla,6231,116,56691.82,2,1.86,488.72,28345.91
2024-06-06,CAMP019,google_ads,Google Ads - Renault Alaskan - trafico,trafico,Renault,Alaskan,2173,81,59851.03,2,3.73,738.9,29925.52
2024-06-06,CAMP003,google_ads,Google Ads - Volkswagen Virtus - lead_form,lead_form,Volkswagen,Virtus,1894,36,52266.04,2,1.9,1451.83,26133.02
2024-06-06,CAMP008,google_ads,Google Ads - Chevrolet Tracker - remarketing,remarketing,Chevrolet,Tracker,1899,25,35746.9,2,1.32,1429.88,17873.45
2024-06-07,CAMP054,meta_ads,Meta Ads - Chevrolet S10 - remarketing,remarketing,Chevrolet,S10,2660,98,60015.35,8,3.68,612.4,7501.92
2024-06-07,CAMP059,meta_ads,Meta Ads - Renault Alaskan - whatsapp,whatsapp,Renault,Alaskan,673,9,15808.84,1,1.34,1756.54,15808.84
2024-06-07,CAMP028,google_ads,Google Ads - Volkswagen Amarok - remarketing,remarketing,Volkswagen,Amarok,1256,16,33433.37,1,1.27,2089.59,33433.37
2024-06-07,CAMP008,google_ads,Google Ads - Chevrolet Tracker - remarketing,remarketing,Chevrolet,Tracker,829,10,15567.89,0,1.21,1556.79,
2024-06-07,CAMP051,meta_ads,Meta Ads - Renault Logan - whatsapp,whatsapp,Renault,Logan,911,33,12393.98,2,3.62,375.58,6196.99
2024-06-07,CAMP013,google_ads,Google Ads - Renault Logan - lead_form,lead_form,Renault,Logan,1631,60,33431.96,4,3.68,557.2,8357.99
2024-06-07,CAMP037,meta_ads,Meta Ads - Peugeot Expert - trafico,trafico,Peugeot,Expert,1391,46,19577.52,1,3.31,425.6,19577.52
2024-06-07,CAMP017,google_ads,Google Ads - Chevrolet Onix - remarketing,remarketing,Chevrolet,Onix,2157,64,59688.13,4,2.97,932.63,14922.03
2024-06-07,CAMP020,google_ads,Google Ads - Chevrolet Tracker - lead_form,lead_form,Chevrolet,Tracker,1861,50,44819.65,3,2.69,896.39,14939.88
2024-06-08,CAMP001,google_ads,Google Ads - Peugeot 208 - lead_form,lead_form,Peugeot,208,2247,71,42424.78,5,3.16,597.53,8484.96
2024-06-08,CAMP022,google_ads,Google Ads - Toyota Hilux - lead_form,lead_form,Toyota,Hilux,857,38,18131.46,0,4.43,477.14,
2024-06-08,CAMP059,meta_ads,Meta Ads - Renault Alaskan - whatsapp,whatsapp,Renault,Alaskan,3154,56,70344.85,5,1.78,1256.16,14068.97
2024-06-08,CAMP021,google_ads,Google Ads - Toyota Hilux - trafico,trafico,Toyota,Hilux,2289,27,47216.94,2,1.18,1748.78,23608.47
2024-06-08,CAMP023,google_ads,Google Ads - Fiat Pulse - remarketing,remarketing,Fiat,Pulse,2610,57,60692.68,5,2.18,1064.78,12138.54
2024-06-08,CAMP053,meta_ads,Meta Ads - Chevrolet Spin - lead_form,lead_form,Chevrolet,Spin,4507,157,70608.3,18,3.48,449.73,3922.68
2024-06-08,CAMP029,google_ads,Google Ads - Ford Bronco Sport - whatsapp,whatsapp,Ford,Bronco Sport,1833,38,41272.18,4,2.07,1086.11,10318.04
2024-06-08,CAMP010,google_ads,Google Ads - Renault Kangoo - whatsapp,whatsapp,Renault,Kangoo,1157,16,21632.53,0,1.38,1352.03,
2024-06-08,CAMP030,google_ads,Google Ads - Peugeot Partner - lead_form,lead_form,Peugeot,Partner,1102,39,34569.22,4,3.54,886.39,8642.31
2024-06-08,CAMP048,meta_ads,Meta Ads - Ford Kuga - whatsapp,whatsapp,Ford,Kuga,3866,76,88353.93,2,1.97,1162.55,44176.96
2024-06-08,CAMP032,meta_ads,Meta Ads - Fiat Pulse - lead_form,lead_form,Fiat,Pulse,5295,190,82235.79,15,3.59,432.82,5482.39
2024-06-08,CAMP014,google_ads,Google Ads - Toyota Corolla Cross - lead_form,lead_form,Toyota,Corolla Cross,2403,73,63810.3,5,3.04,874.11,12762.06
2024-06-08,CAMP035,meta_ads,Meta Ads - Peugeot 3008 - whatsapp,whatsapp,Peugeot,3008,2287,33,51179.76,1,1.44,1550.9,51179.76
2024-06-08,CAMP045,meta_ads,Meta Ads - Chevrolet S10 - lead_form,lead_form,Chevrolet,S10,4515,189,71032.6,5,4.19,375.83,14206.52
2024-06-08,CAMP011,google_ads,Google Ads - Peugeot 3008 - trafico,trafico,Peugeot,3008,4261,26,80120.67,2,0.61,3081.56,40060.33
2024-06-08,CAMP044,meta_ads,Meta Ads - Fiat Fastback - remarketing,remarketing,Fiat,Fastback,2780,90,71508.92,2,3.24,794.54,35754.46
2024-06-09,CAMP027,google_ads,Google Ads - Chevrolet Tracker - whatsapp,whatsapp,Chevrolet,Tracker,2068,38,69342.51,1,1.84,1824.8,69342.51
2024-06-09,CAMP060,meta_ads,Meta Ads - Volkswagen Amarok - whatsapp,whatsapp,Volkswagen,Amarok,2728,26,56597.66,1,0.95,2176.83,56597.66
2024-06-09,CAMP013,google_ads,Google Ads - Renault Logan - lead_form,lead_form,Renault,Logan,2203,69,70189.13,5,3.13,1017.23,14037.83
2024-06-09,CAMP041,meta_ads,Meta Ads - Toyota Corolla - lead_form,lead_form,Toyota,Corolla,2571,31,79617.97,1,1.21,2568.32,79617.97
2024-06-09,CAMP002,google_ads,Google Ads - Peugeot Partner - whatsapp,whatsapp,Peugeot,Partner,6322,268,80495.47,29,4.24,300.36,2775.71
2024-06-09,CAMP040,meta_ads,Meta Ads - Volkswagen Virtus - remarketing,remarketing,Volkswagen,Virtus,2344,95,37298.87,3,4.05,392.62,12432.96
2024-06-09,CAMP015,google_ads,Google Ads - Ford Maverick - trafico,trafico,Ford,Maverick,3293,97,48135.11,11,2.95,496.24,4375.92
2024-06-09,CAMP009,google_ads,Google Ads - Volkswagen Amarok - trafico,trafico,Volkswagen,Amarok,2171,55,74398.88,1,2.53,1352.71,74398.88
2024-06-09,CAMP055,meta_ads,Meta Ads - Toyota Corolla - trafico,trafico,Toyota,Corolla,3500,146,59313.51,4,4.17,406.26,14828.38
2024-06-09,CAMP052,meta_ads,Meta Ads - Volkswagen Taos - whatsapp,whatsapp,Volkswagen,Taos,1418,8,48215.93,0,0.56,6026.99,
2024-06-09,CAMP033,meta_ads,Meta Ads - Volkswagen Nivus - trafico,trafico,Volkswagen,Nivus,2069,92,65016.35,9,4.45,706.7,7224.04
2024-06-09,CAMP006,google_ads,Google Ads - Toyota Corolla - whatsapp,whatsapp,Toyota,Corolla,911,14,17547.98,1,1.54,1253.43,17547.98
2024-06-09,CAMP039,meta_ads,Meta Ads - Chevrolet Cruze - trafico,trafico,Chevrolet,Cruze,742,23,21509.48,1,3.1,935.19,21509.48
2024-06-09,CAMP037,meta_ads,Meta Ads - Peugeot Expert - trafico,trafico,Peugeot,Expert,662,22,13897.26,1,3.32,631.69,13897.26
2024-06-10,CAMP054,meta_ads,Meta Ads - Chevrolet S10 - remarketing,remarketing,Chevrolet,S10,650,23,20082.59,1,3.54,873.16,20082.59
2024-06-10,CAMP053,meta_ads,Meta Ads - Chevrolet Spin - lead_form,lead_form,Chevrolet,Spin,2682,54,73746.25,4,2.01,1365.67,18436.56
2024-06-10,CAMP047,meta_ads,Meta Ads - Renault Logan - lead_form,lead_form,Renault,Logan,1584,39,23072.11,1,2.46,591.59,23072.11
2024-06-10,CAMP050,meta_ads,Meta Ads - Chevrolet Tracker - lead_form,lead_form,Chevrolet,Tracker,1411,33,37742.0,2,2.34,1143.7,18871.0
2024-06-10,CAMP003,google_ads,Google Ads - Volkswagen Virtus - lead_form,lead_form,Volkswagen,Virtus,2485,48,70695.19,4,1.93,1472.82,17673.8
2024-06-10,CAMP024,google_ads,Google Ads - Peugeot Partner - whatsapp,whatsapp,Peugeot,Partner,1874,30,37791.57,1,1.6,1259.72,37791.57
2024-06-10,CAMP026,google_ads,Google Ads - Peugeot Partner - lead_form,lead_form,Peugeot,Partner,1255,33,14788.08,0,2.63,448.12,
2024-06-10,CAMP046,meta_ads,Meta Ads - Peugeot 208 - trafico,trafico,Peugeot,208,3474,117,80653.31,5,3.37,689.34,16130.66
2024-06-10,CAMP033,meta_ads,Meta Ads - Volkswagen Nivus - trafico,trafico,Volkswagen,Nivus,2908,52,67835.26,4,1.79,1304.52,16958.82
2024-06-10,CAMP041,meta_ads,Meta Ads - Toyota Corolla - lead_form,lead_form,Toyota,Corolla,5301,198,64515.74,5,3.74,325.84,12903.15
2024-06-10,CAMP042,meta_ads,Meta Ads - Volkswagen Virtus - remarketing,remarketing,Volkswagen,Virtus,1903,30,59381.05,1,1.58,1979.37,59381.05
2024-06-10,CAMP029,google_ads,Google Ads - Ford Bronco Sport - whatsapp,whatsapp,Ford,Bronco Sport,3300,38,78371.69,0,1.15,2062.41,
2024-06-10,CAMP028,google_ads,Google Ads - Volkswagen Amarok - remarketing,remarketing,Volkswagen,Amarok,1859,74,40404.62,5,3.98,546.01,8080.92
2024-06-10,CAMP008,google_ads,Google Ads - Chevrolet Tracker - remarketing,remarketing,Chevrolet,Tracker,1523,66,49204.0,5,4.33,745.52,9840.8
2024-06-11,CAMP021,google_ads,Google Ads - Toyota Hilux - trafico,trafico,Toyota,Hilux,2384,35,38983.3,1,1.47,1113.81,38983.3
2024-06-11,CAMP034,meta_ads,Meta Ads - Volkswagen Amarok - remarketing,remarketing,Volkswagen,Amarok,2497,78,73208.45,4,3.12,938.57,18302.11
2024-06-11,CAMP024,google_ads,Google Ads - Peugeot Partner - whatsapp,whatsapp,Peugeot,Partner,1475,60,48171.45,6,4.07,802.86,8028.57
2024-06-11,CAMP025,google_ads,Google Ads - Ford Maverick - whatsapp,whatsapp,Ford,Maverick,2694,71,78529.55,2,2.64,1106.05,39264.78
2024-06-11,CAMP056,meta_ads,Meta Ads - Renault Logan - whatsapp,whatsapp,Renault,Logan,1079,23,27997.48,0,2.13,1217.28,
2024-06-11,CAMP032,meta_ads,Meta Ads - Fiat Pulse - lead_form,lead_form,Fiat,Pulse,3869,106,37973.63,7,2.74,358.24,5424.8
2024-06-11,CAMP042,meta_ads,Meta Ads - Volkswagen Virtus - remarketing,remarketing,Volkswagen,Virtus,2228,97,70320.81,2,4.35,724.96,35160.4
2024-06-11,CAMP011,google_ads,Google Ads - Peugeot 3008 - trafico,trafico,Peugeot,3008,3852,61,56607.43,5,1.58,927.99,11321.49
2024-06-11,CAMP059,meta_ads,Meta Ads - Renault Alaskan - whatsapp,whatsapp,Renault,Alaskan,2591,40,66270.26,3,1.54,1656.76,22090.09
2024-06-11,CAMP031,meta_ads,Meta Ads - Volkswagen Polo - trafico,trafico,Volkswagen,Polo,5273,156,47915.68,11,2.96,307.15,4355.97
2024-06-11,CAMP012,google_ads,Google Ads - Ford Territory - whatsapp,whatsapp,Ford,Territory,1467,56,19263.72,1,3.82,344.0,19263.72
2024-06-11,CAMP051,meta_ads,Meta Ads - Renault Logan - whatsapp,whatsapp,Renault,Logan,3755,31,83038.02,1,0.83,2678.65,83038.02
2024-06-11,CAMP057,meta_ads,Meta Ads - Toyota Hilux - lead_form,lead_form,Toyota,Hilux,2451,59,58098.15,4,2.41,984.71,14524.54
2024-06-11,CAMP001,google_ads,Google Ads - Peugeot 208 - lead_form,lead_form,Peugeot,208,4423,135,73475.42,4,3.05,544.26,18368.86
2024-06-11,CAMP043,meta_ads,Meta Ads - Chevrolet Onix - remarketing,remarketing,Chevrolet,Onix,2071,28,21231.47,2,1.35,758.27,10615.74
2024-06-11,CAMP005,google_ads,Google Ads - Chevrolet Cruze - lead_form,lead_form,Chevrolet,Cruze,1369,38,28976.67,2,2.78,762.54,14488.33
2024-06-12,CAMP047,meta_ads,Meta Ads - Renault Logan - lead_form,lead_form,Renault,Logan,2949,17,59936.22,1,0.58,3525.66,59936.22
2024-06-12,CAMP057,meta_ads,Meta Ads - Toyota Hilux - lead_form,lead_form,Toyota,Hilux,2766,35,58917.4,2,1.27,1683.35,29458.7
2024-06-12,CAMP029,google_ads,Google Ads - Ford Bronco Sport - whatsapp,whatsapp,Ford,Bronco Sport,1547,27,52118.04,2,1.75,1930.3,26059.02
2024-06-12,CAMP050,meta_ads,Meta Ads - Chevrolet Tracker - lead_form,lead_form,Chevrolet,Tracker,2036,56,31430.0,2,2.75,561.25,15715.0
2024-06-12,CAMP042,meta_ads,Meta Ads - Volkswagen Virtus - remarketing,remarketing,Volkswagen,Virtus,1347,57,46332.68,3,4.23,812.85,15444.23
2024-06-12,CAMP013,google_ads,Google Ads - Renault Logan - lead_form,lead_form,Renault,Logan,1075,26,36905.57,0,2.42,1419.44,
2024-06-12,CAMP038,meta_ads,Meta Ads - Peugeot Expert - remarketing,remarketing,Peugeot,Expert,870,15,17117.06,1,1.72,1141.14,17117.06
2024-06-12,CAMP052,meta_ads,Meta Ads - Volkswagen Taos - whatsapp,whatsapp,Volkswagen,Taos,1846,49,46578.78,1,2.65,950.59,46578.78
2024-06-12,CAMP041,meta_ads,Meta Ads - Toyota Corolla - lead_form,lead_form,Toyota,Corolla,2544,36,72760.31,2,1.42,2021.12,36380.15
2024-06-13,CAMP050,meta_ads,Meta Ads - Chevrolet Tracker - lead_form,lead_form,Chevrolet,Tracker,1442,18,26979.3,0,1.25,1498.85,
2024-06-13,CAMP034,meta_ads,Meta Ads - Volkswagen Amarok - remarketing,remarketing,Volkswagen,Amarok,3793,99,63707.55,6,2.61,643.51,10617.93
2024-06-13,CAMP031,meta_ads,Meta Ads - Volkswagen Polo - trafico,trafico,Volkswagen,Polo,3035,104,58451.28,4,3.43,562.03,14612.82
2024-06-13,CAMP007,google_ads,Google Ads - Volkswagen Nivus - lead_form,lead_form,Volkswagen,Nivus,978,37,32515.72,1,3.78,878.8,32515.72
2024-06-13,CAMP044,meta_ads,Meta Ads - Fiat Fastback - remarketing,remarketing,Fiat,Fastback,1299,49,35900.48,2,3.77,732.66,17950.24
2024-06-13,CAMP020,google_ads,Google Ads - Chevrolet Tracker - lead_form,lead_form,Chevrolet,Tracker,1552,55,36039.73,0,3.54,655.27,
2024-06-13,CAMP040,meta_ads,Meta Ads - Volkswagen Virtus - remarketing,remarketing,Volkswagen,Virtus,8990,197,85353.14,16,2.19,433.26,5334.57
2024-06-13,CAMP014,google_ads,Google Ads - Toyota Corolla Cross - lead_form,lead_form,Toyota,Corolla Cross,1127,18,22923.73,1,1.6,1273.54,22923.73
2024-06-13,CAMP037,meta_ads,Meta Ads - Peugeot Expert - trafico,trafico,Peugeot,Expert,1073,17,27783.73,1,1.58,1634.34,27783.73
2024-06-13,CAMP056,meta_ads,Meta Ads - Renault Logan - whatsapp,whatsapp,Renault,Logan,708,14,13852.5,1,1.98,989.46,13852.5
2024-06-13,CAMP010,google_ads,Google Ads - Renault Kangoo - whatsapp,whatsapp,Renault,Kangoo,2359,70,69671.18,4,2.97,995.3,17417.8
2024-06-13,CAMP021,google_ads,Google Ads - Toyota Hilux - trafico,trafico,Toyota,Hilux,3335,40,33382.46,3,1.2,834.56,11127.49
2024-06-13,CAMP011,google_ads,Google Ads - Peugeot 3008 - trafico,trafico,Peugeot,3008,3559,153,85470.72,17,4.3,558.63,5027.69
2024-06-14,CAMP045,meta_ads,Meta Ads - Chevrolet S10 - lead_form,lead_form,Chevrolet,S10,1866,78,33545.02,2,4.18,430.06,16772.51
2024-06-14,CAMP059,meta_ads,Meta Ads - Renault Alaskan - whatsapp,whatsapp,Renault,Alaskan,795,14,22483.2,1,1.76,1605.94,22483.2
2024-06-14,CAMP046,meta_ads,Meta Ads - Peugeot 208 - trafico,trafico,Peugeot,208,3661,43,44292.35,1,1.17,1030.05,44292.35
2024-06-14,CAMP032,meta_ads,Meta Ads - Fiat Pulse - lead_form,lead_form,Fiat,Pulse,2660,41,27610.6,3,1.54,673.43,9203.53
2024-06-14,CAMP016,google_ads,Google Ads - Renault Kangoo - remarketing,remarketing,Renault,Kangoo,4755,127,71526.0,5,2.67,563.2,14305.2
2024-06-14,CAMP018,google_ads,Google Ads - Toyota SW4 - trafico,trafico,Toyota,SW4,475,4,13709.92,0,0.84,3427.48,
2024-06-14,CAMP039,meta_ads,Meta Ads - Chevrolet Cruze - trafico,trafico,Chevrolet,Cruze,4097,160,67516.41,17,3.91,421.98,3971.55
2024-06-14,CAMP038,meta_ads,Meta Ads - Peugeot Expert - remarketing,remarketing,Peugeot,Expert,1467,19,46794.26,1,1.3,2462.86,46794.26
2024-06-14,CAMP025,google_ads,Google Ads - Ford Maverick - whatsapp,whatsapp,Ford,Maverick,2822,91,47961.86,8,3.22,527.05,5995.23
2024-06-14,CAMP004,google_ads,Google Ads - Peugeot Expert - lead_form,lead_form,Peugeot,Expert,1132,7,31930.67,0,0.62,4561.52,
2024-06-14,CAMP007,google_ads,Google Ads - Volkswagen Nivus - lead_form,lead_form,Volkswagen,Nivus,2356,58,44058.37,1,2.46,759.63,44058.37
2024-06-14,CAMP051,meta_ads,Meta Ads - Renault Logan - whatsapp,whatsapp,Renault,Logan,1630,42,53236.28,0,2.58,1267.53,
2024-06-14,CAMP041,meta_ads,Meta Ads - Toyota Corolla - lead_form,lead_form,Toyota,Corolla,5201,133,46120.58,13,2.56,346.77,3547.74
2024-06-14,CAMP022,google_ads,Google Ads - Toyota Hilux - lead_form,lead_form,Toyota,Hilux,3460,98,73660.18,7,2.83,751.63,10522.88
2024-06-15,CAMP037,meta_ads,Meta Ads - Peugeot Expert - trafico,trafico,Peugeot,Expert,7556,317,78354.6,25,4.2,247.18,3134.18
2024-06-15,CAMP006,google_ads,Google Ads - Toyota Corolla - whatsapp,whatsapp,Toyota,Corolla,3174,114,89843.66,6,3.59,788.1,14973.94
2024-06-15,CAMP036,meta_ads,Meta Ads - Ford Territory - whatsapp,whatsapp,Ford,Territory,1671,67,33743.28,6,4.01,503.63,5623.88
2024-06-15,CAMP050,meta_ads,Meta Ads - Chevrolet Tracker - lead_form,lead_form,Chevrolet,Tracker,6318,197,63010.64,9,3.12,319.85,7001.18
2024-06-15,CAMP008,google_ads,Google Ads - Chevrolet Tracker - remarketing,remarketing,Chevrolet,Tracker,1999,75,53395.6,4,3.75,711.94,13348.9
2024-06-15,CAMP035,meta_ads,Meta Ads - Peugeot 3008 - whatsapp,whatsapp,Peugeot,3008,584,3,13735.89,0,0.51,4578.63,
2024-06-15,CAMP011,google_ads,Google Ads - Peugeot 3008 - trafico,trafico,Peugeot,3008,960,21,13531.27,0,2.19,644.35,
2024-06-15,CAMP052,meta_ads,Meta Ads - Volkswagen Taos - whatsapp,whatsapp,Volkswagen,Taos,1125,21,29514.71,1,1.87,1405.46,29514.71
2024-06-15,CAMP033,meta_ads,Meta Ads - Volkswagen Nivus - trafico,trafico,Volkswagen,Nivus,2229,63,64182.51,3,2.83,1018.77,21394.17
2024-06-16,CAMP013,google_ads,Google Ads - Renault Logan - lead_form,lead_form,Renault,Logan,9552,104,86595.83,5,1.09,832.65,17319.17
2024-06-16,CAMP050,meta_ads,Meta Ads - Chevrolet Tracker - lead_form,lead_form,Chevrolet,Tracker,558,23,17590.77,1,4.12,764.82,17590.77
2024-06-16,CAMP010,google_ads,Google Ads - Renault Kangoo - whatsapp,whatsapp,Renault,Kangoo,2259,100,28032.22,3,4.43,280.32,9344.07
2024-06-16,CAMP014,google_ads,Google Ads - Toyota Corolla Cross - lead_form,lead_form,Toyota,Corolla Cross,2933,20,84655.01,2,0.68,4232.75,42327.5
2024-06-16,CAMP020,google_ads,Google Ads - Chevrolet Tracker - lead_form,lead_form,Chevrolet,Tracker,7646,328,86587.31,5,4.29,263.99,17317.46
2024-06-16,CAMP012,google_ads,Google Ads - Ford Territory - whatsapp,whatsapp,Ford,Territory,2592,36,80527.97,0,1.39,2236.89,
2024-06-16,CAMP007,google_ads,Google Ads - Volkswagen Nivus - lead_form,lead_form,Volkswagen,Nivus,3495,126,46705.69,9,3.61,370.68,5189.52
2024-06-16,CAMP002,google_ads,Google Ads - Peugeot Partner - whatsapp,whatsapp,Peugeot,Partner,642,16,21957.25,1,2.49,1372.33,21957.25
2024-06-16,CAMP035,meta_ads,Meta Ads - Peugeot 3008 - whatsapp,whatsapp,Peugeot,3008,4262,60,52851.4,6,1.41,880.86,8808.57
2024-06-16,CAMP039,meta_ads,Meta Ads - Chevrolet Cruze - trafico,trafico,Chevrolet,Cruze,3989,178,70523.59,10,4.46,396.2,7052.36
2024-06-17,CAMP006,google_ads,Google Ads - Toyota Corolla - whatsapp,whatsapp,Toyota,Corolla,2153,93,41642.27,2,4.32,447.77,20821.14
2024-06-17,CAMP052,meta_ads,Meta Ads - Volkswagen Taos - whatsapp,whatsapp,Volkswagen,Taos,2450,20,40110.61,2,0.82,2005.53,20055.31
2024-06-17,CAMP033,meta_ads,Meta Ads - Volkswagen Nivus - trafico,trafico,Volkswagen,Nivus,4428,147,62856.14,12,3.32,427.59,5238.01
2024-06-17,CAMP024,google_ads,Google Ads - Peugeot Partner - whatsapp,whatsapp,Peugeot,Partner,2375,15,75193.22,1,0.63,5012.88,75193.22
2024-06-17,CAMP031,meta_ads,Meta Ads - Volkswagen Polo - trafico,trafico,Volkswagen,Polo,2138,16,68911.07,1,0.75,4306.94,68911.07
2024-06-17,CAMP017,google_ads,Google Ads - Chevrolet Onix - remarketing,remarketing,Chevrolet,Onix,3131,82,25833.95,2,2.62,315.05,12916.98
2024-06-17,CAMP058,meta_ads,Meta Ads - Toyota Corolla Cross - lead_form,lead_form,Toyota,Corolla Cross,5373,157,48645.39,5,2.92,309.84,9729.08
2024-06-17,CAMP008,google_ads,Google Ads - Chevrolet Tracker - remarketing,remarketing,Chevrolet,Tracker,4380,131,69708.24,13,2.99,532.12,5362.17
2024-06-17,CAMP030,google_ads,Google Ads - Peugeot Partner - lead_form,lead_form,Peugeot,Partner,3515,92,44700.65,2,2.62,485.88,22350.33
2024-06-17,CAMP002,google_ads,Google Ads - Peugeot Partner - whatsapp,whatsapp,Peugeot,Partner,2883,58,75134.57,6,2.01,1295.42,12522.43
2024-06-17,CAMP001,google_ads,Google Ads - Peugeot 208 - lead_form,lead_form,Peugeot,208,8326,116,73351.43,6,1.39,632.34,12225.24
2024-06-18,CAMP059,meta_ads,Meta Ads - Renault Alaskan - whatsapp,whatsapp,Renault,Alaskan,2449,19,80018.2,1,0.78,4211.48,80018.2
2024-06-18,CAMP054,meta_ads,Meta Ads - Chevrolet S10 - remarketing,remarketing,Chevrolet,S10,2645,32,58683.58,0,1.21,1833.86,
2024-06-18,CAMP017,google_ads,Google Ads - Chevrolet Onix - remarketing,remarketing,Chevrolet,Onix,7817,348,81980.72,9,4.45,235.58,9108.97
2024-06-18,CAMP040,meta_ads,Meta Ads - Volkswagen Virtus - remarketing,remarketing,Volkswagen,Virtus,1421,55,49103.77,3,3.87,892.8,16367.92
2024-06-18,CAMP021,google_ads,Google Ads - Toyota Hilux - trafico,trafico,Toyota,Hilux,925,28,22483.62,1,3.03,802.99,22483.62
2024-06-18,CAMP002,google_ads,Google Ads - Peugeot Partner - whatsapp,whatsapp,Peugeot,Partner,1501,16,48619.98,1,1.07,3038.75,48619.98
2024-06-18,CAMP051,meta_ads,Meta Ads - Renault Logan - whatsapp,whatsapp,Renault,Logan,1649,55,40515.45,3,3.34,736.64,13505.15
2024-06-18,CAMP055,meta_ads,Meta Ads - Toyota Corolla - trafico,trafico,Toyota,Corolla,2270,30,70400.08,1,1.32,2346.67,70400.08
2024-06-18,CAMP022,google_ads,Google Ads - Toyota Hilux - lead_form,lead_form,Toyota,Hilux,661,9,22124.99,0,1.36,2458.33,
2024-06-18,CAMP053,meta_ads,Meta Ads - Chevrolet Spin - lead_form,lead_form,Chevrolet,Spin,1025,41,19393.56,1,4.0,473.01,19393.56
2024-06-18,CAMP031,meta_ads,Meta Ads - Volkswagen Polo - trafico,trafico,Volkswagen,Polo,2283,72,29645.43,3,3.15,411.74,9881.81
2024-06-18,CAMP003,google_ads,Google Ads - Volkswagen Virtus - lead_form,lead_form,Volkswagen,Virtus,3377,88,87968.63,6,2.61,999.64,14661.44
2024-06-18,CAMP048,meta_ads,Meta Ads - Ford Kuga - whatsapp,whatsapp,Ford,Kuga,2837,31,80919.46,1,1.09,2610.31,80919.46
2024-06-19,CAMP038,meta_ads,Meta Ads - Peugeot Expert - remarketing,remarketing,Peugeot,Expert,2146,24,27726.72,0,1.12,1155.28,
2024-06-19,CAMP048,meta_ads,Meta Ads - Ford Kuga - whatsapp,whatsapp,Ford,Kuga,6044,112,74776.55,8,1.85,667.65,9347.07
2024-06-19,CAMP055,meta_ads,Meta Ads - Toyota Corolla - trafico,trafico,Toyota,Corolla,2908,88,50267.14,8,3.03,571.22,6283.39
2024-06-19,CAMP003,google_ads,Google Ads - Volkswagen Virtus - lead_form,lead_form,Volkswagen,Virtus,2851,40,57626.15,3,1.4,1440.65,19208.72
2024-06-19,CAMP059,meta_ads,Meta Ads - Renault Alaskan - whatsapp,whatsapp,Renault,Alaskan,4933,83,55157.13,7,1.68,664.54,7879.59
2024-06-19,CAMP052,meta_ads,Meta Ads - Volkswagen Taos - whatsapp,whatsapp,Volkswagen,Taos,4966,202,84954.15,8,4.07,420.57,10619.27
2024-06-19,CAMP025,google_ads,Google Ads - Ford Maverick - whatsapp,whatsapp,Ford,Maverick,3579,98,75739.52,8,2.74,772.85,9467.44
2024-06-19,CAMP041,meta_ads,Meta Ads - Toyota Corolla - lead_form,lead_form,Toyota,Corolla,3756,98,64784.5,2,2.61,661.07,32392.25
2024-06-19,CAMP004,google_ads,Google Ads - Peugeot Expert - lead_form,lead_form,Peugeot,Expert,1615,70,40932.27,1,4.33,584.75,40932.27
2024-06-19,CAMP051,meta_ads,Meta Ads - Renault Logan - whatsapp,whatsapp,Renault,Logan,1475,15,30030.74,1,1.02,2002.05,30030.74
2024-06-20,CAMP009,google_ads,Google Ads - Volkswagen Amarok - trafico,trafico,Volkswagen,Amarok,886,12,27211.36,0,1.35,2267.61,
2024-06-20,CAMP056,meta_ads,Meta Ads - Renault Logan - whatsapp,whatsapp,Renault,Logan,3943,116,69233.84,3,2.94,596.84,23077.95
2024-06-20,CAMP023,google_ads,Google Ads - Fiat Pulse - remarketing,remarketing,Fiat,Pulse,3567,132,79105.87,7,3.7,599.29,11300.84
2024-06-20,CAMP020,google_ads,Google Ads - Chevrolet Tracker - lead_form,lead_form,Chevrolet,Tracker,893,23,29985.03,1,2.58,1303.7,29985.03
2024-06-20,CAMP029,google_ads,Google Ads - Ford Bronco Sport - whatsapp,whatsapp,Ford,Bronco Sport,1589,48,19818.69,3,3.02,412.89,6606.23
2024-06-20,CAMP028,google_ads,Google Ads - Volkswagen Amarok - remarketing,remarketing,Volkswagen,Amarok,2751,32,77803.73,3,1.16,2431.37,25934.58
2024-06-20,CAMP036,meta_ads,Meta Ads - Ford Territory - whatsapp,whatsapp,Ford,Territory,1911,32,59577.73,3,1.67,1861.8,19859.24
2024-06-20,CAMP006,google_ads,Google Ads - Toyota Corolla - whatsapp,whatsapp,Toyota,Corolla,5376,221,86048.54,25,4.11,389.36,3441.94
2024-06-20,CAMP033,meta_ads,Meta Ads - Volkswagen Nivus - trafico,trafico,Volkswagen,Nivus,3961,44,81744.76,4,1.11,1857.84,20436.19
2024-06-20,CAMP012,google_ads,Google Ads - Ford Territory - whatsapp,whatsapp,Ford,Territory,813,22,12032.39,1,2.71,546.93,12032.39
2024-06-20,CAMP026,google_ads,Google Ads - Peugeot Partner - lead_form,lead_form,Peugeot,Partner,3422,148,84031.67,3,4.32,567.78,28010.56
2024-06-20,CAMP052,meta_ads,Meta Ads - Volkswagen Taos - whatsapp,whatsapp,Volkswagen,Taos,3705,141,44026.89,13,3.81,312.25,3386.68
2024-06-21,CAMP026,google_ads,Google Ads - Peugeot Partner - lead_form,lead_form,Peugeot,Partner,884,10,29752.61,0,1.13,2975.26,
2024-06-21,CAMP051,meta_ads,Meta Ads - Renault Logan - whatsapp,whatsapp,Renault,Logan,2890,93,68859.69,3,3.22,740.43,22953.23
2024-06-21,CAMP011,google_ads,Google Ads - Peugeot 3008 - trafico,trafico,Peugeot,3008,1501,28,23186.42,2,1.87,828.09,11593.21
2024-06-21,CAMP042,meta_ads,Meta Ads - Volkswagen Virtus - remarketing,remarketing,Volkswagen,Virtus,2382,85,52787.25,6,3.57,621.03,8797.88
2024-06-21,CAMP027,google_ads,Google Ads - Chevrolet Tracker - whatsapp,whatsapp,Chevrolet,Tracker,1523,57,30212.51,4,3.74,530.04,7553.13
2024-06-21,CAMP060,meta_ads,Meta Ads - Volkswagen Amarok - whatsapp,whatsapp,Volkswagen,Amarok,4920,198,59785.37,18,4.02,301.95,3321.41
2024-06-21,CAMP038,meta_ads,Meta Ads - Peugeot Expert - remarketing,remarketing,Peugeot,Expert,2162,93,68392.28,1,4.3,735.4,68392.28
2024-06-21,CAMP013,google_ads,Google Ads - Renault Logan - lead_form,lead_form,Renault,Logan,5210,158,77625.27,9,3.03,491.3,8625.03
2024-06-21,CAMP016,google_ads,Google Ads - Renault Kangoo - remarketing,remarketing,Renault,Kangoo,928,36,25225.04,2,3.88,700.7,12612.52
2024-06-21,CAMP023,google_ads,Google Ads - Fiat Pulse - remarketing,remarketing,Fiat,Pulse,1574,14,34824.34,1,0.89,2487.45,34824.34
2024-06-21,CAMP005,google_ads,Google Ads - Chevrolet Cruze - lead_form,lead_form,Chevrolet,Cruze,2779,42,87154.61,4,1.51,2075.11,21788.65
2024-06-22,CAMP054,meta_ads,Meta Ads - Chevrolet S10 - remarketing,remarketing,Chevrolet,S10,1447,22,37648.71,1,1.52,1711.31,37648.71
2024-06-22,CAMP045,meta_ads,Meta Ads - Chevrolet S10 - lead_form,lead_form,Chevrolet,S10,477,11,13008.24,0,2.31,1182.57,
2024-06-22,CAMP028,google_ads,Google Ads - Volkswagen Amarok - remarketing,remarketing,Volkswagen,Amarok,1484,24,29268.27,2,1.62,1219.51,14634.14
2024-06-22,CAMP027,google_ads,Google Ads - Chevrolet Tracker - whatsapp,whatsapp,Chevrolet,Tracker,3610,107,76448.34,7,2.96,714.47,10921.19
2024-06-22,CAMP004,google_ads,Google Ads - Peugeot Expert - lead_form,lead_form,Peugeot,Expert,1883,60,59316.97,1,3.19,988.62,59316.97
2024-06-22,CAMP041,meta_ads,Meta Ads - Toyota Corolla - lead_form,lead_form,Toyota,Corolla,666,20,20408.22,0,3.0,1020.41,
2024-06-22,CAMP007,google_ads,Google Ads - Volkswagen Nivus - lead_form,lead_form,Volkswagen,Nivus,568,8,19403.26,0,1.41,2425.41,
2024-06-22,CAMP050,meta_ads,Meta Ads - Chevrolet Tracker - lead_form,lead_form,Chevrolet,Tracker,2770,104,67325.81,9,3.75,647.36,7480.65
2024-06-22,CAMP018,google_ads,Google Ads - Toyota SW4 - trafico,trafico,Toyota,SW4,593,13,15109.46,0,2.19,1162.27,
2024-06-22,CAMP047,meta_ads,Meta Ads - Renault Logan - lead_form,lead_form,Renault,Logan,8809,189,79346.08,18,2.15,419.82,4408.12
2024-06-22,CAMP051,meta_ads,Meta Ads - Renault Logan - whatsapp,whatsapp,Renault,Logan,3563,147,70062.13,5,4.13,476.61,14012.43
2024-06-22,CAMP052,meta_ads,Meta Ads - Volkswagen Taos - whatsapp,whatsapp,Volkswagen,Taos,1042,19,26097.54,0,1.82,1373.55,
2024-06-22,CAMP017,google_ads,Google Ads - Chevrolet Onix - remarketing,remarketing,Chevrolet,Onix,5036,119,44147.23,12,2.36,370.99,3678.94
2024-06-22,CAMP055,meta_ads,Meta Ads - Toyota Corolla - trafico,trafico,Toyota,Corolla,1511,29,39969.94,3,1.92,1378.27,13323.31
2024-06-22,CAMP033,meta_ads,Meta Ads - Volkswagen Nivus - trafico,trafico,Volkswagen,Nivus,1151,21,33577.33,1,1.82,1598.92,33577.33
2024-06-23,CAMP050,meta_ads,Meta Ads - Chevrolet Tracker - lead_form,lead_form,Chevrolet,Tracker,1306,50,39217.4,5,3.83,784.35,7843.48
2024-06-23,CAMP051,meta_ads,Meta Ads - Renault Logan - whatsapp,whatsapp,Renault,Logan,1544,53,38063.96,5,3.43,718.19,7612.79
2024-06-23,CAMP011,google_ads,Google Ads - Peugeot 3008 - trafico,trafico,Peugeot,3008,980,9,29774.33,0,0.92,3308.26,
2024-06-23,CAMP014,google_ads,Google Ads - Toyota Corolla Cross - lead_form,lead_form,Toyota,Corolla Cross,3764,95,61926.74,3,2.52,651.86,20642.25
2024-06-23,CAMP036,meta_ads,Meta Ads - Ford Territory - whatsapp,whatsapp,Ford,Territory,2765,92,41883.8,4,3.33,455.26,10470.95
2024-06-23,CAMP060,meta_ads,Meta Ads - Volkswagen Amarok - whatsapp,whatsapp,Volkswagen,Amarok,2327,82,74919.89,9,3.52,913.66,8324.43
2024-06-23,CAMP056,meta_ads,Meta Ads - Renault Logan - whatsapp,whatsapp,Renault,Logan,3379,96,37205.0,10,2.84,387.55,3720.5
2024-06-23,CAMP042,meta_ads,Meta Ads - Volkswagen Virtus - remarketing,remarketing,Volkswagen,Virtus,2882,102,66671.1,7,3.54,653.64,9524.44
2024-06-23,CAMP021,google_ads,Google Ads - Toyota Hilux - trafico,trafico,Toyota,Hilux,1608,22,43076.19,0,1.37,1958.01,
2024-06-23,CAMP048,meta_ads,Meta Ads - Ford Kuga - whatsapp,whatsapp,Ford,Kuga,1852,40,58688.53,1,2.16,1467.21,58688.53
2024-06-23,CAMP026,google_ads,Google Ads - Peugeot Partner - lead_form,lead_form,Peugeot,Partner,3032,65,67893.54,7,2.14,1044.52,9699.08
2024-06-23,CAMP049,meta_ads,Meta Ads - Fiat Cronos - trafico,trafico,Fiat,Cronos,594,22,20098.9,2,3.7,913.59,10049.45
2024-06-24,CAMP040,meta_ads,Meta Ads - Volkswagen Virtus - remarketing,remarketing,Volkswagen,Virtus,10265,151,89428.83,13,1.47,592.24,6879.14
2024-06-24,CAMP037,meta_ads,Meta Ads - Peugeot Expert - trafico,trafico,Peugeot,Expert,919,21,29080.06,2,2.29,1384.76,14540.03
2024-06-24,CAMP006,google_ads,Google Ads - Toyota Corolla - whatsapp,whatsapp,Toyota,Corolla,1457,63,23339.38,6,4.32,370.47,3889.9
2024-06-24,CAMP021,google_ads,Google Ads - Toyota Hilux - trafico,trafico,Toyota,Hilux,2503,69,49695.32,8,2.76,720.22,6211.91
2024-06-24,CAMP015,google_ads,Google Ads - Ford Maverick - trafico,trafico,Ford,Maverick,2072,54,26994.65,3,2.61,499.9,8998.22
2024-06-24,CAMP029,google_ads,Google Ads - Ford Bronco Sport - whatsapp,whatsapp,Ford,Bronco Sport,1757,37,56885.64,1,2.11,1537.45,56885.64
2024-06-24,CAMP053,meta_ads,Meta Ads - Chevrolet Spin - lead_form,lead_form,Chevrolet,Spin,4159,154,74150.19,9,3.7,481.49,8238.91
2024-06-24,CAMP003,google_ads,Google Ads - Volkswagen Virtus - lead_form,lead_form,Volkswagen,Virtus,1225,18,40432.13,1,1.47,2246.23,40432.13
2024-06-24,CAMP016,google_ads,Google Ads - Renault Kangoo - remarketing,remarketing,Renault,Kangoo,674,12,18009.15,1,1.78,1500.76,18009.15
2024-06-24,CAMP036,meta_ads,Meta Ads - Ford Territory - whatsapp,whatsapp,Ford,Territory,2265,64,66789.92,1,2.83,1043.59,66789.92
2024-06-24,CAMP010,google_ads,Google Ads - Renault Kangoo - whatsapp,whatsapp,Renault,Kangoo,2414,81,83563.4,5,3.36,1031.65,16712.68
2024-06-24,CAMP043,meta_ads,Meta Ads - Chevrolet Onix - remarketing,remarketing,Chevrolet,Onix,665,9,20174.99,0,1.35,2241.67,
2024-06-25,CAMP053,meta_ads,Meta Ads - Chevrolet Spin - lead_form,lead_form,Chevrolet,Spin,2411,19,55687.92,0,0.79,2930.94,
2024-06-25,CAMP015,google_ads,Google Ads - Ford Maverick - trafico,trafico,Ford,Maverick,6644,216,79686.95,4,3.25,368.92,19921.74
2024-06-25,CAMP030,google_ads,Google Ads - Peugeot Partner - lead_form,lead_form,Peugeot,Partner,2911,125,68085.38,11,4.29,544.68,6189.58
2024-06-25,CAMP018,google_ads,Google Ads - Toyota SW4 - trafico,trafico,Toyota,SW4,3184,106,67675.28,12,3.33,638.45,5639.61
2024-06-25,CAMP037,meta_ads,Meta Ads - Peugeot Expert - trafico,trafico,Peugeot,Expert,6440,152,88941.9,10,2.36,585.14,8894.19
2024-06-25,CAMP054,meta_ads,Meta Ads - Chevrolet S10 - remarketing,remarketing,Chevrolet,S10,3819,107,64637.0,11,2.8,604.08,5876.09
2024-06-25,CAMP004,google_ads,Google Ads - Peugeot Expert - lead_form,lead_form,Peugeot,Expert,7215,195,85826.05,16,2.7,440.13,5364.13
2024-06-25,CAMP058,meta_ads,Meta Ads - Toyota Corolla Cross - lead_form,lead_form,Toyota,Corolla Cross,4464,132,36535.08,11,2.96,276.78,3321.37
2024-06-25,CAMP040,meta_ads,Meta Ads - Volkswagen Virtus - remarketing,remarketing,Volkswagen,Virtus,3557,156,39959.25,12,4.39,256.15,3329.94
2024-06-25,CAMP029,google_ads,Google Ads - Ford Bronco Sport - whatsapp,whatsapp,Ford,Bronco Sport,1923,66,53332.88,2,3.43,808.07,26666.44
2024-06-25,CAMP032,meta_ads,Meta Ads - Fiat Pulse - lead_form,lead_form,Fiat,Pulse,2068,26,58930.77,0,1.26,2266.57,
2024-06-25,CAMP038,meta_ads,Meta Ads - Peugeot Expert - remarketing,remarketing,Peugeot,Expert,2933,31,62666.28,0,1.06,2021.49,
2024-06-25,CAMP028,google_ads,Google Ads - Volkswagen Amarok - remarketing,remarketing,Volkswagen,Amarok,3652,157,85816.64,8,4.3,546.6,10727.08
2024-06-25,CAMP005,google_ads,Google Ads - Chevrolet Cruze - lead_form,lead_form,Chevrolet,Cruze,1634,18,43799.54,0,1.1,2433.31,
2024-06-25,CAMP011,google_ads,Google Ads - Peugeot 3008 - trafico,trafico,Peugeot,3008,1107,37,19481.23,3,3.34,526.52,6493.74
2024-06-25,CAMP002,google_ads,Google Ads - Peugeot Partner - whatsapp,whatsapp,Peugeot,Partner,3926,85,50985.38,3,2.17,599.83,16995.13
2024-06-26,CAMP022,google_ads,Google Ads - Toyota Hilux - lead_form,lead_form,Toyota,Hilux,9246,190,88738.54,6,2.05,467.04,14789.76
2024-06-26,CAMP029,google_ads,Google Ads - Ford Bronco Sport - whatsapp,whatsapp,Ford,Bronco Sport,3917,24,87300.24,1,0.61,3637.51,87300.24
2024-06-26,CAMP049,meta_ads,Meta Ads - Fiat Cronos - trafico,trafico,Fiat,Cronos,437,12,14179.63,1,2.75,1181.64,14179.63
2024-06-26,CAMP007,google_ads,Google Ads - Volkswagen Nivus - lead_form,lead_form,Volkswagen,Nivus,6622,200,86683.99,6,3.02,433.42,14447.33
2024-06-26,CAMP034,meta_ads,Meta Ads - Volkswagen Amarok - remarketing,remarketing,Volkswagen,Amarok,1678,67,29079.61,7,3.99,434.02,4154.23
2024-06-26,CAMP017,google_ads,Google Ads - Chevrolet Onix - remarketing,remarketing,Chevrolet,Onix,2505,102,58872.07,9,4.07,577.18,6541.34
2024-06-26,CAMP002,google_ads,Google Ads - Peugeot Partner - whatsapp,whatsapp,Peugeot,Partner,6311,74,80743.39,7,1.17,1091.13,11534.77
2024-06-26,CAMP039,meta_ads,Meta Ads - Chevrolet Cruze - trafico,trafico,Chevrolet,Cruze,1590,42,14389.64,4,2.64,342.61,3597.41
2024-06-26,CAMP004,google_ads,Google Ads - Peugeot Expert - lead_form,lead_form,Peugeot,Expert,2870,52,85511.51,2,1.81,1644.45,42755.76
2024-06-27,CAMP044,meta_ads,Meta Ads - Fiat Fastback - remarketing,remarketing,Fiat,Fastback,3723,78,84870.35,4,2.1,1088.08,21217.59
2024-06-27,CAMP012,google_ads,Google Ads - Ford Territory - whatsapp,whatsapp,Ford,Territory,922,17,21187.37,0,1.84,1246.32,
2024-06-27,CAMP038,meta_ads,Meta Ads - Peugeot Expert - remarketing,remarketing,Peugeot,Expert,1025,13,30836.73,0,1.27,2372.06,
2024-06-27,CAMP034,meta_ads,Meta Ads - Volkswagen Amarok - remarketing,remarketing,Volkswagen,Amarok,1226,51,40156.8,5,4.16,787.39,8031.36
2024-06-27,CAMP011,google_ads,Google Ads - Peugeot 3008 - trafico,trafico,Peugeot,3008,3076,119,83385.47,3,3.87,700.72,27795.16
2024-06-27,CAMP007,google_ads,Google Ads - Volkswagen Nivus - lead_form,lead_form,Volkswagen,Nivus,2038,37,52821.07,2,1.82,1427.6,26410.53
2024-06-27,CAMP032,meta_ads,Meta Ads - Fiat Pulse - lead_form,lead_form,Fiat,Pulse,2555,54,57152.43,3,2.11,1058.38,19050.81
2024-06-27,CAMP013,google_ads,Google Ads - Renault Logan - lead_form,lead_form,Renault,Logan,1670,39,27816.6,1,2.34,713.25,27816.6
2024-06-27,CAMP039,meta_ads,Meta Ads - Chevrolet Cruze - trafico,trafico,Chevrolet,Cruze,4412,101,86096.67,2,2.29,852.44,43048.34
2024-06-27,CAMP010,google_ads,Google Ads - Renault Kangoo - whatsapp,whatsapp,Renault,Kangoo,1287,35,13931.13,2,2.72,398.03,6965.57
2024-06-27,CAMP040,meta_ads,Meta Ads - Volkswagen Virtus - remarketing,remarketing,Volkswagen,Virtus,1036,37,36046.48,3,3.57,974.23,12015.49
2024-06-27,CAMP022,google_ads,Google Ads - Toyota Hilux - lead_form,lead_form,Toyota,Hilux,3005,22,66860.2,2,0.73,3039.1,33430.1
2024-06-27,CAMP030,google_ads,Google Ads - Peugeot Partner - lead_form,lead_form,Peugeot,Partner,1514,62,36142.31,4,4.1,582.94,9035.58
2024-06-28,CAMP048,meta_ads,Meta Ads - Ford Kuga - whatsapp,whatsapp,Ford,Kuga,3142,40,69606.13,2,1.27,1740.15,34803.06
2024-06-28,CAMP004,google_ads,Google Ads - Peugeot Expert - lead_form,lead_form,Peugeot,Expert,2041,20,66536.28,2,0.98,3326.81,33268.14
2024-06-28,CAMP035,meta_ads,Meta Ads - Peugeot 3008 - whatsapp,whatsapp,Peugeot,3008,2996,26,81603.77,0,0.87,3138.61,
2024-06-28,CAMP002,google_ads,Google Ads - Peugeot Partner - whatsapp,whatsapp,Peugeot,Partner,1112,7,28125.48,0,0.63,4017.93,
2024-06-28,CAMP059,meta_ads,Meta Ads - Renault Alaskan - whatsapp,whatsapp,Renault,Alaskan,1054,44,28070.33,0,4.17,637.96,
2024-06-28,CAMP020,google_ads,Google Ads - Chevrolet Tracker - lead_form,lead_form,Chevrolet,Tracker,1026,39,30750.22,4,3.8,788.47,7687.55
2024-06-28,CAMP025,google_ads,Google Ads - Ford Maverick - whatsapp,whatsapp,Ford,Maverick,2935,60,88992.67,6,2.04,1483.21,14832.11
2024-06-28,CAMP013,google_ads,Google Ads - Renault Logan - lead_form,lead_form,Renault,Logan,1310,20,15491.03,1,1.53,774.55,15491.03
2024-06-28,CAMP023,google_ads,Google Ads - Fiat Pulse - remarketing,remarketing,Fiat,Pulse,4160,117,80791.69,12,2.81,690.53,6732.64
2024-06-28,CAMP058,meta_ads,Meta Ads - Toyota Corolla Cross - lead_form,lead_form,Toyota,Corolla Cross,4496,181,60842.85,16,4.03,336.15,3802.68
2024-06-28,CAMP056,meta_ads,Meta Ads - Renault Logan - whatsapp,whatsapp,Renault,Logan,1248,27,33263.97,1,2.16,1232.0,33263.97
2024-06-28,CAMP044,meta_ads,Meta Ads - Fiat Fastback - remarketing,remarketing,Fiat,Fastback,1042,39,33690.76,2,3.74,863.87,16845.38
2024-06-28,CAMP028,google_ads,Google Ads - Volkswagen Amarok - remarketing,remarketing,Volkswagen,Amarok,2360,50,58810.11,4,2.12,1176.2,14702.53
2024-06-29,CAMP009,google_ads,Google Ads - Volkswagen Amarok - trafico,trafico,Volkswagen,Amarok,895,38,25054.61,3,4.25,659.33,8351.54
2024-06-29,CAMP043,meta_ads,Meta Ads - Chevrolet Onix - remarketing,remarketing,Chevrolet,Onix,4220,72,66211.5,7,1.71,919.6,9458.79
2024-06-29,CAMP045,meta_ads,Meta Ads - Chevrolet S10 - lead_form,lead_form,Chevrolet,S10,1134,24,32396.94,2,2.12,1349.87,16198.47
2024-06-29,CAMP015,google_ads,Google Ads - Ford Maverick - trafico,trafico,Ford,Maverick,2686,104,27765.84,3,3.87,266.98,9255.28
2024-06-29,CAMP005,google_ads,Google Ads - Chevrolet Cruze - lead_form,lead_form,Chevrolet,Cruze,5848,144,52421.59,3,2.46,364.04,17473.86
2024-06-29,CAMP041,meta_ads,Meta Ads - Toyota Corolla - lead_form,lead_form,Toyota,Corolla,809,7,14966.44,0,0.87,2138.06,
2024-06-29,CAMP008,google_ads,Google Ads - Chevrolet Tracker - remarketing,remarketing,Chevrolet,Tracker,872,17,17257.23,1,1.95,1015.13,17257.23
2024-06-29,CAMP054,meta_ads,Meta Ads - Chevrolet S10 - remarketing,remarketing,Chevrolet,S10,1615,51,46477.86,3,3.16,911.33,15492.62
2024-06-29,CAMP011,google_ads,Google Ads - Peugeot 3008 - trafico,trafico,Peugeot,3008,3061,104,88011.59,2,3.4,846.27,44005.8
2024-06-29,CAMP051,meta_ads,Meta Ads - Renault Logan - whatsapp,whatsapp,Renault,Logan,1081,42,13108.47,1,3.89,312.11,13108.47
2024-06-29,CAMP032,meta_ads,Meta Ads - Fiat Pulse - lead_form,lead_form,Fiat,Pulse,1254,51,25691.26,1,4.07,503.75,25691.26
2024-06-29,CAMP056,meta_ads,Meta Ads - Renault Logan - whatsapp,whatsapp,Renault,Logan,1240,31,41642.68,1,2.5,1343.31,41642.68
2024-06-29,CAMP012,google_ads,Google Ads - Ford Territory - whatsapp,whatsapp,Ford,Territory,3569,121,60922.66,2,3.39,503.49,30461.33
2024-06-29,CAMP035,meta_ads,Meta Ads - Peugeot 3008 - whatsapp,whatsapp,Peugeot,3008,1506,44,46361.38,1,2.92,1053.67,46361.38
2024-06-29,CAMP021,google_ads,Google Ads - Toyota Hilux - trafico,trafico,Toyota,Hilux,1078,19,24565.64,0,1.76,1292.93,
2024-06-30,CAMP027,google_ads,Google Ads - Chevrolet Tracker - whatsapp,whatsapp,Chevrolet,Tracker,3443,34,40889.03,1,0.99,1202.62,40889.03
2024-06-30,CAMP034,meta_ads,Meta Ads - Volkswagen Amarok - remarketing,remarketing,Volkswagen,Amarok,1799,67,41734.64,6,3.72,622.91,6955.77
2024-06-30,CAMP035,meta_ads,Meta Ads - Peugeot 3008 - whatsapp,whatsapp,Peugeot,3008,1517,46,21332.08,3,3.03,463.74,7110.69
2024-06-30,CAMP002,google_ads,Google Ads - Peugeot Partner - whatsapp,whatsapp,Peugeot,Partner,696,28,17766.07,3,4.02,634.5,5922.02
2024-06-30,CAMP040,meta_ads,Meta Ads - Volkswagen Virtus - remarketing,remarketing,Volkswagen,Virtus,3986,119,62293.63,7,2.99,523.48,8899.09
2024-06-30,CAMP047,meta_ads,Meta Ads - Renault Logan - lead_form,lead_form,Renault,Logan,2660,79,70349.41,4,2.97,890.5,17587.35
2024-06-30,CAMP011,google_ads,Google Ads - Peugeot 3008 - trafico,trafico,Peugeot,3008,4390,183,89062.24,5,4.17,486.68,17812.45
2024-06-30,CAMP055,meta_ads,Meta Ads - Toyota Corolla - trafico,trafico,Toyota,Corolla,3037,35,53843.46,2,1.15,1538.38,26921.73
2024-06-30,CAMP021,google_ads,Google Ads - Toyota Hilux - trafico,trafico,Toyota,Hilux,750,33,25599.55,3,4.4,775.74,8533.18
2024-07-01,CAMP048,meta_ads,Meta Ads - Ford Kuga - whatsapp,whatsapp,Ford,Kuga,873,12,21751.89,0,1.37,1812.66,
2024-07-01,CAMP002,google_ads,Google Ads - Peugeot Partner - whatsapp,whatsapp,Peugeot,Partner,3959,93,80922.5,10,2.35,870.13,8092.25
2024-07-01,CAMP028,google_ads,Google Ads - Volkswagen Amarok - remarketing,remarketing,Volkswagen,Amarok,2812,89,48154.34,2,3.17,541.06,24077.17
2024-07-01,CAMP052,meta_ads,Meta Ads - Volkswagen Taos - whatsapp,whatsapp,Volkswagen,Taos,3642,123,53335.07,9,3.38,433.62,5926.12
2024-07-01,CAMP020,google_ads,Google Ads - Chevrolet Tracker - lead_form,lead_form,Chevrolet,Tracker,3103,113,85944.39,6,3.64,760.57,14324.07
2024-07-01,CAMP010,google_ads,Google Ads - Renault Kangoo - whatsapp,whatsapp,Renault,Kangoo,1538,56,48143.32,3,3.64,859.7,16047.77
2024-07-01,CAMP003,google_ads,Google Ads - Volkswagen Virtus - lead_form,lead_form,Volkswagen,Virtus,1931,46,35938.12,3,2.38,781.26,11979.37
2024-07-01,CAMP030,google_ads,Google Ads - Peugeot Partner - lead_form,lead_form,Peugeot,Partner,1458,63,47280.95,6,4.32,750.49,7880.16
2024-07-01,CAMP027,google_ads,Google Ads - Chevrolet Tracker - whatsapp,whatsapp,Chevrolet,Tracker,3298,63,44145.19,6,1.91,700.72,7357.53
2024-07-01,CAMP046,meta_ads,Meta Ads - Peugeot 208 - trafico,trafico,Peugeot,208,1905,43,63452.81,4,2.26,1475.65,15863.2
2024-07-01,CAMP035,meta_ads,Meta Ads - Peugeot 3008 - whatsapp,whatsapp,Peugeot,3008,1020,28,13859.16,0,2.75,494.97,
2024-07-01,CAMP015,google_ads,Google Ads - Ford Maverick - trafico,trafico,Ford,Maverick,3363,121,88723.34,9,3.6,733.25,9858.15
2024-07-01,CAMP026,google_ads,Google Ads - Peugeot Partner - lead_form,lead_form,Peugeot,Partner,1919,22,56855.39,1,1.15,2584.34,56855.39
2024-07-02,CAMP056,meta_ads,Meta Ads - Renault Logan - whatsapp,whatsapp,Renault,Logan,6812,66,60990.68,1,0.97,924.1,60990.68
2024-07-02,CAMP048,meta_ads,Meta Ads - Ford Kuga - whatsapp,whatsapp,Ford,Kuga,416,16,13674.35,0,3.85,854.65,
2024-07-02,CAMP009,google_ads,Google Ads - Volkswagen Amarok - trafico,trafico,Volkswagen,Amarok,573,11,19015.86,1,1.92,1728.71,19015.86
2024-07-02,CAMP049,meta_ads,Meta Ads - Fiat Cronos - trafico,trafico,Fiat,Cronos,5318,45,86720.61,3,0.85,1927.12,28906.87
2024-07-02,CAMP032,meta_ads,Meta Ads - Fiat Pulse - lead_form,lead_form,Fiat,Pulse,1129,26,36609.0,1,2.3,1408.04,36609.0
2024-07-02,CAMP021,google_ads,Google Ads - Toyota Hilux - trafico,trafico,Toyota,Hilux,1585,59,25667.0,1,3.72,435.03,25667.0
2024-07-02,CAMP040,meta_ads,Meta Ads - Volkswagen Virtus - remarketing,remarketing,Volkswagen,Virtus,6502,69,80683.78,7,1.06,1169.33,11526.25
2024-07-02,CAMP057,meta_ads,Meta Ads - Toyota Hilux - lead_form,lead_form,Toyota,Hilux,1897,57,43955.03,5,3.0,771.14,8791.01
2024-07-02,CAMP054,meta_ads,Meta Ads - Chevrolet S10 - remarketing,remarketing,Chevrolet,S10,1098,17,33936.3,0,1.55,1996.25,
2024-07-02,CAMP034,meta_ads,Meta Ads - Volkswagen Amarok - remarketing,remarketing,Volkswagen,Amarok,2634,25,85741.34,0,0.95,3429.65,
2024-07-02,CAMP059,meta_ads,Meta Ads - Renault Alaskan - whatsapp,whatsapp,Renault,Alaskan,3884,95,80658.08,9,2.45,849.03,8962.01
2024-07-03,CAMP060,meta_ads,Meta Ads - Volkswagen Amarok - whatsapp,whatsapp,Volkswagen,Amarok,8300,93,81844.13,4,1.12,880.04,20461.03
2024-07-03,CAMP029,google_ads,Google Ads - Ford Bronco Sport - whatsapp,whatsapp,Ford,Bronco Sport,3578,160,43069.27,15,4.47,269.18,2871.28
2024-07-03,CAMP038,meta_ads,Meta Ads - Peugeot Expert - remarketing,remarketing,Peugeot,Expert,1905,35,64726.4,3,1.84,1849.33,21575.47
2024-07-03,CAMP037,meta_ads,Meta Ads - Peugeot Expert - trafico,trafico,Peugeot,Expert,8468,249,86743.05,24,2.94,348.37,3614.29
2024-07-03,CAMP012,google_ads,Google Ads - Ford Territory - whatsapp,whatsapp,Ford,Territory,416,9,13358.43,0,2.16,1484.27,
2024-07-03,CAMP059,meta_ads,Meta Ads - Renault Alaskan - whatsapp,whatsapp,Renault,Alaskan,5997,101,79071.94,7,1.68,782.89,11295.99
2024-07-03,CAMP002,google_ads,Google Ads - Peugeot Partner - whatsapp,whatsapp,Peugeot,Partner,3966,163,84159.76,3,4.11,516.32,28053.25
2024-07-03,CAMP032,meta_ads,Meta Ads - Fiat Pulse - lead_form,lead_form,Fiat,Pulse,1897,44,30890.1,2,2.32,702.05,15445.05
2024-07-03,CAMP043,meta_ads,Meta Ads - Chevrolet Onix - remarketing,remarketing,Chevrolet,Onix,541,19,15285.89,1,3.51,804.52,15285.89
2024-07-03,CAMP057,meta_ads,Meta Ads - Toyota Hilux - lead_form,lead_form,Toyota,Hilux,804,8,18416.07,0,1.0,2302.01,
2024-07-03,CAMP023,google_ads,Google Ads - Fiat Pulse - remarketing,remarketing,Fiat,Pulse,2198,14,61207.13,0,0.64,4371.94,
2024-07-03,CAMP022,google_ads,Google Ads - Toyota Hilux - lead_form,lead_form,Toyota,Hilux,4559,33,83263.68,2,0.72,2523.14,41631.84
2024-07-03,CAMP006,google_ads,Google Ads - Toyota Corolla - whatsapp,whatsapp,Toyota,Corolla,3922,146,66925.43,15,3.72,458.39,4461.7
2024-07-04,CAMP027,google_ads,Google Ads - Chevrolet Tracker - whatsapp,whatsapp,Chevrolet,Tracker,8197,262,84350.59,12,3.2,321.95,7029.22
2024-07-04,CAMP046,meta_ads,Meta Ads - Peugeot 208 - trafico,trafico,Peugeot,208,4709,177,52109.54,17,3.76,294.4,3065.27
2024-07-04,CAMP022,google_ads,Google Ads - Toyota Hilux - lead_form,lead_form,Toyota,Hilux,2049,42,20516.74,1,2.05,488.49,20516.74
2024-07-04,CAMP009,google_ads,Google Ads - Volkswagen Amarok - trafico,trafico,Volkswagen,Amarok,2587,102,75124.66,1,3.94,736.52,75124.66
2024-07-04,CAMP023,google_ads,Google Ads - Fiat Pulse - remarketing,remarketing,Fiat,Pulse,441,17,13155.88,1,3.85,773.88,13155.88
2024-07-04,CAMP047,meta_ads,Meta Ads - Renault Logan - lead_form,lead_form,Renault,Logan,979,39,24385.35,2,3.98,625.27,12192.67
2024-07-04,CAMP017,google_ads,Google Ads - Chevrolet Onix - remarketing,remarketing,Chevrolet,Onix,2764,27,80782.34,0,0.98,2991.94,
2024-07-04,CAMP036,meta_ads,Meta Ads - Ford Territory - whatsapp,whatsapp,Ford,Territory,5040,176,67472.29,4,3.49,383.37,16868.07
2024-07-04,CAMP013,google_ads,Google Ads - Renault Logan - lead_form,lead_form,Renault,Logan,573,3,19309.96,0,0.52,6436.65,
2024-07-04,CAMP032,meta_ads,Meta Ads - Fiat Pulse - lead_form,lead_form,Fiat,Pulse,3254,29,30427.38,1,0.89,1049.22,30427.38
2024-07-04,CAMP019,google_ads,Google Ads - Renault Alaskan - trafico,trafico,Renault,Alaskan,2576,35,53724.97,4,1.36,1535.0,13431.24
2024-07-04,CAMP018,google_ads,Google Ads - Toyota SW4 - trafico,trafico,Toyota,SW4,4584,79,59711.36,6,1.72,755.84,9951.89
2024-07-04,CAMP006,google_ads,Google Ads - Toyota Corolla - whatsapp,whatsapp,Toyota,Corolla,8299,109,80122.3,1,1.31,735.07,80122.3
2024-07-04,CAMP029,google_ads,Google Ads - Ford Bronco Sport - whatsapp,whatsapp,Ford,Bronco Sport,1943,22,25927.25,1,1.13,1178.51,25927.25
2024-07-05,CAMP045,meta_ads,Meta Ads - Chevrolet S10 - lead_form,lead_form,Chevrolet,S10,1399,24,42784.1,1,1.72,1782.67,42784.1
2024-07-05,CAMP008,google_ads,Google Ads - Chevrolet Tracker - remarketing,remarketing,Chevrolet,Tracker,4460,70,61966.41,3,1.57,885.23,20655.47
2024-07-05,CAMP060,meta_ads,Meta Ads - Volkswagen Amarok - whatsapp,whatsapp,Volkswagen,Amarok,3758,153,30780.11,13,4.07,201.18,2367.7
2024-07-05,CAMP049,meta_ads,Meta Ads - Fiat Cronos - trafico,trafico,Fiat,Cronos,2748,23,33953.03,1,0.84,1476.22,33953.03
2024-07-05,CAMP005,google_ads,Google Ads - Chevrolet Cruze - lead_form,lead_form,Chevrolet,Cruze,8556,303,82410.09,18,3.54,271.98,4578.34
2024-07-05,CAMP013,google_ads,Google Ads - Renault Logan - lead_form,lead_form,Renault,Logan,2001,46,64574.73,5,2.3,1403.8,12914.95
2024-07-05,CAMP012,google_ads,Google Ads - Ford Territory - whatsapp,whatsapp,Ford,Territory,3892,140,64611.09,15,3.6,461.51,4307.41
2024-07-05,CAMP021,google_ads,Google Ads - Toyota Hilux - trafico,trafico,Toyota,Hilux,2729,118,66449.93,8,4.32,563.13,8306.24
2024-07-05,CAMP057,meta_ads,Meta Ads - Toyota Hilux - lead_form,lead_form,Toyota,Hilux,4135,82,68717.62,8,1.98,838.02,8589.7
2024-07-05,CAMP015,google_ads,Google Ads - Ford Maverick - trafico,trafico,Ford,Maverick,2538,63,40894.58,4,2.48,649.12,10223.65
2024-07-05,CAMP011,google_ads,Google Ads - Peugeot 3008 - trafico,trafico,Peugeot,3008,4951,62,70107.61,5,1.25,1130.77,14021.52
2024-07-06,CAMP030,google_ads,Google Ads - Peugeot Partner - lead_form,lead_form,Peugeot,Partner,5164,59,44728.58,2,1.14,758.11,22364.29
2024-07-06,CAMP057,meta_ads,Meta Ads - Toyota Hilux - lead_form,lead_form,Toyota,Hilux,3558,76,89201.45,1,2.14,1173.7,89201.45
2024-07-06,CAMP060,meta_ads,Meta Ads - Volkswagen Amarok - whatsapp,whatsapp,Volkswagen,Amarok,2850,36,73727.26,2,1.26,2047.98,36863.63
2024-07-06,CAMP021,google_ads,Google Ads - Toyota Hilux - trafico,trafico,Toyota,Hilux,2494,53,26344.95,1,2.13,497.07,26344.95
2024-07-06,CAMP051,meta_ads,Meta Ads - Renault Logan - whatsapp,whatsapp,Renault,Logan,4462,95,38310.59,4,2.13,403.27,9577.65
2024-07-06,CAMP055,meta_ads,Meta Ads - Toyota Corolla - trafico,trafico,Toyota,Corolla,3788,56,86505.27,3,1.48,1544.74,28835.09
2024-07-06,CAMP026,google_ads,Google Ads - Peugeot Partner - lead_form,lead_form,Peugeot,Partner,3476,149,68450.88,4,4.29,459.4,17112.72
2024-07-06,CAMP058,meta_ads,Meta Ads - Toyota Corolla Cross - lead_form,lead_form,Toyota,Corolla Cross,9111,396,87589.79,8,4.35,221.19,10948.72
2024-07-06,CAMP053,meta_ads,Meta Ads - Chevrolet Spin - lead_form,lead_form,Chevrolet,Spin,1783,30,37216.04,1,1.68,1240.53,37216.04
2024-07-06,CAMP029,google_ads,Google Ads - Ford Bronco Sport - whatsapp,whatsapp,Ford,Bronco Sport,2881,64,85580.36,1,2.22,1337.19,85580.36
2024-07-06,CAMP010,google_ads,Google Ads - Renault Kangoo - whatsapp,whatsapp,Renault,Kangoo,2933,89,36024.6,7,3.03,404.77,5146.37
2024-07-06,CAMP050,meta_ads,Meta Ads - Chevrolet Tracker - lead_form,lead_form,Chevrolet,Tracker,4026,44,45461.8,1,1.09,1033.22,45461.8
2024-07-06,CAMP048,meta_ads,Meta Ads - Ford Kuga - whatsapp,whatsapp,Ford,Kuga,2300,91,68531.03,4,3.96,753.09,17132.76
2024-07-06,CAMP025,google_ads,Google Ads - Ford Maverick - whatsapp,whatsapp,Ford,Maverick,9036,211,87693.6,12,2.34,415.61,7307.8
2024-07-07,CAMP021,google_ads,Google Ads - Toyota Hilux - trafico,trafico,Toyota,Hilux,3414,46,57832.87,1,1.35,1257.24,57832.87
2024-07-07,CAMP045,meta_ads,Meta Ads - Chevrolet S10 - lead_form,lead_form,Chevrolet,S10,1500,65,37629.82,2,4.33,578.92,18814.91
2024-07-07,CAMP015,google_ads,Google Ads - Ford Maverick - trafico,trafico,Ford,Maverick,4102,155,59068.14,10,3.78,381.08,5906.81
2024-07-07,CAMP056,meta_ads,Meta Ads - Renault Logan - whatsapp,whatsapp,Renault,Logan,5787,150,49331.4,3,2.59,328.88,16443.8
2024-07-07,CAMP060,meta_ads,Meta Ads - Volkswagen Amarok - whatsapp,whatsapp,Volkswagen,Amarok,2879,26,71516.31,1,0.9,2750.63,71516.31
2024-07-07,CAMP041,meta_ads,Meta Ads - Toyota Corolla - lead_form,lead_form,Toyota,Corolla,1866,80,59840.62,3,4.29,748.01,19946.87
2024-07-07,CAMP031,meta_ads,Meta Ads - Volkswagen Polo - trafico,trafico,Volkswagen,Polo,1646,60,47728.07,2,3.65,795.47,23864.04
2024-07-07,CAMP051,meta_ads,Meta Ads - Renault Logan - whatsapp,whatsapp,Renault,Logan,760,6,23489.38,0,0.79,3914.9,
2024-07-07,CAMP018,google_ads,Google Ads - Toyota SW4 - trafico,trafico,Toyota,SW4,3697,141,62251.03,9,3.81,441.5,6916.78
2024-07-07,CAMP036,meta_ads,Meta Ads - Ford Territory - whatsapp,whatsapp,Ford,Territory,1544,28,23729.62,3,1.81,847.49,7909.87
2024-07-07,CAMP022,google_ads,Google Ads - Toyota Hilux - lead_form,lead_form,Toyota,Hilux,2669,101,60012.38,8,3.78,594.18,7501.55
2024-07-08,CAMP019,google_ads,Google Ads - Renault Alaskan - trafico,trafico,Renault,Alaskan,1737,57,31543.56,5,3.28,553.4,6308.71
2024-07-08,CAMP047,meta_ads,Meta Ads - Renault Logan - lead_form,lead_form,Renault,Logan,2624,46,35462.3,0,1.75,770.92,
2024-07-08,CAMP004,google_ads,Google Ads - Peugeot Expert - lead_form,lead_form,Peugeot,Expert,3229,65,62592.03,6,2.01,962.95,10432.0
2024-07-08,CAMP048,meta_ads,Meta Ads - Ford Kuga - whatsapp,whatsapp,Ford,Kuga,4484,93,89971.24,2,2.07,967.43,44985.62
2024-07-08,CAMP013,google_ads,Google Ads - Renault Logan - lead_form,lead_form,Renault,Logan,2846,121,46913.39,7,4.25,387.71,6701.91
2024-07-08,CAMP034,meta_ads,Meta Ads - Volkswagen Amarok - remarketing,remarketing,Volkswagen,Amarok,1131,19,27585.97,1,1.68,1451.89,27585.97
2024-07-08,CAMP052,meta_ads,Meta Ads - Volkswagen Taos - whatsapp,whatsapp,Volkswagen,Taos,4421,35,37394.33,1,0.79,1068.41,37394.33
2024-07-08,CAMP033,meta_ads,Meta Ads - Volkswagen Nivus - trafico,trafico,Volkswagen,Nivus,4185,160,49499.36,8,3.82,309.37,6187.42
2024-07-08,CAMP060,meta_ads,Meta Ads - Volkswagen Amarok - whatsapp,whatsapp,Volkswagen,Amarok,713,13,14067.41,0,1.82,1082.11,
2024-07-09,CAMP042,meta_ads,Meta Ads - Volkswagen Virtus - remarketing,remarketing,Volkswagen,Virtus,601,6,16451.89,0,1.0,2741.98,
2024-07-09,CAMP019,google_ads,Google Ads - Renault Alaskan - trafico,trafico,Renault,Alaskan,1438,37,17396.1,4,2.57,470.16,4349.02
2024-07-09,CAMP021,google_ads,Google Ads - Toyota Hilux - trafico,trafico,Toyota,Hilux,1075,47,30506.98,2,4.37,649.08,15253.49
2024-07-09,CAMP037,meta_ads,Meta Ads - Peugeot Expert - trafico,trafico,Peugeot,Expert,1571,39,44442.34,2,2.48,1139.55,22221.17
2024-07-09,CAMP049,meta_ads,Meta Ads - Fiat Cronos - trafico,trafico,Fiat,Cronos,2101,45,53231.95,1,2.14,1182.93,53231.95
2024-07-09,CAMP057,meta_ads,Meta Ads - Toyota Hilux - lead_form,lead_form,Toyota,Hilux,2555,60,76623.84,1,2.35,1277.06,76623.84
2024-07-09,CAMP003,google_ads,Google Ads - Volkswagen Virtus - lead_form,lead_form,Volkswagen,Virtus,5556,85,83573.03,7,1.53,983.21,11939.0
2024-07-09,CAMP033,meta_ads,Meta Ads - Volkswagen Nivus - trafico,trafico,Volkswagen,Nivus,5927,230,55821.29,8,3.88,242.7,6977.66
2024-07-10,CAMP003,google_ads,Google Ads - Volkswagen Virtus - lead_form,lead_form,Volkswagen,Virtus,1325,42,37666.15,0,3.17,896.81,
2024-07-10,CAMP015,google_ads,Google Ads - Ford Maverick - trafico,trafico,Ford,Maverick,3411,109,72629.77,9,3.2,666.33,8069.97
2024-07-10,CAMP049,meta_ads,Meta Ads - Fiat Cronos - trafico,trafico,Fiat,Cronos,6121,177,55605.18,6,2.89,314.15,9267.53
2024-07-10,CAMP059,meta_ads,Meta Ads - Renault Alaskan - whatsapp,whatsapp,Renault,Alaskan,7102,237,58189.06,18,3.34,245.52,3232.73
2024-07-10,CAMP010,google_ads,Google Ads - Renault Kangoo - whatsapp,whatsapp,Renault,Kangoo,1278,15,41234.35,0,1.17,2748.96,
2024-07-10,CAMP009,google_ads,Google Ads - Volkswagen Amarok - trafico,trafico,Volkswagen,Amarok,1666,58,54514.91,2,3.48,939.91,27257.46
2024-07-10,CAMP033,meta_ads,Meta Ads - Volkswagen Nivus - trafico,trafico,Volkswagen,Nivus,2574,31,56097.46,1,1.2,1809.6,56097.46
2024-07-10,CAMP021,google_ads,Google Ads - Toyota Hilux - trafico,trafico,Toyota,Hilux,3532,66,60154.49,2,1.87,911.43,30077.25
2024-07-11,CAMP042,meta_ads,Meta Ads - Volkswagen Virtus - remarketing,remarketing,Volkswagen,Virtus,5328,55,72061.3,3,1.03,1310.21,24020.43
2024-07-11,CAMP019,google_ads,Google Ads - Renault Alaskan - trafico,trafico,Renault,Alaskan,612,8,20324.91,0,1.31,2540.61,
2024-07-11,CAMP029,google_ads,Google Ads - Ford Bronco Sport - whatsapp,whatsapp,Ford,Bronco Sport,4319,142,69384.8,5,3.29,488.63,13876.96
2024-07-11,CAMP002,google_ads,Google Ads - Peugeot Partner - whatsapp,whatsapp,Peugeot,Partner,3599,86,58274.14,7,2.39,677.61,8324.88
2024-07-11,CAMP058,meta_ads,Meta Ads - Toyota Corolla Cross - lead_form,lead_form,Toyota,Corolla Cross,934,36,29925.18,1,3.85,831.26,29925.18
2024-07-11,CAMP039,meta_ads,Meta Ads - Chevrolet Cruze - trafico,trafico,Chevrolet,Cruze,1662,63,13857.38,6,3.79,219.96,2309.56
2024-07-11,CAMP060,meta_ads,Meta Ads - Volkswagen Amarok - whatsapp,whatsapp,Volkswagen,Amarok,837,17,28095.51,0,2.03,1652.68,
2024-07-11,CAMP043,meta_ads,Meta Ads - Chevrolet Onix - remarketing,remarketing,Chevrolet,Onix,3660,45,88769.9,2,1.23,1972.66,44384.95
2024-07-11,CAMP033,meta_ads,Meta Ads - Volkswagen Nivus - trafico,trafico,Volkswagen,Nivus,3549,157,55744.73,16,4.42,355.06,3484.05
2024-07-12,CAMP005,google_ads,Google Ads - Chevrolet Cruze - lead_form,lead_form,Chevrolet,Cruze,5221,108,84552.44,8,2.07,782.89,10569.05
2024-07-12,CAMP040,meta_ads,Meta Ads - Volkswagen Virtus - remarketing,remarketing,Volkswagen,Virtus,2587,37,24440.0,1,1.43,660.54,24440.0
2024-07-12,CAMP007,google_ads,Google Ads - Volkswagen Nivus - lead_form,lead_form,Volkswagen,Nivus,1421,12,45006.92,0,0.84,3750.58,
2024-07-12,CAMP057,meta_ads,Meta Ads - Toyota Hilux - lead_form,lead_form,Toyota,Hilux,477,19,13746.77,0,3.98,723.51,
2024-07-12,CAMP001,google_ads,Google Ads - Peugeot 208 - lead_form,lead_form,Peugeot,208,981,39,32492.6,3,3.98,833.14,10830.87
2024-07-12,CAMP055,meta_ads,Meta Ads - Toyota Corolla - trafico,trafico,Toyota,Corolla,851,29,27963.94,2,3.41,964.27,13981.97
2024-07-12,CAMP002,google_ads,Google Ads - Peugeot Partner - whatsapp,whatsapp,Peugeot,Partner,433,10,14368.67,0,2.31,1436.87,
2024-07-12,CAMP059,meta_ads,Meta Ads - Renault Alaskan - whatsapp,whatsapp,Renault,Alaskan,1305,52,18715.43,3,3.98,359.91,6238.48
2024-07-12,CAMP004,google_ads,Google Ads - Peugeot Expert - lead_form,lead_form,Peugeot,Expert,3628,121,55480.7,7,3.34,458.52,7925.81
2024-07-12,CAMP056,meta_ads,Meta Ads - Renault Logan - whatsapp,whatsapp,Renault,Logan,5688,48,69051.85,4,0.84,1438.58,17262.96
2024-07-12,CAMP018,google_ads,Google Ads - Toyota SW4 - trafico,trafico,Toyota,SW4,668,25,14332.05,1,3.74,573.28,14332.05
2024-07-13,CAMP037,meta_ads,Meta Ads - Peugeot Expert - trafico,trafico,Peugeot,Expert,1628,60,34091.41,1,3.69,568.19,34091.41
2024-07-13,CAMP058,meta_ads,Meta Ads - Toyota Corolla Cross - lead_form,lead_form,Toyota,Corolla Cross,1056,16,33339.28,0,1.52,2083.71,
2024-07-13,CAMP003,google_ads,Google Ads - Volkswagen Virtus - lead_form,lead_form,Volkswagen,Virtus,477,19,12198.17,1,3.98,642.01,12198.17
2024-07-13,CAMP043,meta_ads,Meta Ads - Chevrolet Onix - remarketing,remarketing,Chevrolet,Onix,1368,34,46131.51,1,2.49,1356.81,46131.51
2024-07-13,CAMP005,google_ads,Google Ads - Chevrolet Cruze - lead_form,lead_form,Chevrolet,Cruze,8459,170,78476.69,13,2.01,461.63,6036.67
2024-07-13,CAMP050,meta_ads,Meta Ads - Chevrolet Tracker - lead_form,lead_form,Chevrolet,Tracker,2301,28,47768.92,2,1.22,1706.03,23884.46
2024-07-13,CAMP018,google_ads,Google Ads - Toyota SW4 - trafico,trafico,Toyota,SW4,1797,20,41114.88,1,1.11,2055.74,41114.88
2024-07-13,CAMP046,meta_ads,Meta Ads - Peugeot 208 - trafico,trafico,Peugeot,208,3087,66,39197.83,4,2.14,593.91,9799.46
2024-07-14,CAMP050,meta_ads,Meta Ads - Chevrolet Tracker - lead_form,lead_form,Chevrolet,Tracker,1862,35,59380.62,1,1.88,1696.59,59380.62
2024-07-14,CAMP019,google_ads,Google Ads - Renault Alaskan - trafico,trafico,Renault,Alaskan,1718,68,48730.04,2,3.96,716.62,24365.02
2024-07-14,CAMP010,google_ads,Google Ads - Renault Kangoo - whatsapp,whatsapp,Renault,Kangoo,712,28,15442.29,2,3.93,551.51,7721.15
2024-07-14,CAMP053,meta_ads,Meta Ads - Chevrolet Spin - lead_form,lead_form,Chevrolet,Spin,2617,100,59116.76,3,3.82,591.17,19705.59
2024-07-14,CAMP044,meta_ads,Meta Ads - Fiat Fastback - remarketing,remarketing,Fiat,Fastback,6358,240,74821.48,8,3.77,311.76,9352.69
2024-07-14,CAMP049,meta_ads,Meta Ads - Fiat Cronos - trafico,trafico,Fiat,Cronos,6518,145,66533.25,3,2.22,458.85,22177.75
2024-07-14,CAMP032,meta_ads,Meta Ads - Fiat Pulse - lead_form,lead_form,Fiat,Pulse,5634,56,51465.68,0,0.99,919.03,
2024-07-14,CAMP056,meta_ads,Meta Ads - Renault Logan - whatsapp,whatsapp,Renault,Logan,3294,40,85485.65,1,1.21,2137.14,85485.65
2024-07-14,CAMP035,meta_ads,Meta Ads - Peugeot 3008 - whatsapp,whatsapp,Peugeot,3008,3980,42,67832.26,3,1.06,1615.05,22610.75
2024-07-14,CAMP027,google_ads,Google Ads - Chevrolet Tracker - whatsapp,whatsapp,Chevrolet,Tracker,3274,70,74678.33,5,2.14,1066.83,14935.67
2024-07-14,CAMP024,google_ads,Google Ads - Peugeot Partner - whatsapp,whatsapp,Peugeot,Partner,1820,64,42936.85,5,3.52,670.89,8587.37
2024-07-14,CAMP028,google_ads,Google Ads - Volkswagen Amarok - remarketing,remarketing,Volkswagen,Amarok,6361,197,89683.57,6,3.1,455.25,14947.26
2024-07-14,CAMP006,google_ads,Google Ads - Toyota Corolla - whatsapp,whatsapp,Toyota,Corolla,2349,79,66590.43,8,3.36,842.92,8323.8
2024-07-15,CAMP052,meta_ads,Meta Ads - Volkswagen Taos - whatsapp,whatsapp,Volkswagen,Taos,1564,16,13833.44,0,1.02,864.59,
2024-07-15,CAMP007,google_ads,Google Ads - Volkswagen Nivus - lead_form,lead_form,Volkswagen,Nivus,7307,116,72533.29,13,1.59,625.29,5579.48
2024-07-15,CAMP032,meta_ads,Meta Ads - Fiat Pulse - lead_form,lead_form,Fiat,Pulse,2544,55,44909.57,4,2.16,816.54,11227.39
2024-07-15,CAMP010,google_ads,Google Ads - Renault Kangoo - whatsapp,whatsapp,Renault,Kangoo,1917,27,35416.81,1,1.41,1311.73,35416.81
2024-07-15,CAMP005,google_ads,Google Ads - Chevrolet Cruze - lead_form,lead_form,Chevrolet,Cruze,2772,83,57995.88,1,2.99,698.75,57995.88
2024-07-15,CAMP045,meta_ads,Meta Ads - Chevrolet S10 - lead_form,lead_form,Chevrolet,S10,5685,104,50324.01,1,1.83,483.88,50324.01
2024-07-15,CAMP020,google_ads,Google Ads - Chevrolet Tracker - lead_form,lead_form,Chevrolet,Tracker,2132,44,66649.26,3,2.06,1514.76,22216.42
2024-07-15,CAMP016,google_ads,Google Ads - Renault Kangoo - remarketing,remarketing,Renault,Kangoo,738,22,19644.53,1,2.98,892.93,19644.53
2024-07-15,CAMP049,meta_ads,Meta Ads - Fiat Cronos - trafico,trafico,Fiat,Cronos,4132,29,87766.26,0,0.7,3026.42,
2024-07-15,CAMP026,google_ads,Google Ads - Peugeot Partner - lead_form,lead_form,Peugeot,Partner,1541,37,50020.98,2,2.4,1351.92,25010.49
2024-07-15,CAMP054,meta_ads,Meta Ads - Chevrolet S10 - remarketing,remarketing,Chevrolet,S10,670,22,18471.25,2,3.28,839.6,9235.62
2024-07-15,CAMP014,google_ads,Google Ads - Toyota Corolla Cross - lead_form,lead_form,Toyota,Corolla Cross,1681,25,47465.52,2,1.49,1898.62,23732.76
2024-07-15,CAMP035,meta_ads,Meta Ads - Peugeot 3008 - whatsapp,whatsapp,Peugeot,3008,896,32,14678.69,3,3.57,458.71,4892.9
2024-07-15,CAMP041,meta_ads,Meta Ads - Toyota Corolla - lead_form,lead_form,Toyota,Corolla,1513,9,28891.32,0,0.59,3210.15,
2024-07-15,CAMP059,meta_ads,Meta Ads - Renault Alaskan - whatsapp,whatsapp,Renault,Alaskan,2726,115,79291.9,7,4.22,689.49,11327.41
2024-07-15,CAMP013,google_ads,Google Ads - Renault Logan - lead_form,lead_form,Renault,Logan,2494,82,51161.66,4,3.29,623.92,12790.42
2024-07-16,CAMP042,meta_ads,Meta Ads - Volkswagen Virtus - remarketing,remarketing,Volkswagen,Virtus,3480,41,38153.22,4,1.18,930.57,9538.31
2024-07-16,CAMP047,meta_ads,Meta Ads - Renault Logan - lead_form,lead_form,Renault,Logan,1313,8,27751.85,0,0.61,3468.98,
2024-07-16,CAMP004,google_ads,Google Ads - Peugeot Expert - lead_form,lead_form,Peugeot,Expert,2327,84,75530.05,1,3.61,899.17,75530.05
2024-07-16,CAMP017,google_ads,Google Ads - Chevrolet Onix - remarketing,remarketing,Chevrolet,Onix,1539,50,26458.86,5,3.25,529.18,5291.77
2024-07-16,CAMP038,meta_ads,Meta Ads - Peugeot Expert - remarketing,remarketing,Peugeot,Expert,1503,50,30079.87,5,3.33,601.6,6015.97
2024-07-16,CAMP008,google_ads,Google Ads - Chevrolet Tracker - remarketing,remarketing,Chevrolet,Tracker,1707,59,20079.3,6,3.46,340.33,3346.55
2024-07-16,CAMP045,meta_ads,Meta Ads - Chevrolet S10 - lead_form,lead_form,Chevrolet,S10,2841,57,56343.29,5,2.01,988.48,11268.66
2024-07-16,CAMP034,meta_ads,Meta Ads - Volkswagen Amarok - remarketing,remarketing,Volkswagen,Amarok,618,20,13710.75,1,3.24,685.54,13710.75
2024-07-16,CAMP032,meta_ads,Meta Ads - Fiat Pulse - lead_form,lead_form,Fiat,Pulse,983,16,20455.94,1,1.63,1278.5,20455.94
2024-07-16,CAMP012,google_ads,Google Ads - Ford Territory - whatsapp,whatsapp,Ford,Territory,4641,75,45295.4,8,1.62,603.94,5661.92
2024-07-16,CAMP029,google_ads,Google Ads - Ford Bronco Sport - whatsapp,whatsapp,Ford,Bronco Sport,2135,89,40215.29,9,4.17,451.86,4468.37
2024-07-16,CAMP019,google_ads,Google Ads - Renault Alaskan - trafico,trafico,Renault,Alaskan,7183,88,80933.9,6,1.23,919.7,13488.98
2024-07-16,CAMP011,google_ads,Google Ads - Peugeot 3008 - trafico,trafico,Peugeot,3008,3210,144,64352.73,7,4.49,446.89,9193.25
2024-07-16,CAMP003,google_ads,Google Ads - Volkswagen Virtus - lead_form,lead_form,Volkswagen,Virtus,3342,123,32774.64,4,3.68,266.46,8193.66
2024-07-16,CAMP049,meta_ads,Meta Ads - Fiat Cronos - trafico,trafico,Fiat,Cronos,1929,29,44587.82,0,1.5,1537.51,
2024-07-16,CAMP039,meta_ads,Meta Ads - Chevrolet Cruze - trafico,trafico,Chevrolet,Cruze,837,5,22569.88,0,0.6,4513.98,
2024-07-17,CAMP008,google_ads,Google Ads - Chevrolet Tracker - remarketing,remarketing,Chevrolet,Tracker,6962,291,81460.57,30,4.18,279.93,2715.35
2024-07-17,CAMP034,meta_ads,Meta Ads - Volkswagen Amarok - remarketing,remarketing,Volkswagen,Amarok,5745,140,75225.63,9,2.44,537.33,8358.4
2024-07-17,CAMP043,meta_ads,Meta Ads - Chevrolet Onix - remarketing,remarketing,Chevrolet,Onix,1078,33,19918.98,2,3.06,603.61,9959.49
2024-07-17,CAMP018,google_ads,Google Ads - Toyota SW4 - trafico,trafico,Toyota,SW4,6315,69,75433.93,4,1.09,1093.25,18858.48
2024-07-17,CAMP038,meta_ads,Meta Ads - Peugeot Expert - remarketing,remarketing,Peugeot,Expert,8128,211,79948.36,25,2.6,378.9,3197.93
2024-07-17,CAMP059,meta_ads,Meta Ads - Renault Alaskan - whatsapp,whatsapp,Renault,Alaskan,3865,136,56710.65,14,3.52,416.99,4050.76
2024-07-17,CAMP001,google_ads,Google Ads - Peugeot 208 - lead_form,lead_form,Peugeot,208,2883,46,40608.46,0,1.6,882.79,
2024-07-17,CAMP020,google_ads,Google Ads - Chevrolet Tracker - lead_form,lead_form,Chevrolet,Tracker,1464,53,46133.66,0,3.62,870.45,
2024-07-18,CAMP026,google_ads,Google Ads - Peugeot Partner - lead_form,lead_form,Peugeot,Partner,3180,49,80005.95,3,1.54,1632.77,26668.65
2024-07-18,CAMP029,google_ads,Google Ads - Ford Bronco Sport - whatsapp,whatsapp,Ford,Bronco Sport,5064,148,50776.41,8,2.92,343.08,6347.05
2024-07-18,CAMP039,meta_ads,Meta Ads - Chevrolet Cruze - trafico,trafico,Chevrolet,Cruze,2065,74,55811.56,7,3.58,754.21,7973.08
2024-07-18,CAMP054,meta_ads,Meta Ads - Chevrolet S10 - remarketing,remarketing,Chevrolet,S10,975,16,15115.99,1,1.64,944.75,15115.99
2024-07-18,CAMP056,meta_ads,Meta Ads - Renault Logan - whatsapp,whatsapp,Renault,Logan,5166,199,88960.95,15,3.85,447.04,5930.73
2024-07-18,CAMP015,google_ads,Google Ads - Ford Maverick - trafico,trafico,Ford,Maverick,2691,65,83707.49,4,2.42,1287.81,20926.87
2024-07-18,CAMP048,meta_ads,Meta Ads - Ford Kuga - whatsapp,whatsapp,Ford,Kuga,2317,67,71078.58,4,2.89,1060.87,17769.65
2024-07-18,CAMP009,google_ads,Google Ads - Volkswagen Amarok - trafico,trafico,Volkswagen,Amarok,2696,98,65210.34,2,3.64,665.41,32605.17
2024-07-18,CAMP031,meta_ads,Meta Ads - Volkswagen Polo - trafico,trafico,Volkswagen,Polo,1435,63,38291.87,4,4.39,607.81,9572.97
2024-07-18,CAMP040,meta_ads,Meta Ads - Volkswagen Virtus - remarketing,remarketing,Volkswagen,Virtus,6193,189,60076.6,21,3.05,317.87,2860.79
2024-07-18,CAMP033,meta_ads,Meta Ads - Volkswagen Nivus - trafico,trafico,Volkswagen,Nivus,3336,49,80230.62,5,1.47,1637.36,16046.12
2024-07-18,CAMP027,google_ads,Google Ads - Chevrolet Tracker - whatsapp,whatsapp,Chevrolet,Tracker,2577,34,37284.82,3,1.32,1096.61,12428.27
2024-07-18,CAMP042,meta_ads,Meta Ads - Volkswagen Virtus - remarketing,remarketing,Volkswagen,Virtus,1581,51,26964.03,2,3.23,528.71,13482.02
2024-07-19,CAMP043,meta_ads,Meta Ads - Chevrolet Onix - remarketing,remarketing,Chevrolet,Onix,1774,32,40195.98,3,1.8,1256.12,13398.66
2024-07-19,CAMP060,meta_ads,Meta Ads - Volkswagen Amarok - whatsapp,whatsapp,Volkswagen,Amarok,4524,154,57376.42,16,3.4,372.57,3586.03
2024-07-19,CAMP013,google_ads,Google Ads - Renault Logan - lead_form,lead_form,Renault,Logan,4560,167,61810.44,17,3.66,370.12,3635.91
2024-07-19,CAMP050,meta_ads,Meta Ads - Chevrolet Tracker - lead_form,lead_form,Chevrolet,Tracker,1031,26,26280.07,1,2.52,1010.77,26280.07
2024-07-19,CAMP040,meta_ads,Meta Ads - Volkswagen Virtus - remarketing,remarketing,Volkswagen,Virtus,3251,91,49778.78,6,2.8,547.02,8296.46
2024-07-19,CAMP051,meta_ads,Meta Ads - Renault Logan - whatsapp,whatsapp,Renault,Logan,961,15,23414.51,1,1.56,1560.97,23414.51
2024-07-19,CAMP009,google_ads,Google Ads - Volkswagen Amarok - trafico,trafico,Volkswagen,Amarok,2182,13,75422.93,0,0.6,5801.76,
2024-07-19,CAMP052,meta_ads,Meta Ads - Volkswagen Taos - whatsapp,whatsapp,Volkswagen,Taos,2567,60,84861.52,7,2.34,1414.36,12123.07
2024-07-19,CAMP057,meta_ads,Meta Ads - Toyota Hilux - lead_form,lead_form,Toyota,Hilux,3715,104,57519.52,3,2.8,553.07,19173.17
2024-07-19,CAMP045,meta_ads,Meta Ads - Chevrolet S10 - lead_form,lead_form,Chevrolet,S10,817,36,15977.46,2,4.41,443.82,7988.73
2024-07-19,CAMP019,google_ads,Google Ads - Renault Alaskan - trafico,trafico,Renault,Alaskan,2664,28,49156.72,0,1.05,1755.6,
2024-07-19,CAMP058,meta_ads,Meta Ads - Toyota Corolla Cross - lead_form,lead_form,Toyota,Corolla Cross,1355,11,40184.12,1,0.81,3653.1,40184.12
2024-07-19,CAMP044,meta_ads,Meta Ads - Fiat Fastback - remarketing,remarketing,Fiat,Fastback,1474,24,33633.77,2,1.63,1401.41,16816.88
2024-07-19,CAMP048,meta_ads,Meta Ads - Ford Kuga - whatsapp,whatsapp,Ford,Kuga,3172,44,84208.33,4,1.39,1913.83,21052.08
2024-07-20,CAMP001,google_ads,Google Ads - Peugeot 208 - lead_form,lead_form,Peugeot,208,2234,65,31173.11,6,2.91,479.59,5195.52
2024-07-20,CAMP008,google_ads,Google Ads - Chevrolet Tracker - remarketing,remarketing,Chevrolet,Tracker,4871,74,85469.26,1,1.52,1154.99,85469.26
2024-07-20,CAMP022,google_ads,Google Ads - Toyota Hilux - lead_form,lead_form,Toyota,Hilux,2039,25,58309.66,2,1.23,2332.39,29154.83
2024-07-20,CAMP040,meta_ads,Meta Ads - Volkswagen Virtus - remarketing,remarketing,Volkswagen,Virtus,1875,12,42439.85,0,0.64,3536.65,
2024-07-20,CAMP047,meta_ads,Meta Ads - Renault Logan - lead_form,lead_form,Renault,Logan,2330,102,57291.98,10,4.38,561.69,5729.2
2024-07-20,CAMP018,google_ads,Google Ads - Toyota SW4 - trafico,trafico,Toyota,SW4,1501,32,21998.24,1,2.13,687.45,21998.24
2024-07-20,CAMP019,google_ads,Google Ads - Renault Alaskan - trafico,trafico,Renault,Alaskan,1880,78,60323.5,3,4.15,773.38,20107.83
2024-07-20,CAMP028,google_ads,Google Ads - Volkswagen Amarok - remarketing,remarketing,Volkswagen,Amarok,474,10,12406.34,1,2.11,1240.63,12406.34
2024-07-21,CAMP029,google_ads,Google Ads - Ford Bronco Sport - whatsapp,whatsapp,Ford,Bronco Sport,8242,295,71062.14,10,3.58,240.89,7106.21
2024-07-21,CAMP014,google_ads,Google Ads - Toyota Corolla Cross - lead_form,lead_form,Toyota,Corolla Cross,3283,131,64982.8,6,3.99,496.05,10830.47
2024-07-21,CAMP015,google_ads,Google Ads - Ford Maverick - trafico,trafico,Ford,Maverick,631,13,13713.87,0,2.06,1054.91,
2024-07-21,CAMP007,google_ads,Google Ads - Volkswagen Nivus - lead_form,lead_form,Volkswagen,Nivus,2371,21,28228.42,2,0.89,1344.21,14114.21
2024-07-21,CAMP055,meta_ads,Meta Ads - Toyota Corolla - trafico,trafico,Toyota,Corolla,5241,114,65765.85,4,2.18,576.89,16441.46
2024-07-21,CAMP006,google_ads,Google Ads - Toyota Corolla - whatsapp,whatsapp,Toyota,Corolla,2586,87,39839.5,9,3.36,457.93,4426.61
2024-07-21,CAMP027,google_ads,Google Ads - Chevrolet Tracker - whatsapp,whatsapp,Chevrolet,Tracker,1321,57,41896.13,4,4.31,735.02,10474.03
2024-07-21,CAMP046,meta_ads,Meta Ads - Peugeot 208 - trafico,trafico,Peugeot,208,2215,18,56340.87,1,0.81,3130.05,56340.87
2024-07-21,CAMP060,meta_ads,Meta Ads - Volkswagen Amarok - whatsapp,whatsapp,Volkswagen,Amarok,589,11,13805.27,0,1.87,1255.02,
2024-07-21,CAMP052,meta_ads,Meta Ads - Volkswagen Taos - whatsapp,whatsapp,Volkswagen,Taos,2315,52,46362.19,3,2.25,891.58,15454.06
2024-07-21,CAMP010,google_ads,Google Ads - Renault Kangoo - whatsapp,whatsapp,Renault,Kangoo,2583,107,39443.91,4,4.14,368.63,9860.98
2024-07-21,CAMP048,meta_ads,Meta Ads - Ford Kuga - whatsapp,whatsapp,Ford,Kuga,1760,50,24506.85,3,2.84,490.14,8168.95
2024-07-21,CAMP025,google_ads,Google Ads - Ford Maverick - whatsapp,whatsapp,Ford,Maverick,4049,30,53797.63,1,0.74,1793.25,53797.63
2024-07-21,CAMP040,meta_ads,Meta Ads - Volkswagen Virtus - remarketing,remarketing,Volkswagen,Virtus,1118,37,15855.67,1,3.31,428.53,15855.67
2024-07-22,CAMP004,google_ads,Google Ads - Peugeot Expert - lead_form,lead_form,Peugeot,Expert,3713,35,52946.78,0,0.94,1512.77,
2024-07-22,CAMP017,google_ads,Google Ads - Chevrolet Onix - remarketing,remarketing,Chevrolet,Onix,2175,93,63476.71,10,4.28,682.55,6347.67
2024-07-22,CAMP006,google_ads,Google Ads - Toyota Corolla - whatsapp,whatsapp,Toyota,Corolla,1135,48,25893.4,5,4.23,539.45,5178.68
2024-07-22,CAMP034,meta_ads,Meta Ads - Volkswagen Amarok - remarketing,remarketing,Volkswagen,Amarok,1027,13,30627.95,1,1.27,2356.0,30627.95
2024-07-22,CAMP059,meta_ads,Meta Ads - Renault Alaskan - whatsapp,whatsapp,Renault,Alaskan,1617,61,17369.69,2,3.77,284.75,8684.85
2024-07-22,CAMP029,google_ads,Google Ads - Ford Bronco Sport - whatsapp,whatsapp,Ford,Bronco Sport,1065,37,21825.81,3,3.47,589.89,7275.27
2024-07-22,CAMP010,google_ads,Google Ads - Renault Kangoo - whatsapp,whatsapp,Renault,Kangoo,725,11,24069.87,0,1.52,2188.17,
2024-07-22,CAMP019,google_ads,Google Ads - Renault Alaskan - trafico,trafico,Renault,Alaskan,2761,71,79241.34,1,2.57,1116.08,79241.34
2024-07-22,CAMP054,meta_ads,Meta Ads - Chevrolet S10 - remarketing,remarketing,Chevrolet,S10,5421,61,51690.68,1,1.13,847.39,51690.68
2024-07-22,CAMP028,google_ads,Google Ads - Volkswagen Amarok - remarketing,remarketing,Volkswagen,Amarok,2101,83,24320.4,8,3.95,293.02,3040.05
2024-07-22,CAMP018,google_ads,Google Ads - Toyota SW4 - trafico,trafico,Toyota,SW4,3676,57,57136.06,1,1.55,1002.39,57136.06
2024-07-22,CAMP012,google_ads,Google Ads - Ford Territory - whatsapp,whatsapp,Ford,Territory,1408,43,20706.11,4,3.05,481.54,5176.53
2024-07-22,CAMP015,google_ads,Google Ads - Ford Maverick - trafico,trafico,Ford,Maverick,953,5,17345.5,0,0.52,3469.1,
2024-07-22,CAMP027,google_ads,Google Ads - Chevrolet Tracker - whatsapp,whatsapp,Chevrolet,Tracker,2844,60,74799.81,4,2.11,1246.66,18699.95
2024-07-22,CAMP020,google_ads,Google Ads - Chevrolet Tracker - lead_form,lead_form,Chevrolet,Tracker,1974,85,43791.21,9,4.31,515.19,4865.69
2024-07-22,CAMP011,google_ads,Google Ads - Peugeot 3008 - trafico,trafico,Peugeot,3008,1637,55,39868.37,5,3.36,724.88,7973.67
2024-07-23,CAMP034,meta_ads,Meta Ads - Volkswagen Amarok - remarketing,remarketing,Volkswagen,Amarok,2915,30,89587.74,3,1.03,2986.26,29862.58
2024-07-23,CAMP027,google_ads,Google Ads - Chevrolet Tracker - whatsapp,whatsapp,Chevrolet,Tracker,2600,18,41840.64,1,0.69,2324.48,41840.64
2024-07-23,CAMP011,google_ads,Google Ads - Peugeot 3008 - trafico,trafico,Peugeot,3008,5102,184,70524.29,17,3.61,383.28,4148.49
2024-07-23,CAMP033,meta_ads,Meta Ads - Volkswagen Nivus - trafico,trafico,Volkswagen,Nivus,1967,70,47095.35,2,3.56,672.79,23547.68
2024-07-23,CAMP055,meta_ads,Meta Ads - Toyota Corolla - trafico,trafico,Toyota,Corolla,3952,45,73913.32,4,1.14,1642.52,18478.33
2024-07-23,CAMP032,meta_ads,Meta Ads - Fiat Pulse - lead_form,lead_form,Fiat,Pulse,5562,119,82485.77,10,2.14,693.16,8248.58
2024-07-23,CAMP009,google_ads,Google Ads - Volkswagen Amarok - trafico,trafico,Volkswagen,Amarok,3029,33,40982.24,3,1.09,1241.89,13660.75
2024-07-23,CAMP052,meta_ads,Meta Ads - Volkswagen Taos - whatsapp,whatsapp,Volkswagen,Taos,2610,80,31138.55,2,3.07,389.23,15569.27
2024-07-23,CAMP003,google_ads,Google Ads - Volkswagen Virtus - lead_form,lead_form,Volkswagen,Virtus,2357,97,41174.78,10,4.12,424.48,4117.48
2024-07-23,CAMP014,google_ads,Google Ads - Toyota Corolla Cross - lead_form,lead_form,Toyota,Corolla Cross,7915,138,80024.8,13,1.74,579.89,6155.75
2024-07-23,CAMP005,google_ads,Google Ads - Chevrolet Cruze - lead_form,lead_form,Chevrolet,Cruze,6050,267,55025.32,27,4.41,206.09,2037.97
2024-07-23,CAMP039,meta_ads,Meta Ads - Chevrolet Cruze - trafico,trafico,Chevrolet,Cruze,1019,18,17284.94,1,1.77,960.27,17284.94
2024-07-24,CAMP007,google_ads,Google Ads - Volkswagen Nivus - lead_form,lead_form,Volkswagen,Nivus,2088,42,52279.63,2,2.01,1244.75,26139.82
2024-07-24,CAMP010,google_ads,Google Ads - Renault Kangoo - whatsapp,whatsapp,Renault,Kangoo,1566,30,38450.97,1,1.92,1281.7,38450.97
2024-07-24,CAMP048,meta_ads,Meta Ads - Ford Kuga - whatsapp,whatsapp,Ford,Kuga,1387,40,41124.76,4,2.88,1028.12,10281.19
2024-07-24,CAMP046,meta_ads,Meta Ads - Peugeot 208 - trafico,trafico,Peugeot,208,3649,95,71902.5,8,2.6,756.87,8987.81
2024-07-24,CAMP036,meta_ads,Meta Ads - Ford Territory - whatsapp,whatsapp,Ford,Territory,1959,50,55312.53,5,2.55,1106.25,11062.51
2024-07-24,CAMP018,google_ads,Google Ads - Toyota SW4 - trafico,trafico,Toyota,SW4,799,15,24208.92,1,1.88,1613.93,24208.92
2024-07-24,CAMP004,google_ads,Google Ads - Peugeot Expert - lead_form,lead_form,Peugeot,Expert,2774,32,69771.24,3,1.15,2180.35,23257.08
2024-07-24,CAMP002,google_ads,Google Ads - Peugeot Partner - whatsapp,whatsapp,Peugeot,Partner,1119,18,27598.14,0,1.61,1533.23,
2024-07-25,CAMP020,google_ads,Google Ads - Chevrolet Tracker - lead_form,lead_form,Chevrolet,Tracker,2334,52,74358.79,3,2.23,1429.98,24786.26
2024-07-25,CAMP001,google_ads,Google Ads - Peugeot 208 - lead_form,lead_form,Peugeot,208,6521,291,89253.25,9,4.46,306.71,9917.03
2024-07-25,CAMP009,google_ads,Google Ads - Volkswagen Amarok - trafico,trafico,Volkswagen,Amarok,539,19,14921.96,0,3.53,785.37,
2024-07-25,CAMP013,google_ads,Google Ads - Renault Logan - lead_form,lead_form,Renault,Logan,6685,215,83380.45,5,3.22,387.82,16676.09
2024-07-25,CAMP027,google_ads,Google Ads - Chevrolet Tracker - whatsapp,whatsapp,Chevrolet,Tracker,2146,41,64214.54,3,1.91,1566.21,21404.85
2024-07-25,CAMP037,meta_ads,Meta Ads - Peugeot Expert - trafico,trafico,Peugeot,Expert,1985,85,41025.08,6,4.28,482.65,6837.51
2024-07-25,CAMP057,meta_ads,Meta Ads - Toyota Hilux - lead_form,lead_form,Toyota,Hilux,1692,59,54738.18,4,3.49,927.77,13684.54
2024-07-25,CAMP056,meta_ads,Meta Ads - Renault Logan - whatsapp,whatsapp,Renault,Logan,3070,100,37469.58,9,3.26,374.7,4163.29
2024-07-26,CAMP044,meta_ads,Meta Ads - Fiat Fastback - remarketing,remarketing,Fiat,Fastback,2549,20,88648.67,1,0.78,4432.43,88648.67
2024-07-26,CAMP018,google_ads,Google Ads - Toyota SW4 - trafico,trafico,Toyota,SW4,5027,191,75186.43,13,3.8,393.65,5783.57
2024-07-26,CAMP052,meta_ads,Meta Ads - Volkswagen Taos - whatsapp,whatsapp,Volkswagen,Taos,5646,244,78555.34,15,4.32,321.95,5237.02
2024-07-26,CAMP039,meta_ads,Meta Ads - Chevrolet Cruze - trafico,trafico,Chevrolet,Cruze,2266,61,24164.94,3,2.69,396.15,8054.98
2024-07-26,CAMP050,meta_ads,Meta Ads - Chevrolet Tracker - lead_form,lead_form,Chevrolet,Tracker,3650,69,70532.11,1,1.89,1022.2,70532.11
2024-07-26,CAMP016,google_ads,Google Ads - Renault Kangoo - remarketing,remarketing,Renault,Kangoo,1185,50,24887.85,1,4.22,497.76,24887.85
2024-07-26,CAMP015,google_ads,Google Ads - Ford Maverick - trafico,trafico,Ford,Maverick,1149,26,36809.75,2,2.26,1415.76,18404.87
2024-07-26,CAMP053,meta_ads,Meta Ads - Chevrolet Spin - lead_form,lead_form,Chevrolet,Spin,1166,8,24226.92,0,0.69,3028.37,
2024-07-26,CAMP002,google_ads,Google Ads - Peugeot Partner - whatsapp,whatsapp,Peugeot,Partner,1490,60,21408.41,3,4.03,356.81,7136.14
2024-07-26,CAMP028,google_ads,Google Ads - Volkswagen Amarok - remarketing,remarketing,Volkswagen,Amarok,3663,79,87508.75,8,2.16,1107.71,10938.59
2024-07-26,CAMP031,meta_ads,Meta Ads - Volkswagen Polo - trafico,trafico,Volkswagen,Polo,1414,17,34646.7,0,1.2,2038.04,
2024-07-26,CAMP059,meta_ads,Meta Ads - Renault Alaskan - whatsapp,whatsapp,Renault,Alaskan,2082,19,37847.3,0,0.91,1991.96,
2024-07-26,CAMP022,google_ads,Google Ads - Toyota Hilux - lead_form,lead_form,Toyota,Hilux,9084,245,74755.26,16,2.7,305.12,4672.2
2024-07-26,CAMP033,meta_ads,Meta Ads - Volkswagen Nivus - trafico,trafico,Volkswagen,Nivus,566,21,19369.54,1,3.71,922.36,19369.54
2024-07-26,CAMP020,google_ads,Google Ads - Chevrolet Tracker - lead_form,lead_form,Chevrolet,Tracker,11189,144,90149.7,4,1.29,626.04,22537.43
2024-07-26,CAMP032,meta_ads,Meta Ads - Fiat Pulse - lead_form,lead_form,Fiat,Pulse,4999,163,89509.5,16,3.26,549.14,5594.34
2024-07-27,CAMP043,meta_ads,Meta Ads - Chevrolet Onix - remarketing,remarketing,Chevrolet,Onix,365,13,12023.83,1,3.56,924.91,12023.83
2024-07-27,CAMP037,meta_ads,Meta Ads - Peugeot Expert - trafico,trafico,Peugeot,Expert,3593,59,76332.66,2,1.64,1293.77,38166.33
2024-07-27,CAMP006,google_ads,Google Ads - Toyota Corolla - whatsapp,whatsapp,Toyota,Corolla,7782,232,77320.65,6,2.98,333.28,12886.78
2024-07-27,CAMP003,google_ads,Google Ads - Volkswagen Virtus - lead_form,lead_form,Volkswagen,Virtus,1550,18,48091.09,1,1.16,2671.73,48091.09
2024-07-27,CAMP011,google_ads,Google Ads - Peugeot 3008 - trafico,trafico,Peugeot,3008,2438,35,52192.83,1,1.44,1491.22,52192.83
2024-07-27,CAMP020,google_ads,Google Ads - Chevrolet Tracker - lead_form,lead_form,Chevrolet,Tracker,2491,30,42710.3,1,1.2,1423.68,42710.3
2024-07-27,CAMP022,google_ads,Google Ads - Toyota Hilux - lead_form,lead_form,Toyota,Hilux,1404,25,47324.04,2,1.78,1892.96,23662.02
2024-07-27,CAMP007,google_ads,Google Ads - Volkswagen Nivus - lead_form,lead_form,Volkswagen,Nivus,3919,165,75587.09,16,4.21,458.1,4724.19
2024-07-27,CAMP057,meta_ads,Meta Ads - Toyota Hilux - lead_form,lead_form,Toyota,Hilux,3005,42,78122.43,2,1.4,1860.06,39061.21
2024-07-27,CAMP038,meta_ads,Meta Ads - Peugeot Expert - remarketing,remarketing,Peugeot,Expert,7437,61,66892.41,6,0.82,1096.6,11148.74
2024-07-27,CAMP058,meta_ads,Meta Ads - Toyota Corolla Cross - lead_form,lead_form,Toyota,Corolla Cross,673,7,23533.15,0,1.04,3361.88,
2024-07-27,CAMP052,meta_ads,Meta Ads - Volkswagen Taos - whatsapp,whatsapp,Volkswagen,Taos,2005,37,34053.49,1,1.85,920.36,34053.49
2024-07-27,CAMP040,meta_ads,Meta Ads - Volkswagen Virtus - remarketing,remarketing,Volkswagen,Virtus,2601,109,49594.29,9,4.19,454.99,5510.48
2024-07-28,CAMP047,meta_ads,Meta Ads - Renault Logan - lead_form,lead_form,Renault,Logan,2619,55,77793.72,5,2.1,1414.43,15558.74
2024-07-28,CAMP038,meta_ads,Meta Ads - Peugeot Expert - remarketing,remarketing,Peugeot,Expert,1415,51,48268.88,5,3.6,946.45,9653.78
2024-07-28,CAMP020,google_ads,Google Ads - Chevrolet Tracker - lead_form,lead_form,Chevrolet,Tracker,1571,55,47182.72,4,3.5,857.87,11795.68
2024-07-28,CAMP046,meta_ads,Meta Ads - Peugeot 208 - trafico,trafico,Peugeot,208,1875,66,63507.63,7,3.52,962.24,9072.52
2024-07-28,CAMP014,google_ads,Google Ads - Toyota Corolla Cross - lead_form,lead_form,Toyota,Corolla Cross,839,10,26412.26,0,1.19,2641.23,
2024-07-28,CAMP031,meta_ads,Meta Ads - Volkswagen Polo - trafico,trafico,Volkswagen,Polo,610,11,19317.12,0,1.8,1756.1,
2024-07-28,CAMP042,meta_ads,Meta Ads - Volkswagen Virtus - remarketing,remarketing,Volkswagen,Virtus,1052,26,23001.67,1,2.47,884.68,23001.67
2024-07-28,CAMP003,google_ads,Google Ads - Volkswagen Virtus - lead_form,lead_form,Volkswagen,Virtus,2162,16,27842.58,0,0.74,1740.16,
2024-07-28,CAMP024,google_ads,Google Ads - Peugeot Partner - whatsapp,whatsapp,Peugeot,Partner,2331,69,40233.08,3,2.96,583.09,13411.03
2024-07-28,CAMP011,google_ads,Google Ads - Peugeot 3008 - trafico,trafico,Peugeot,3008,700,30,20206.97,1,4.29,673.57,20206.97
2024-07-28,CAMP026,google_ads,Google Ads - Peugeot Partner - lead_form,lead_form,Peugeot,Partner,894,35,23585.32,3,3.91,673.87,7861.77
2024-07-28,CAMP013,google_ads,Google Ads - Renault Logan - lead_form,lead_form,Renault,Logan,1801,47,33408.78,3,2.61,710.83,11136.26
2024-07-28,CAMP023,google_ads,Google Ads - Fiat Pulse - remarketing,remarketing,Fiat,Pulse,6346,228,84475.36,20,3.59,370.51,4223.77
2024-07-28,CAMP005,google_ads,Google Ads - Chevrolet Cruze - lead_form,lead_form,Chevrolet,Cruze,444,12,15111.35,0,2.7,1259.28,
2024-07-28,CAMP004,google_ads,Google Ads - Peugeot Expert - lead_form,lead_form,Peugeot,Expert,4426,75,89965.03,1,1.69,1199.53,89965.03
2024-07-28,CAMP053,meta_ads,Meta Ads - Chevrolet Spin - lead_form,lead_form,Chevrolet,Spin,1706,14,58106.1,1,0.82,4150.44,58106.1
2024-07-29,CAMP060,meta_ads,Meta Ads - Volkswagen Amarok - whatsapp,whatsapp,Volkswagen,Amarok,2936,83,76477.62,4,2.83,921.42,19119.41
2024-07-29,CAMP030,google_ads,Google Ads - Peugeot Partner - lead_form,lead_form,Peugeot,Partner,878,12,12460.04,1,1.37,1038.34,12460.04
2024-07-29,CAMP057,meta_ads,Meta Ads - Toyota Hilux - lead_form,lead_form,Toyota,Hilux,3839,30,30952.97,0,0.78,1031.77,
2024-07-29,CAMP039,meta_ads,Meta Ads - Chevrolet Cruze - trafico,trafico,Chevrolet,Cruze,3359,137,75417.63,15,4.08,550.49,5027.84
2024-07-29,CAMP037,meta_ads,Meta Ads - Peugeot Expert - trafico,trafico,Peugeot,Expert,426,14,13410.19,1,3.29,957.87,13410.19
2024-07-29,CAMP015,google_ads,Google Ads - Ford Maverick - trafico,trafico,Ford,Maverick,2580,82,74212.85,5,3.18,905.03,14842.57
2024-07-29,CAMP021,google_ads,Google Ads - Toyota Hilux - trafico,trafico,Toyota,Hilux,2579,71,57837.74,6,2.75,814.62,9639.62
2024-07-29,CAMP038,meta_ads,Meta Ads - Peugeot Expert - remarketing,remarketing,Peugeot,Expert,2410,51,79511.07,4,2.12,1559.04,19877.77
2024-07-29,CAMP055,meta_ads,Meta Ads - Toyota Corolla - trafico,trafico,Toyota,Corolla,1014,6,26087.87,0,0.59,4347.98,
2024-07-29,CAMP029,google_ads,Google Ads - Ford Bronco Sport - whatsapp,whatsapp,Ford,Bronco Sport,2599,64,38028.41,1,2.46,594.19,38028.41
2024-07-29,CAMP017,google_ads,Google Ads - Chevrolet Onix - remarketing,remarketing,Chevrolet,Onix,3082,38,85487.56,1,1.23,2249.67,85487.56
2024-07-29,CAMP020,google_ads,Google Ads - Chevrolet Tracker - lead_form,lead_form,Chevrolet,Tracker,2617,59,32380.16,5,2.25,548.82,6476.03
2024-07-29,CAMP042,meta_ads,Meta Ads - Volkswagen Virtus - remarketing,remarketing,Volkswagen,Virtus,1416,24,40601.46,2,1.69,1691.73,20300.73
2024-07-29,CAMP003,google_ads,Google Ads - Volkswagen Virtus - lead_form,lead_form,Volkswagen,Virtus,2637,23,66614.09,0,0.87,2896.26,
2024-07-30,CAMP055,meta_ads,Meta Ads - Toyota Corolla - trafico,trafico,Toyota,Corolla,7890,186,87281.21,5,2.36,469.25,17456.24
2024-07-30,CAMP001,google_ads,Google Ads - Peugeot 208 - lead_form,lead_form,Peugeot,208,2470,59,71747.98,1,2.39,1216.07,71747.98
2024-07-30,CAMP016,google_ads,Google Ads - Renault Kangoo - remarketing,remarketing,Renault,Kangoo,4131,38,64103.87,3,0.92,1686.94,21367.96
2024-07-30,CAMP005,google_ads,Google Ads - Chevrolet Cruze - lead_form,lead_form,Chevrolet,Cruze,2141,28,39552.73,3,1.31,1412.6,13184.24
2024-07-30,CAMP050,meta_ads,Meta Ads - Chevrolet Tracker - lead_form,lead_form,Chevrolet,Tracker,2103,63,68574.59,7,3.0,1088.49,9796.37
2024-07-30,CAMP056,meta_ads,Meta Ads - Renault Logan - whatsapp,whatsapp,Renault,Logan,2063,25,71785.75,1,1.21,2871.43,71785.75
2024-07-30,CAMP051,meta_ads,Meta Ads - Renault Logan - whatsapp,whatsapp,Renault,Logan,1980,26,52722.76,3,1.31,2027.8,17574.25
2024-07-30,CAMP049,meta_ads,Meta Ads - Fiat Cronos - trafico,trafico,Fiat,Cronos,4064,78,71070.52,4,1.92,911.16,17767.63
2024-07-30,CAMP018,google_ads,Google Ads - Toyota SW4 - trafico,trafico,Toyota,SW4,6578,170,71026.99,17,2.58,417.81,4178.06
2024-07-31,CAMP011,google_ads,Google Ads - Peugeot 3008 - trafico,trafico,Peugeot,3008,1159,48,29846.9,3,4.14,621.81,9948.97
2024-07-31,CAMP013,google_ads,Google Ads - Renault Logan - lead_form,lead_form,Renault,Logan,3928,121,72514.92,4,3.08,599.3,18128.73
2024-07-31,CAMP040,meta_ads,Meta Ads - Volkswagen Virtus - remarketing,remarketing,Volkswagen,Virtus,759,4,15355.72,0,0.53,3838.93,
2024-07-31,CAMP041,meta_ads,Meta Ads - Toyota Corolla - lead_form,lead_form,Toyota,Corolla,2695,84,89518.47,4,3.12,1065.7,22379.62
2024-07-31,CAMP031,meta_ads,Meta Ads - Volkswagen Polo - trafico,trafico,Volkswagen,Polo,2274,90,77744.05,2,3.96,863.82,38872.03
2024-07-31,CAMP050,meta_ads,Meta Ads - Chevrolet Tracker - lead_form,lead_form,Chevrolet,Tracker,3249,90,78175.63,2,2.77,868.62,39087.81
2024-07-31,CAMP038,meta_ads,Meta Ads - Peugeot Expert - remarketing,remarketing,Peugeot,Expert,1063,47,22712.07,4,4.42,483.24,5678.02
2024-07-31,CAMP048,meta_ads,Meta Ads - Ford Kuga - whatsapp,whatsapp,Ford,Kuga,1559,11,38783.16,1,0.71,3525.74,38783.16
2024-07-31,CAMP045,meta_ads,Meta Ads - Chevrolet S10 - lead_form,lead_form,Chevrolet,S10,2248,85,36929.57,3,3.78,434.47,12309.86
2024-07-31,CAMP005,google_ads,Google Ads - Chevrolet Cruze - lead_form,lead_form,Chevrolet,Cruze,8373,148,79401.71,17,1.77,536.5,4670.69
2024-07-31,CAMP053,meta_ads,Meta Ads - Chevrolet Spin - lead_form,lead_form,Chevrolet,Spin,1522,31,22802.19,0,2.04,735.55,
2024-08-01,CAMP055,meta_ads,Meta Ads - Toyota Corolla - trafico,trafico,Toyota,Corolla,5291,178,89157.57,18,3.36,500.89,4953.2
2024-08-01,CAMP027,google_ads,Google Ads - Chevrolet Tracker - whatsapp,whatsapp,Chevrolet,Tracker,3511,137,85242.55,7,3.9,622.21,12177.51
2024-08-01,CAMP005,google_ads,Google Ads - Chevrolet Cruze - lead_form,lead_form,Chevrolet,Cruze,1292,24,19558.22,2,1.86,814.93,9779.11
2024-08-01,CAMP034,meta_ads,Meta Ads - Volkswagen Amarok - remarketing,remarketing,Volkswagen,Amarok,1924,71,26427.99,2,3.69,372.23,13213.99
2024-08-01,CAMP024,google_ads,Google Ads - Peugeot Partner - whatsapp,whatsapp,Peugeot,Partner,1100,30,33803.14,2,2.73,1126.77,16901.57
2024-08-01,CAMP058,meta_ads,Meta Ads - Toyota Corolla Cross - lead_form,lead_form,Toyota,Corolla Cross,2660,72,79574.85,5,2.71,1105.21,15914.97
2024-08-01,CAMP032,meta_ads,Meta Ads - Fiat Pulse - lead_form,lead_form,Fiat,Pulse,4138,113,66318.62,5,2.73,586.89,13263.72
2024-08-01,CAMP020,google_ads,Google Ads - Chevrolet Tracker - lead_form,lead_form,Chevrolet,Tracker,2910,22,82408.26,2,0.76,3745.83,41204.13
2024-08-01,CAMP048,meta_ads,Meta Ads - Ford Kuga - whatsapp,whatsapp,Ford,Kuga,1750,28,45086.76,0,1.6,1610.24,
2024-08-01,CAMP053,meta_ads,Meta Ads - Chevrolet Spin - lead_form,lead_form,Chevrolet,Spin,520,15,17483.85,0,2.88,1165.59,
2024-08-01,CAMP059,meta_ads,Meta Ads - Renault Alaskan - whatsapp,whatsapp,Renault,Alaskan,2397,48,49548.64,3,2.0,1032.26,16516.21
2024-08-01,CAMP002,google_ads,Google Ads - Peugeot Partner - whatsapp,whatsapp,Peugeot,Partner,1371,38,32842.31,3,2.77,864.27,10947.44
2024-08-01,CAMP049,meta_ads,Meta Ads - Fiat Cronos - trafico,trafico,Fiat,Cronos,1476,46,18525.47,3,3.12,402.73,6175.16
2024-08-02,CAMP041,meta_ads,Meta Ads - Toyota Corolla - lead_form,lead_form,Toyota,Corolla,2320,75,70081.81,3,3.23,934.42,23360.6
2024-08-02,CAMP052,meta_ads,Meta Ads - Volkswagen Taos - whatsapp,whatsapp,Volkswagen,Taos,1672,67,44150.03,5,4.01,658.96,8830.01
2024-08-02,CAMP002,google_ads,Google Ads - Peugeot Partner - whatsapp,whatsapp,Peugeot,Partner,2260,56,69452.26,2,2.48,1240.22,34726.13
2024-08-02,CAMP031,meta_ads,Meta Ads - Volkswagen Polo - trafico,trafico,Volkswagen,Polo,1867,39,45864.34,3,2.09,1176.01,15288.11
2024-08-02,CAMP014,google_ads,Google Ads - Toyota Corolla Cross - lead_form,lead_form,Toyota,Corolla Cross,3005,132,35095.81,7,4.39,265.88,5013.69
2024-08-02,CAMP047,meta_ads,Meta Ads - Renault Logan - lead_form,lead_form,Renault,Logan,3767,113,57543.91,12,3.0,509.24,4795.33
2024-08-02,CAMP046,meta_ads,Meta Ads - Peugeot 208 - trafico,trafico,Peugeot,208,4544,134,67648.79,2,2.95,504.84,33824.4
2024-08-02,CAMP009,google_ads,Google Ads - Volkswagen Amarok - trafico,trafico,Volkswagen,Amarok,880,30,21098.78,2,3.41,703.29,10549.39
2024-08-02,CAMP011,google_ads,Google Ads - Peugeot 3008 - trafico,trafico,Peugeot,3008,1914,54,57409.07,6,2.82,1063.13,9568.18
2024-08-03,CAMP009,google_ads,Google Ads - Volkswagen Amarok - trafico,trafico,Volkswagen,Amarok,1610,69,22371.04,5,4.29,324.22,4474.21
2024-08-03,CAMP046,meta_ads,Meta Ads - Peugeot 208 - trafico,trafico,Peugeot,208,2296,88,62844.53,1,3.83,714.14,62844.53
2024-08-03,CAMP003,google_ads,Google Ads - Volkswagen Virtus - lead_form,lead_form,Volkswagen,Virtus,1498,17,20342.38,1,1.13,1196.61,20342.38
2024-08-03,CAMP015,google_ads,Google Ads - Ford Maverick - trafico,trafico,Ford,Maverick,2329,43,73276.6,2,1.85,1704.11,36638.3
2024-08-03,CAMP016,google_ads,Google Ads - Renault Kangoo - remarketing,remarketing,Renault,Kangoo,2405,56,63442.58,2,2.33,1132.9,31721.29
2024-08-03,CAMP048,meta_ads,Meta Ads - Ford Kuga - whatsapp,whatsapp,Ford,Kuga,4530,89,61534.02,9,1.96,691.39,6837.11
2024-08-03,CAMP058,meta_ads,Meta Ads - Toyota Corolla Cross - lead_form,lead_form,Toyota,Corolla Cross,3049,76,78932.86,8,2.49,1038.59,9866.61
2024-08-03,CAMP047,meta_ads,Meta Ads - Renault Logan - lead_form,lead_form,Renault,Logan,3114,71,46121.16,2,2.28,649.59,23060.58
2024-08-03,CAMP005,google_ads,Google Ads - Chevrolet Cruze - lead_form,lead_form,Chevrolet,Cruze,2391,84,72948.66,5,3.51,868.44,14589.73
2024-08-03,CAMP044,meta_ads,Meta Ads - Fiat Fastback - remarketing,remarketing,Fiat,Fastback,2540,43,27899.51,1,1.69,648.83,27899.51
2024-08-03,CAMP026,google_ads,Google Ads - Peugeot Partner - lead_form,lead_form,Peugeot,Partner,897,21,25810.69,1,2.34,1229.08,25810.69
2024-08-04,CAMP038,meta_ads,Meta Ads - Peugeot Expert - remarketing,remarketing,Peugeot,Expert,2596,113,79634.15,4,4.35,704.73,19908.54
2024-08-04,CAMP030,google_ads,Google Ads - Peugeot Partner - lead_form,lead_form,Peugeot,Partner,2502,28,49625.62,2,1.12,1772.34,24812.81
2024-08-04,CAMP023,google_ads,Google Ads - Fiat Pulse - remarketing,remarketing,Fiat,Pulse,3401,151,62526.63,11,4.44,414.08,5684.24
2024-08-04,CAMP020,google_ads,Google Ads - Chevrolet Tracker - lead_form,lead_form,Chevrolet,Tracker,5229,85,62265.92,4,1.63,732.54,15566.48
2024-08-04,CAMP042,meta_ads,Meta Ads - Volkswagen Virtus - remarketing,remarketing,Volkswagen,Virtus,2997,118,31977.27,8,3.94,270.99,3997.16
2024-08-04,CAMP015,google_ads,Google Ads - Ford Maverick - trafico,trafico,Ford,Maverick,1921,16,36312.77,1,0.83,2269.55,36312.77
2024-08-04,CAMP029,google_ads,Google Ads - Ford Bronco Sport - whatsapp,whatsapp,Ford,Bronco Sport,632,10,20420.43,0,1.58,2042.04,
2024-08-04,CAMP013,google_ads,Google Ads - Renault Logan - lead_form,lead_form,Renault,Logan,2623,103,86976.4,7,3.93,844.43,12425.2
2024-08-04,CAMP045,meta_ads,Meta Ads - Chevrolet S10 - lead_form,lead_form,Chevrolet,S10,2565,78,84374.73,9,3.04,1081.73,9374.97
2024-08-05,CAMP010,google_ads,Google Ads - Renault Kangoo - whatsapp,whatsapp,Renault,Kangoo,7008,94,56345.22,2,1.34,599.42,28172.61
2024-08-05,CAMP002,google_ads,Google Ads - Peugeot Partner - whatsapp,whatsapp,Peugeot,Partner,1254,19,35923.08,1,1.52,1890.69,35923.08
2024-08-05,CAMP021,google_ads,Google Ads - Toyota Hilux - trafico,trafico,Toyota,Hilux,2312,74,57769.18,8,3.2,780.66,7221.15
2024-08-05,CAMP050,meta_ads,Meta Ads - Chevrolet Tracker - lead_form,lead_form,Chevrolet,Tracker,3182,66,56131.69,5,2.07,850.48,11226.34
2024-08-05,CAMP045,meta_ads,Meta Ads - Chevrolet S10 - lead_form,lead_form,Chevrolet,S10,4860,191,81505.2,10,3.93,426.73,8150.52
2024-08-05,CAMP057,meta_ads,Meta Ads - Toyota Hilux - lead_form,lead_form,Toyota,Hilux,3184,80,71253.23,4,2.51,890.67,17813.31
2024-08-05,CAMP036,meta_ads,Meta Ads - Ford Territory - whatsapp,whatsapp,Ford,Territory,2100,21,55914.65,2,1.0,2662.6,27957.32
2024-08-05,CAMP027,google_ads,Google Ads - Chevrolet Tracker - whatsapp,whatsapp,Chevrolet,Tracker,957,13,30065.78,0,1.36,2312.75,
2024-08-06,CAMP007,google_ads,Google Ads - Volkswagen Nivus - lead_form,lead_form,Volkswagen,Nivus,2735,43,29040.7,4,1.57,675.37,7260.17
2024-08-06,CAMP044,meta_ads,Meta Ads - Fiat Fastback - remarketing,remarketing,Fiat,Fastback,1263,39,43912.78,4,3.09,1125.97,10978.19
2024-08-06,CAMP036,meta_ads,Meta Ads - Ford Territory - whatsapp,whatsapp,Ford,Territory,7759,326,81662.01,25,4.2,250.5,3266.48
2024-08-06,CAMP029,google_ads,Google Ads - Ford Bronco Sport - whatsapp,whatsapp,Ford,Bronco Sport,1307,38,19293.79,3,2.91,507.73,6431.26
2024-08-06,CAMP046,meta_ads,Meta Ads - Peugeot 208 - trafico,trafico,Peugeot,208,5869,144,85185.19,6,2.45,591.56,14197.53
2024-08-06,CAMP009,google_ads,Google Ads - Volkswagen Amarok - trafico,trafico,Volkswagen,Amarok,879,30,25028.94,3,3.41,834.3,8342.98
2024-08-06,CAMP015,google_ads,Google Ads - Ford Maverick - trafico,trafico,Ford,Maverick,1442,53,50184.86,5,3.68,946.88,10036.97
2024-08-06,CAMP048,meta_ads,Meta Ads - Ford Kuga - whatsapp,whatsapp,Ford,Kuga,917,13,19807.3,0,1.42,1523.64,
2024-08-06,CAMP014,google_ads,Google Ads - Toyota Corolla Cross - lead_form,lead_form,Toyota,Corolla Cross,447,18,12007.25,1,4.03,667.07,12007.25
2024-08-07,CAMP045,meta_ads,Meta Ads - Chevrolet S10 - lead_form,lead_form,Chevrolet,S10,2018,22,27538.63,1,1.09,1251.76,27538.63
2024-08-07,CAMP011,google_ads,Google Ads - Peugeot 3008 - trafico,trafico,Peugeot,3008,4557,51,64220.23,1,1.12,1259.22,64220.23
2024-08-07,CAMP002,google_ads,Google Ads - Peugeot Partner - whatsapp,whatsapp,Peugeot,Partner,6213,189,83953.1,20,3.04,444.2,4197.66
2024-08-07,CAMP048,meta_ads,Meta Ads - Ford Kuga - whatsapp,whatsapp,Ford,Kuga,1345,16,35707.84,0,1.19,2231.74,
2024-08-07,CAMP007,google_ads,Google Ads - Volkswagen Nivus - lead_form,lead_form,Volkswagen,Nivus,3996,25,83080.19,1,0.63,3323.21,83080.19
2024-08-07,CAMP041,meta_ads,Meta Ads - Toyota Corolla - lead_form,lead_form,Toyota,Corolla,2042,83,54090.65,2,4.06,651.69,27045.32
2024-08-07,CAMP037,meta_ads,Meta Ads - Peugeot Expert - trafico,trafico,Peugeot,Expert,5271,63,72312.17,1,1.2,1147.81,72312.17
2024-08-07,CAMP058,meta_ads,Meta Ads - Toyota Corolla Cross - lead_form,lead_form,Toyota,Corolla Cross,1007,16,30168.92,1,1.59,1885.56,30168.92
2024-08-07,CAMP043,meta_ads,Meta Ads - Chevrolet Onix - remarketing,remarketing,Chevrolet,Onix,2123,91,55820.57,10,4.29,613.41,5582.06
2024-08-07,CAMP018,google_ads,Google Ads - Toyota SW4 - trafico,trafico,Toyota,SW4,2530,112,82908.41,12,4.43,740.25,6909.03
2024-08-07,CAMP013,google_ads,Google Ads - Renault Logan - lead_form,lead_form,Renault,Logan,701,18,24510.04,1,2.57,1361.67,24510.04
2024-08-07,CAMP012,google_ads,Google Ads - Ford Territory - whatsapp,whatsapp,Ford,Territory,4478,133,87211.48,13,2.97,655.73,6708.58
2024-08-07,CAMP059,meta_ads,Meta Ads - Renault Alaskan - whatsapp,whatsapp,Renault,Alaskan,2269,32,34099.93,2,1.41,1065.62,17049.96
2024-08-07,CAMP015,google_ads,Google Ads - Ford Maverick - trafico,trafico,Ford,Maverick,8534,186,72894.27,10,2.18,391.9,7289.43
2024-08-07,CAMP003,google_ads,Google Ads - Volkswagen Virtus - lead_form,lead_form,Volkswagen,Virtus,1643,65,54281.07,1,3.96,835.09,54281.07
2024-08-07,CAMP049,meta_ads,Meta Ads - Fiat Cronos - trafico,trafico,Fiat,Cronos,2066,30,66807.63,2,1.45,2226.92,33403.81
2024-08-08,CAMP036,meta_ads,Meta Ads - Ford Territory - whatsapp,whatsapp,Ford,Territory,1267,50,16294.98,4,3.95,325.9,4073.74
2024-08-08,CAMP031,meta_ads,Meta Ads - Volkswagen Polo - trafico,trafico,Volkswagen,Polo,3317,130,31089.85,9,3.92,239.15,3454.43
2024-08-08,CAMP026,google_ads,Google Ads - Peugeot Partner - lead_form,lead_form,Peugeot,Partner,797,7,17977.57,0,0.88,2568.22,
2024-08-08,CAMP042,meta_ads,Meta Ads - Volkswagen Virtus - remarketing,remarketing,Volkswagen,Virtus,1295,35,19504.24,3,2.7,557.26,6501.41
2024-08-08,CAMP038,meta_ads,Meta Ads - Peugeot Expert - remarketing,remarketing,Peugeot,Expert,734,28,15600.13,0,3.81,557.15,
2024-08-08,CAMP046,meta_ads,Meta Ads - Peugeot 208 - trafico,trafico,Peugeot,208,2769,26,74417.31,0,0.94,2862.2,
2024-08-08,CAMP048,meta_ads,Meta Ads - Ford Kuga - whatsapp,whatsapp,Ford,Kuga,2423,74,47005.35,1,3.05,635.21,47005.35
2024-08-08,CAMP053,meta_ads,Meta Ads - Chevrolet Spin - lead_form,lead_form,Chevrolet,Spin,3524,114,72060.83,13,3.23,632.11,5543.14
2024-08-08,CAMP009,google_ads,Google Ads - Volkswagen Amarok - trafico,trafico,Volkswagen,Amarok,4357,28,38753.22,0,0.64,1384.04,
2024-08-09,CAMP056,meta_ads,Meta Ads - Renault Logan - whatsapp,whatsapp,Renault,Logan,2777,25,69989.3,2,0.9,2799.57,34994.65
2024-08-09,CAMP052,meta_ads,Meta Ads - Volkswagen Taos - whatsapp,whatsapp,Volkswagen,Taos,1666,38,49570.13,4,2.28,1304.48,12392.53
2024-08-09,CAMP047,meta_ads,Meta Ads - Renault Logan - lead_form,lead_form,Renault,Logan,6557,200,62596.23,23,3.05,312.98,2721.58
2024-08-09,CAMP002,google_ads,Google Ads - Peugeot Partner - whatsapp,whatsapp,Peugeot,Partner,1165,23,14035.24,1,1.97,610.23,14035.24
2024-08-09,CAMP006,google_ads,Google Ads - Toyota Corolla - whatsapp,whatsapp,Toyota,Corolla,642,20,21011.66,1,3.12,1050.58,21011.66
2024-08-09,CAMP021,google_ads,Google Ads - Toyota Hilux - trafico,trafico,Toyota,Hilux,3145,118,32388.0,9,3.75,274.47,3598.67
2024-08-09,CAMP011,google_ads,Google Ads - Peugeot 3008 - trafico,trafico,Peugeot,3008,2732,68,57037.77,7,2.49,838.79,8148.25
2024-08-09,CAMP049,meta_ads,Meta Ads - Fiat Cronos - trafico,trafico,Fiat,Cronos,1412,50,18000.27,3,3.54,360.01,6000.09
2024-08-10,CAMP021,google_ads,Google Ads - Toyota Hilux - trafico,trafico,Toyota,Hilux,1657,52,15443.42,5,3.14,296.99,3088.68
2024-08-10,CAMP025,google_ads,Google Ads - Ford Maverick - whatsapp,whatsapp,Ford,Maverick,1646,15,41475.87,1,0.91,2765.06,41475.87
2024-08-10,CAMP031,meta_ads,Meta Ads - Volkswagen Polo - trafico,trafico,Volkswagen,Polo,2776,57,33456.19,1,2.05,586.95,33456.19
2024-08-10,CAMP003,google_ads,Google Ads - Volkswagen Virtus - lead_form,lead_form,Volkswagen,Virtus,1496,38,44211.85,4,2.54,1163.47,11052.96
2024-08-10,CAMP033,meta_ads,Meta Ads - Volkswagen Nivus - trafico,trafico,Volkswagen,Nivus,4379,79,40826.17,2,1.8,516.79,20413.09
2024-08-10,CAMP028,google_ads,Google Ads - Volkswagen Amarok - remarketing,remarketing,Volkswagen,Amarok,2057,56,56992.36,1,2.72,1017.72,56992.36
2024-08-10,CAMP030,google_ads,Google Ads - Peugeot Partner - lead_form,lead_form,Peugeot,Partner,2562,39,48642.0,3,1.52,1247.23,16214.0
2024-08-10,CAMP002,google_ads,Google Ads - Peugeot Partner - whatsapp,whatsapp,Peugeot,Partner,2933,58,59908.29,6,1.98,1032.9,9984.71
2024-08-11,CAMP012,google_ads,Google Ads - Ford Territory - whatsapp,whatsapp,Ford,Territory,4097,161,61403.07,5,3.93,381.39,12280.61
2024-08-11,CAMP009,google_ads,Google Ads - Volkswagen Amarok - trafico,trafico,Volkswagen,Amarok,4046,171,86838.51,11,4.23,507.83,7894.41
2024-08-11,CAMP005,google_ads,Google Ads - Chevrolet Cruze - lead_form,lead_form,Chevrolet,Cruze,1464,38,41905.77,0,2.6,1102.78,
2024-08-11,CAMP004,google_ads,Google Ads - Peugeot Expert - lead_form,lead_form,Peugeot,Expert,2726,23,33217.24,2,0.84,1444.23,16608.62
2024-08-11,CAMP018,google_ads,Google Ads - Toyota SW4 - trafico,trafico,Toyota,SW4,3813,48,60890.7,3,1.26,1268.56,20296.9
2024-08-11,CAMP052,meta_ads,Meta Ads - Volkswagen Taos - whatsapp,whatsapp,Volkswagen,Taos,2339,51,64862.83,1,2.18,1271.82,64862.83
2024-08-11,CAMP057,meta_ads,Meta Ads - Toyota Hilux - lead_form,lead_form,Toyota,Hilux,1615,54,31241.18,2,3.34,578.54,15620.59
2024-08-11,CAMP008,google_ads,Google Ads - Chevrolet Tracker - remarketing,remarketing,Chevrolet,Tracker,3110,44,69253.5,2,1.41,1573.94,34626.75
2024-08-11,CAMP026,google_ads,Google Ads - Peugeot Partner - lead_form,lead_form,Peugeot,Partner,7186,287,73434.07,29,3.99,255.87,2532.21
2024-08-11,CAMP017,google_ads,Google Ads - Chevrolet Onix - remarketing,remarketing,Chevrolet,Onix,1016,21,35094.24,1,2.07,1671.15,35094.24
2024-08-11,CAMP034,meta_ads,Meta Ads - Volkswagen Amarok - remarketing,remarketing,Volkswagen,Amarok,2503,99,71228.08,1,3.96,719.48,71228.08
2024-08-11,CAMP053,meta_ads,Meta Ads - Chevrolet Spin - lead_form,lead_form,Chevrolet,Spin,3094,100,43890.33,5,3.23,438.9,8778.07
2024-08-11,CAMP036,meta_ads,Meta Ads - Ford Territory - whatsapp,whatsapp,Ford,Territory,4138,179,65941.19,19,4.33,368.39,3470.59
2024-08-11,CAMP050,meta_ads,Meta Ads - Chevrolet Tracker - lead_form,lead_form,Chevrolet,Tracker,1356,28,13952.75,1,2.06,498.31,13952.75
2024-08-11,CAMP001,google_ads,Google Ads - Peugeot 208 - lead_form,lead_form,Peugeot,208,2155,61,34161.67,6,2.83,560.03,5693.61
2024-08-11,CAMP051,meta_ads,Meta Ads - Renault Logan - whatsapp,whatsapp,Renault,Logan,1583,57,51920.94,5,3.6,910.89,10384.19
2024-08-12,CAMP016,google_ads,Google Ads - Renault Kangoo - remarketing,remarketing,Renault,Kangoo,7957,261,76876.76,4,3.28,294.55,19219.19
2024-08-12,CAMP036,meta_ads,Meta Ads - Ford Territory - whatsapp,whatsapp,Ford,Territory,6863,269,65572.54,10,3.92,243.76,6557.25
2024-08-12,CAMP045,meta_ads,Meta Ads - Chevrolet S10 - lead_form,lead_form,Chevrolet,S10,6120,219,83485.9,11,3.58,381.21,7589.63
2024-08-12,CAMP033,meta_ads,Meta Ads - Volkswagen Nivus - trafico,trafico,Volkswagen,Nivus,5122,93,76625.0,8,1.82,823.92,9578.12
2024-08-12,CAMP034,meta_ads,Meta Ads - Volkswagen Amarok - remarketing,remarketing,Volkswagen,Amarok,3058,35,42788.16,0,1.14,1222.52,
2024-08-12,CAMP012,google_ads,Google Ads - Ford Territory - whatsapp,whatsapp,Ford,Territory,800,21,19376.84,1,2.62,922.71,19376.84
2024-08-12,CAMP054,meta_ads,Meta Ads - Chevrolet S10 - remarketing,remarketing,Chevrolet,S10,3234,95,73415.1,3,2.94,772.79,24471.7
2024-08-12,CAMP018,google_ads,Google Ads - Toyota SW4 - trafico,trafico,Toyota,SW4,2328,31,58278.78,1,1.33,1879.96,58278.78
2024-08-12,CAMP022,google_ads,Google Ads - Toyota Hilux - lead_form,lead_form,Toyota,Hilux,2606,38,43589.57,4,1.46,1147.09,10897.39
2024-08-12,CAMP047,meta_ads,Meta Ads - Renault Logan - lead_form,lead_form,Renault,Logan,2857,123,78675.46,13,4.31,639.64,6051.96
2024-08-12,CAMP009,google_ads,Google Ads - Volkswagen Amarok - trafico,trafico,Volkswagen,Amarok,2761,98,59726.26,4,3.55,609.45,14931.57
2024-08-12,CAMP030,google_ads,Google Ads - Peugeot Partner - lead_form,lead_form,Peugeot,Partner,2070,52,42368.57,3,2.51,814.78,14122.86
2024-08-12,CAMP040,meta_ads,Meta Ads - Volkswagen Virtus - remarketing,remarketing,Volkswagen,Virtus,1758,71,55098.89,1,4.04,776.04,55098.89
2024-08-13,CAMP014,google_ads,Google Ads - Toyota Corolla Cross - lead_form,lead_form,Toyota,Corolla Cross,1810,53,20737.14,5,2.93,391.27,4147.43
2024-08-13,CAMP053,meta_ads,Meta Ads - Chevrolet Spin - lead_form,lead_form,Chevrolet,Spin,1707,41,31062.1,3,2.4,757.61,10354.03
2024-08-13,CAMP002,google_ads,Google Ads - Peugeot Partner - whatsapp,whatsapp,Peugeot,Partner,2080,91,32583.2,2,4.38,358.06,16291.6
2024-08-13,CAMP052,meta_ads,Meta Ads - Volkswagen Taos - whatsapp,whatsapp,Volkswagen,Taos,3565,21,68532.66,1,0.59,3263.46,68532.66
2024-08-13,CAMP058,meta_ads,Meta Ads - Toyota Corolla Cross - lead_form,lead_form,Toyota,Corolla Cross,1598,58,28668.74,1,3.63,494.29,28668.74
2024-08-13,CAMP038,meta_ads,Meta Ads - Peugeot Expert - remarketing,remarketing,Peugeot,Expert,1007,8,16519.71,0,0.79,2064.96,
2024-08-13,CAMP007,google_ads,Google Ads - Volkswagen Nivus - lead_form,lead_form,Volkswagen,Nivus,1838,31,53024.99,2,1.69,1710.48,26512.5
2024-08-13,CAMP022,google_ads,Google Ads - Toyota Hilux - lead_form,lead_form,Toyota,Hilux,1582,38,29615.84,3,2.4,779.36,9871.95
2024-08-13,CAMP050,meta_ads,Meta Ads - Chevrolet Tracker - lead_form,lead_form,Chevrolet,Tracker,2031,44,57751.45,1,2.17,1312.53,57751.45
2024-08-13,CAMP027,google_ads,Google Ads - Chevrolet Tracker - whatsapp,whatsapp,Chevrolet,Tracker,2046,60,68390.42,4,2.93,1139.84,17097.6
2024-08-14,CAMP016,google_ads,Google Ads - Renault Kangoo - remarketing,remarketing,Renault,Kangoo,3189,125,85394.58,5,3.92,683.16,17078.92
2024-08-14,CAMP029,google_ads,Google Ads - Ford Bronco Sport - whatsapp,whatsapp,Ford,Bronco Sport,2783,97,52881.79,9,3.49,545.17,5875.75
2024-08-14,CAMP018,google_ads,Google Ads - Toyota SW4 - trafico,trafico,Toyota,SW4,2123,40,61581.05,2,1.88,1539.53,30790.53
2024-08-14,CAMP022,google_ads,Google Ads - Toyota Hilux - lead_form,lead_form,Toyota,Hilux,2183,80,43131.53,1,3.66,539.14,43131.53
2024-08-14,CAMP057,meta_ads,Meta Ads - Toyota Hilux - lead_form,lead_form,Toyota,Hilux,5970,65,66543.84,6,1.09,1023.75,11090.64
2024-08-14,CAMP027,google_ads,Google Ads - Chevrolet Tracker - whatsapp,whatsapp,Chevrolet,Tracker,1476,19,13490.02,2,1.29,710.0,6745.01
2024-08-14,CAMP005,google_ads,Google Ads - Chevrolet Cruze - lead_form,lead_form,Chevrolet,Cruze,3924,83,52927.04,8,2.12,637.68,6615.88
2024-08-14,CAMP006,google_ads,Google Ads - Toyota Corolla - whatsapp,whatsapp,Toyota,Corolla,603,4,19018.32,0,0.66,4754.58,
2024-08-14,CAMP017,google_ads,Google Ads - Chevrolet Onix - remarketing,remarketing,Chevrolet,Onix,2874,100,47852.8,2,3.48,478.53,23926.4
2024-08-15,CAMP050,meta_ads,Meta Ads - Chevrolet Tracker - lead_form,lead_form,Chevrolet,Tracker,1122,27,26305.5,2,2.41,974.28,13152.75
2024-08-15,CAMP014,google_ads,Google Ads - Toyota Corolla Cross - lead_form,lead_form,Toyota,Corolla Cross,1947,80,45108.94,6,4.11,563.86,7518.16
2024-08-15,CAMP017,google_ads,Google Ads - Chevrolet Onix - remarketing,remarketing,Chevrolet,Onix,2914,50,88745.75,5,1.72,1774.92,17749.15
2024-08-15,CAMP022,google_ads,Google Ads - Toyota Hilux - lead_form,lead_form,Toyota,Hilux,1297,35,21034.63,3,2.7,600.99,7011.54
2024-08-15,CAMP023,google_ads,Google Ads - Fiat Pulse - remarketing,remarketing,Fiat,Pulse,3056,59,88841.46,2,1.93,1505.79,44420.73
2024-08-15,CAMP004,google_ads,Google Ads - Peugeot Expert - lead_form,lead_form,Peugeot,Expert,2429,84,79301.03,5,3.46,944.06,15860.21
2024-08-15,CAMP053,meta_ads,Meta Ads - Chevrolet Spin - lead_form,lead_form,Chevrolet,Spin,3190,99,43781.67,7,3.1,442.24,6254.52
2024-08-15,CAMP028,google_ads,Google Ads - Volkswagen Amarok - remarketing,remarketing,Volkswagen,Amarok,2013,41,21682.7,3,2.04,528.85,7227.57
2024-08-15,CAMP033,meta_ads,Meta Ads - Volkswagen Nivus - trafico,trafico,Volkswagen,Nivus,443,11,13408.23,1,2.48,1218.93,13408.23
2024-08-15,CAMP036,meta_ads,Meta Ads - Ford Territory - whatsapp,whatsapp,Ford,Territory,5877,101,57305.8,7,1.72,567.38,8186.54
2024-08-16,CAMP046,meta_ads,Meta Ads - Peugeot 208 - trafico,trafico,Peugeot,208,2498,106,58632.33,6,4.24,553.14,9772.05
2024-08-16,CAMP029,google_ads,Google Ads - Ford Bronco Sport - whatsapp,whatsapp,Ford,Bronco Sport,2036,81,60709.74,6,3.98,749.5,10118.29
2024-08-16,CAMP017,google_ads,Google Ads - Chevrolet Onix - remarketing,remarketing,Chevrolet,Onix,3030,107,76762.01,9,3.53,717.4,8529.11
2024-08-16,CAMP038,meta_ads,Meta Ads - Peugeot Expert - remarketing,remarketing,Peugeot,Expert,2266,89,64720.87,2,3.93,727.2,32360.44
2024-08-16,CAMP052,meta_ads,Meta Ads - Volkswagen Taos - whatsapp,whatsapp,Volkswagen,Taos,4423,161,52732.57,12,3.64,327.53,4394.38
2024-08-16,CAMP011,google_ads,Google Ads - Peugeot 3008 - trafico,trafico,Peugeot,3008,2640,30,61668.61,2,1.14,2055.62,30834.3
2024-08-16,CAMP026,google_ads,Google Ads - Peugeot Partner - lead_form,lead_form,Peugeot,Partner,1211,49,34963.79,3,4.05,713.55,11654.6
2024-08-16,CAMP049,meta_ads,Meta Ads - Fiat Cronos - trafico,trafico,Fiat,Cronos,2370,102,73799.29,11,4.3,723.52,6709.03
2024-08-17,CAMP012,google_ads,Google Ads - Ford Territory - whatsapp,whatsapp,Ford,Territory,3707,103,72694.06,11,2.78,705.77,6608.55
2024-08-17,CAMP054,meta_ads,Meta Ads - Chevrolet S10 - remarketing,remarketing,Chevrolet,S10,657,4,16304.8,0,0.61,4076.2,
2024-08-17,CAMP050,meta_ads,Meta Ads - Chevrolet Tracker - lead_form,lead_form,Chevrolet,Tracker,954,22,24138.24,1,2.31,1097.19,24138.24
2024-08-17,CAMP052,meta_ads,Meta Ads - Volkswagen Taos - whatsapp,whatsapp,Volkswagen,Taos,3225,41,81708.48,1,1.27,1992.89,81708.48
2024-08-17,CAMP053,meta_ads,Meta Ads - Chevrolet Spin - lead_form,lead_form,Chevrolet,Spin,1604,23,55921.07,1,1.43,2431.35,55921.07
2024-08-17,CAMP015,google_ads,Google Ads - Ford Maverick - trafico,trafico,Ford,Maverick,1447,59,37485.51,4,4.08,635.35,9371.38
2024-08-17,CAMP019,google_ads,Google Ads - Renault Alaskan - trafico,trafico,Renault,Alaskan,3730,117,82248.88,8,3.14,702.98,10281.11
2024-08-17,CAMP058,meta_ads,Meta Ads - Toyota Corolla Cross - lead_form,lead_form,Toyota,Corolla Cross,444,7,13391.67,0,1.58,1913.1,
2024-08-17,CAMP010,google_ads,Google Ads - Renault Kangoo - whatsapp,whatsapp,Renault,Kangoo,2050,65,38963.04,7,3.17,599.43,5566.15
2024-08-18,CAMP022,google_ads,Google Ads - Toyota Hilux - lead_form,lead_form,Toyota,Hilux,3040,111,46156.88,6,3.65,415.83,7692.81
2024-08-18,CAMP002,google_ads,Google Ads - Peugeot Partner - whatsapp,whatsapp,Peugeot,Partner,2200,19,41772.74,1,0.86,2198.57,41772.74
2024-08-18,CAMP036,meta_ads,Meta Ads - Ford Territory - whatsapp,whatsapp,Ford,Territory,630,14,13249.04,1,2.22,946.36,13249.04
2024-08-18,CAMP052,meta_ads,Meta Ads - Volkswagen Taos - whatsapp,whatsapp,Volkswagen,Taos,5521,74,65901.43,5,1.34,890.56,13180.29
2024-08-18,CAMP055,meta_ads,Meta Ads - Toyota Corolla - trafico,trafico,Toyota,Corolla,1651,58,56939.64,2,3.51,981.72,28469.82
2024-08-18,CAMP051,meta_ads,Meta Ads - Renault Logan - whatsapp,whatsapp,Renault,Logan,1785,48,27151.86,1,2.69,565.66,27151.86
2024-08-18,CAMP010,google_ads,Google Ads - Renault Kangoo - whatsapp,whatsapp,Renault,Kangoo,4550,117,74584.42,9,2.57,637.47,8287.16
2024-08-18,CAMP026,google_ads,Google Ads - Peugeot Partner - lead_form,lead_form,Peugeot,Partner,1735,75,15260.89,4,4.32,203.48,3815.22
2024-08-18,CAMP038,meta_ads,Meta Ads - Peugeot Expert - remarketing,remarketing,Peugeot,Expert,3625,142,29639.79,8,3.92,208.73,3704.97
2024-08-18,CAMP049,meta_ads,Meta Ads - Fiat Cronos - trafico,trafico,Fiat,Cronos,1339,11,42744.32,0,0.82,3885.85,
2024-08-18,CAMP023,google_ads,Google Ads - Fiat Pulse - remarketing,remarketing,Fiat,Pulse,2709,69,77522.39,1,2.55,1123.51,77522.39
2024-08-18,CAMP035,meta_ads,Meta Ads - Peugeot 3008 - whatsapp,whatsapp,Peugeot,3008,2152,41,64539.0,4,1.91,1574.12,16134.75
2024-08-18,CAMP044,meta_ads,Meta Ads - Fiat Fastback - remarketing,remarketing,Fiat,Fastback,8516,73,79150.42,5,0.86,1084.25,15830.08
2024-08-18,CAMP054,meta_ads,Meta Ads - Chevrolet S10 - remarketing,remarketing,Chevrolet,S10,3869,67,60123.62,5,1.73,897.37,12024.72
2024-08-19,CAMP004,google_ads,Google Ads - Peugeot Expert - lead_form,lead_form,Peugeot,Expert,839,12,23250.96,0,1.43,1937.58,
2024-08-19,CAMP030,google_ads,Google Ads - Peugeot Partner - lead_form,lead_form,Peugeot,Partner,624,14,13338.42,0,2.24,952.74,
2024-08-19,CAMP027,google_ads,Google Ads - Chevrolet Tracker - whatsapp,whatsapp,Chevrolet,Tracker,905,21,24709.68,0,2.32,1176.65,
2024-08-19,CAMP050,meta_ads,Meta Ads - Chevrolet Tracker - lead_form,lead_form,Chevrolet,Tracker,1390,44,43538.0,3,3.17,989.5,14512.67
2024-08-19,CAMP012,google_ads,Google Ads - Ford Territory - whatsapp,whatsapp,Ford,Territory,1693,16,38952.69,1,0.95,2434.54,38952.69
2024-08-19,CAMP041,meta_ads,Meta Ads - Toyota Corolla - lead_form,lead_form,Toyota,Corolla,2266,95,68686.18,10,4.19,723.01,6868.62
2024-08-19,CAMP034,meta_ads,Meta Ads - Volkswagen Amarok - remarketing,remarketing,Volkswagen,Amarok,3815,161,88771.82,3,4.22,551.38,29590.61
2024-08-19,CAMP013,google_ads,Google Ads - Renault Logan - lead_form,lead_form,Renault,Logan,8452,359,72809.04,30,4.25,202.81,2426.97
2024-08-19,CAMP038,meta_ads,Meta Ads - Peugeot Expert - remarketing,remarketing,Peugeot,Expert,952,13,32563.32,0,1.37,2504.87,
2024-08-19,CAMP029,google_ads,Google Ads - Ford Bronco Sport - whatsapp,whatsapp,Ford,Bronco Sport,1640,69,18994.49,3,4.21,275.28,6331.5
2024-08-19,CAMP042,meta_ads,Meta Ads - Volkswagen Virtus - remarketing,remarketing,Volkswagen,Virtus,6291,262,84756.84,14,4.16,323.5,6054.06
2024-08-19,CAMP058,meta_ads,Meta Ads - Toyota Corolla Cross - lead_form,lead_form,Toyota,Corolla Cross,1469,35,48537.92,1,2.38,1386.8,48537.92
2024-08-19,CAMP055,meta_ads,Meta Ads - Toyota Corolla - trafico,trafico,Toyota,Corolla,2764,89,89876.04,2,3.22,1009.84,44938.02
2024-08-20,CAMP001,google_ads,Google Ads - Peugeot 208 - lead_form,lead_form,Peugeot,208,1783,48,36784.96,5,2.69,766.35,7356.99
2024-08-20,CAMP025,google_ads,Google Ads - Ford Maverick - whatsapp,whatsapp,Ford,Maverick,3144,73,41326.53,7,2.32,566.12,5903.79
2024-08-20,CAMP008,google_ads,Google Ads - Chevrolet Tracker - remarketing,remarketing,Chevrolet,Tracker,3346,97,54524.73,8,2.9,562.11,6815.59
2024-08-20,CAMP015,google_ads,Google Ads - Ford Maverick - trafico,trafico,Ford,Maverick,1064,8,25158.1,0,0.75,3144.76,
2024-08-20,CAMP049,meta_ads,Meta Ads - Fiat Cronos - trafico,trafico,Fiat,Cronos,3813,144,34933.29,8,3.78,242.59,4366.66
2024-08-20,CAMP028,google_ads,Google Ads - Volkswagen Amarok - remarketing,remarketing,Volkswagen,Amarok,3628,85,34211.33,7,2.34,402.49,4887.33
2024-08-20,CAMP016,google_ads,Google Ads - Renault Kangoo - remarketing,remarketing,Renault,Kangoo,4099,109,76896.03,12,2.66,705.47,6408.0
2024-08-20,CAMP053,meta_ads,Meta Ads - Chevrolet Spin - lead_form,lead_form,Chevrolet,Spin,2949,75,82593.34,5,2.54,1101.24,16518.67
2024-08-20,CAMP033,meta_ads,Meta Ads - Volkswagen Nivus - trafico,trafico,Volkswagen,Nivus,8313,320,83383.3,26,3.85,260.57,3207.05
2024-08-20,CAMP043,meta_ads,Meta Ads - Chevrolet Onix - remarketing,remarketing,Chevrolet,Onix,2504,72,80498.16,7,2.88,1118.03,11499.74
2024-08-21,CAMP041,meta_ads,Meta Ads - Toyota Corolla - lead_form,lead_form,Toyota,Corolla,3279,113,69738.23,8,3.45,617.15,8717.28
2024-08-21,CAMP013,google_ads,Google Ads - Renault Logan - lead_form,lead_form,Renault,Logan,1560,59,30434.98,6,3.78,515.85,5072.5
2024-08-21,CAMP017,google_ads,Google Ads - Chevrolet Onix - remarketing,remarketing,Chevrolet,Onix,1718,67,54416.12,2,3.9,812.18,27208.06
2024-08-21,CAMP034,meta_ads,Meta Ads - Volkswagen Amarok - remarketing,remarketing,Volkswagen,Amarok,3950,28,65576.5,1,0.71,2342.02,65576.5
2024-08-21,CAMP027,google_ads,Google Ads - Chevrolet Tracker - whatsapp,whatsapp,Chevrolet,Tracker,2092,14,70972.49,1,0.67,5069.46,70972.49
2024-08-21,CAMP011,google_ads,Google Ads - Peugeot 3008 - trafico,trafico,Peugeot,3008,2125,48,58282.34,4,2.26,1214.22,14570.58
2024-08-21,CAMP037,meta_ads,Meta Ads - Peugeot Expert - trafico,trafico,Peugeot,Expert,4452,148,90141.72,8,3.32,609.07,11267.71
2024-08-21,CAMP035,meta_ads,Meta Ads - Peugeot 3008 - whatsapp,whatsapp,Peugeot,3008,5965,130,85724.31,12,2.18,659.42,7143.69
2024-08-21,CAMP022,google_ads,Google Ads - Toyota Hilux - lead_form,lead_form,Toyota,Hilux,802,16,23580.4,0,2.0,1473.78,
2024-08-22,CAMP010,google_ads,Google Ads - Renault Kangoo - whatsapp,whatsapp,Renault,Kangoo,1404,37,40713.36,2,2.64,1100.36,20356.68
2024-08-22,CAMP006,google_ads,Google Ads - Toyota Corolla - whatsapp,whatsapp,Toyota,Corolla,1337,37,20263.0,3,2.77,547.65,6754.33
2024-08-22,CAMP043,meta_ads,Meta Ads - Chevrolet Onix - remarketing,remarketing,Chevrolet,Onix,1840,23,52992.45,2,1.25,2304.02,26496.22
2024-08-22,CAMP054,meta_ads,Meta Ads - Chevrolet S10 - remarketing,remarketing,Chevrolet,S10,982,42,22913.33,3,4.28,545.56,7637.78
2024-08-22,CAMP011,google_ads,Google Ads - Peugeot 3008 - trafico,trafico,Peugeot,3008,3766,101,86827.44,8,2.68,859.68,10853.43
2024-08-22,CAMP012,google_ads,Google Ads - Ford Territory - whatsapp,whatsapp,Ford,Territory,1226,33,30468.48,3,2.69,923.29,10156.16
2024-08-22,CAMP015,google_ads,Google Ads - Ford Maverick - trafico,trafico,Ford,Maverick,2372,25,80028.9,2,1.05,3201.16,40014.45
2024-08-22,CAMP041,meta_ads,Meta Ads - Toyota Corolla - lead_form,lead_form,Toyota,Corolla,2662,114,78681.52,9,4.28,690.19,8742.39
2024-08-22,CAMP023,google_ads,Google Ads - Fiat Pulse - remarketing,remarketing,Fiat,Pulse,977,22,30044.02,1,2.25,1365.64,30044.02
2024-08-22,CAMP021,google_ads,Google Ads - Toyota Hilux - trafico,trafico,Toyota,Hilux,4615,202,68178.21,16,4.38,337.52,4261.14
2024-08-22,CAMP044,meta_ads,Meta Ads - Fiat Fastback - remarketing,remarketing,Fiat,Fastback,1453,56,35395.73,4,3.85,632.07,8848.93
2024-08-22,CAMP056,meta_ads,Meta Ads - Renault Logan - whatsapp,whatsapp,Renault,Logan,5662,52,55396.89,2,0.92,1065.32,27698.45
2024-08-22,CAMP059,meta_ads,Meta Ads - Renault Alaskan - whatsapp,whatsapp,Renault,Alaskan,2814,122,61076.47,11,4.34,500.63,5552.41
2024-08-22,CAMP026,google_ads,Google Ads - Peugeot Partner - lead_form,lead_form,Peugeot,Partner,578,5,14851.53,0,0.87,2970.31,
2024-08-22,CAMP050,meta_ads,Meta Ads - Chevrolet Tracker - lead_form,lead_form,Chevrolet,Tracker,1343,31,30473.32,2,2.31,983.01,15236.66
2024-08-22,CAMP058,meta_ads,Meta Ads - Toyota Corolla Cross - lead_form,lead_form,Toyota,Corolla Cross,1584,21,54279.32,2,1.33,2584.73,27139.66
2024-08-23,CAMP018,google_ads,Google Ads - Toyota SW4 - trafico,trafico,Toyota,SW4,1748,49,54437.01,2,2.8,1110.96,27218.51
2024-08-23,CAMP025,google_ads,Google Ads - Ford Maverick - whatsapp,whatsapp,Ford,Maverick,1652,63,50935.99,1,3.81,808.51,50935.99
2024-08-23,CAMP050,meta_ads,Meta Ads - Chevrolet Tracker - lead_form,lead_form,Chevrolet,Tracker,3942,176,52413.89,3,4.46,297.81,17471.3
2024-08-23,CAMP005,google_ads,Google Ads - Chevrolet Cruze - lead_form,lead_form,Chevrolet,Cruze,3758,99,62364.37,5,2.63,629.94,12472.87
2024-08-23,CAMP040,meta_ads,Meta Ads - Volkswagen Virtus - remarketing,remarketing,Volkswagen,Virtus,1069,16,26606.08,0,1.5,1662.88,
2024-08-23,CAMP057,meta_ads,Meta Ads - Toyota Hilux - lead_form,lead_form,Toyota,Hilux,3759,153,33106.55,8,4.07,216.38,4138.32
2024-08-23,CAMP047,meta_ads,Meta Ads - Renault Logan - lead_form,lead_form,Renault,Logan,4913,148,89837.6,12,3.01,607.01,7486.47
2024-08-23,CAMP041,meta_ads,Meta Ads - Toyota Corolla - lead_form,lead_form,Toyota,Corolla,6408,69,56566.28,3,1.08,819.8,18855.43
2024-08-23,CAMP043,meta_ads,Meta Ads - Chevrolet Onix - remarketing,remarketing,Chevrolet,Onix,1875,36,54420.84,1,1.92,1511.69,54420.84
2024-08-23,CAMP030,google_ads,Google Ads - Peugeot Partner - lead_form,lead_form,Peugeot,Partner,953,20,31688.83,1,2.1,1584.44,31688.83
2024-08-23,CAMP032,meta_ads,Meta Ads - Fiat Pulse - lead_form,lead_form,Fiat,Pulse,1561,58,27378.25,2,3.72,472.04,13689.13
2024-08-23,CAMP056,meta_ads,Meta Ads - Renault Logan - whatsapp,whatsapp,Renault,Logan,2467,27,61972.86,1,1.09,2295.29,61972.86
2024-08-23,CAMP035,meta_ads,Meta Ads - Peugeot 3008 - whatsapp,whatsapp,Peugeot,3008,3739,79,57102.95,8,2.11,722.82,7137.87
2024-08-23,CAMP058,meta_ads,Meta Ads - Toyota Corolla Cross - lead_form,lead_form,Toyota,Corolla Cross,6021,261,79809.5,29,4.33,305.78,2752.05
2024-08-23,CAMP059,meta_ads,Meta Ads - Renault Alaskan - whatsapp,whatsapp,Renault,Alaskan,4954,61,85148.51,1,1.23,1395.88,85148.51
2024-08-24,CAMP012,google_ads,Google Ads - Ford Territory - whatsapp,whatsapp,Ford,Territory,6181,204,86445.08,10,3.3,423.75,8644.51
2024-08-24,CAMP035,meta_ads,Meta Ads - Peugeot 3008 - whatsapp,whatsapp,Peugeot,3008,2256,22,59870.72,2,0.98,2721.4,29935.36
2024-08-24,CAMP049,meta_ads,Meta Ads - Fiat Cronos - trafico,trafico,Fiat,Cronos,7907,266,85935.38,14,3.36,323.07,6138.24
2024-08-24,CAMP022,google_ads,Google Ads - Toyota Hilux - lead_form,lead_form,Toyota,Hilux,554,14,14107.83,1,2.53,1007.7,14107.83
2024-08-24,CAMP047,meta_ads,Meta Ads - Renault Logan - lead_form,lead_form,Renault,Logan,3756,24,86721.12,1,0.64,3613.38,86721.12
2024-08-24,CAMP031,meta_ads,Meta Ads - Volkswagen Polo - trafico,trafico,Volkswagen,Polo,1912,72,50426.28,2,3.77,700.37,25213.14
2024-08-24,CAMP060,meta_ads,Meta Ads - Volkswagen Amarok - whatsapp,whatsapp,Volkswagen,Amarok,1095,11,27350.74,0,1.0,2486.43,
2024-08-24,CAMP057,meta_ads,Meta Ads - Toyota Hilux - lead_form,lead_form,Toyota,Hilux,2220,93,52355.09,2,4.19,562.96,26177.55
2024-08-24,CAMP025,google_ads,Google Ads - Ford Maverick - whatsapp,whatsapp,Ford,Maverick,2368,18,49911.42,1,0.76,2772.86,49911.42
2024-08-24,CAMP011,google_ads,Google Ads - Peugeot 3008 - trafico,trafico,Peugeot,3008,2845,46,67474.45,0,1.62,1466.84,
2024-08-24,CAMP037,meta_ads,Meta Ads - Peugeot Expert - trafico,trafico,Peugeot,Expert,5703,102,77996.2,5,1.79,764.67,15599.24
2024-08-24,CAMP051,meta_ads,Meta Ads - Renault Logan - whatsapp,whatsapp,Renault,Logan,2838,53,47746.92,1,1.87,900.89,47746.92
2024-08-24,CAMP026,google_ads,Google Ads - Peugeot Partner - lead_form,lead_form,Peugeot,Partner,3879,157,69380.04,15,4.05,441.91,4625.34
2024-08-25,CAMP047,meta_ads,Meta Ads - Renault Logan - lead_form,lead_form,Renault,Logan,2694,45,79936.31,4,1.67,1776.36,19984.08
2024-08-25,CAMP055,meta_ads,Meta Ads - Toyota Corolla - trafico,trafico,Toyota,Corolla,653,8,18920.75,0,1.23,2365.09,
2024-08-25,CAMP034,meta_ads,Meta Ads - Volkswagen Amarok - remarketing,remarketing,Volkswagen,Amarok,1535,50,53630.18,3,3.26,1072.6,17876.73
2024-08-25,CAMP007,google_ads,Google Ads - Volkswagen Nivus - lead_form,lead_form,Volkswagen,Nivus,2307,88,56164.13,8,3.81,638.23,7020.52
2024-08-25,CAMP016,google_ads,Google Ads - Renault Kangoo - remarketing,remarketing,Renault,Kangoo,710,10,12607.33,0,1.41,1260.73,
2024-08-25,CAMP052,meta_ads,Meta Ads - Volkswagen Taos - whatsapp,whatsapp,Volkswagen,Taos,1946,42,55875.13,4,2.16,1330.36,13968.78
2024-08-25,CAMP028,google_ads,Google Ads - Volkswagen Amarok - remarketing,remarketing,Volkswagen,Amarok,3709,154,85504.2,14,4.15,555.22,6107.44
2024-08-25,CAMP029,google_ads,Google Ads - Ford Bronco Sport - whatsapp,whatsapp,Ford,Bronco Sport,1323,52,44747.88,3,3.93,860.54,14915.96
2024-08-25,CAMP021,google_ads,Google Ads - Toyota Hilux - trafico,trafico,Toyota,Hilux,1575,42,44703.09,1,2.67,1064.36,44703.09
2024-08-25,CAMP003,google_ads,Google Ads - Volkswagen Virtus - lead_form,lead_form,Volkswagen,Virtus,6802,228,79805.49,15,3.35,350.02,5320.37
2024-08-25,CAMP002,google_ads,Google Ads - Peugeot Partner - whatsapp,whatsapp,Peugeot,Partner,2779,46,89271.33,3,1.66,1940.68,29757.11
2024-08-25,CAMP040,meta_ads,Meta Ads - Volkswagen Virtus - remarketing,remarketing,Volkswagen,Virtus,3590,72,69621.74,7,2.01,966.97,9945.96
2024-08-25,CAMP018,google_ads,Google Ads - Toyota SW4 - trafico,trafico,Toyota,SW4,2405,41,73918.07,2,1.7,1802.88,36959.03
2024-08-25,CAMP010,google_ads,Google Ads - Renault Kangoo - whatsapp,whatsapp,Renault,Kangoo,1463,15,35990.23,0,1.03,2399.35,
2024-08-25,CAMP045,meta_ads,Meta Ads - Chevrolet S10 - lead_form,lead_form,Chevrolet,S10,1921,13,66504.11,1,0.68,5115.7,66504.11
2024-08-26,CAMP057,meta_ads,Meta Ads - Toyota Hilux - lead_form,lead_form,Toyota,Hilux,1173,17,29906.72,1,1.45,1759.22,29906.72
2024-08-26,CAMP003,google_ads,Google Ads - Volkswagen Virtus - lead_form,lead_form,Volkswagen,Virtus,701,28,22227.98,2,3.99,793.86,11113.99
2024-08-26,CAMP059,meta_ads,Meta Ads - Renault Alaskan - whatsapp,whatsapp,Renault,Alaskan,2364,20,74346.34,0,0.85,3717.32,
2024-08-26,CAMP010,google_ads,Google Ads - Renault Kangoo - whatsapp,whatsapp,Renault,Kangoo,4321,60,38514.52,4,1.39,641.91,9628.63
2024-08-26,CAMP052,meta_ads,Meta Ads - Volkswagen Taos - whatsapp,whatsapp,Volkswagen,Taos,4283,42,55332.59,1,0.98,1317.44,55332.59
2024-08-26,CAMP020,google_ads,Google Ads - Chevrolet Tracker - lead_form,lead_form,Chevrolet,Tracker,3535,74,78387.53,5,2.09,1059.29,15677.51
2024-08-26,CAMP024,google_ads,Google Ads - Peugeot Partner - whatsapp,whatsapp,Peugeot,Partner,4217,107,89617.83,11,2.54,837.55,8147.08
2024-08-26,CAMP041,meta_ads,Meta Ads - Toyota Corolla - lead_form,lead_form,Toyota,Corolla,6377,149,89256.12,12,2.34,599.03,7438.01
2024-08-27,CAMP047,meta_ads,Meta Ads - Renault Logan - lead_form,lead_form,Renault,Logan,835,22,28313.76,2,2.63,1286.99,14156.88
2024-08-27,CAMP019,google_ads,Google Ads - Renault Alaskan - trafico,trafico,Renault,Alaskan,1124,42,25484.17,3,3.74,606.77,8494.72
2024-08-27,CAMP042,meta_ads,Meta Ads - Volkswagen Virtus - remarketing,remarketing,Volkswagen,Virtus,2768,38,26853.05,1,1.37,706.66,26853.05
2024-08-27,CAMP027,google_ads,Google Ads - Chevrolet Tracker - whatsapp,whatsapp,Chevrolet,Tracker,9474,169,77611.03,4,1.78,459.24,19402.76
2024-08-27,CAMP010,google_ads,Google Ads - Renault Kangoo - whatsapp,whatsapp,Renault,Kangoo,5039,47,41418.19,1,0.93,881.24,41418.19
2024-08-27,CAMP048,meta_ads,Meta Ads - Ford Kuga - whatsapp,whatsapp,Ford,Kuga,2634,89,32466.45,5,3.38,364.79,6493.29
2024-08-27,CAMP001,google_ads,Google Ads - Peugeot 208 - lead_form,lead_form,Peugeot,208,1115,27,13889.58,1,2.42,514.43,13889.58
2024-08-27,CAMP009,google_ads,Google Ads - Volkswagen Amarok - trafico,trafico,Volkswagen,Amarok,925,33,18793.17,3,3.57,569.49,6264.39
2024-08-27,CAMP024,google_ads,Google Ads - Peugeot Partner - whatsapp,whatsapp,Peugeot,Partner,2967,104,49446.21,5,3.51,475.44,9889.24
2024-08-27,CAMP033,meta_ads,Meta Ads - Volkswagen Nivus - trafico,trafico,Volkswagen,Nivus,2894,60,60963.29,6,2.07,1016.05,10160.55
2024-08-27,CAMP055,meta_ads,Meta Ads - Toyota Corolla - trafico,trafico,Toyota,Corolla,5092,153,85486.74,10,3.0,558.74,8548.67
2024-08-27,CAMP046,meta_ads,Meta Ads - Peugeot 208 - trafico,trafico,Peugeot,208,2779,65,72490.41,7,2.34,1115.24,10355.77
2024-08-27,CAMP011,google_ads,Google Ads - Peugeot 3008 - trafico,trafico,Peugeot,3008,1992,42,55196.38,3,2.11,1314.2,18398.79
2024-08-27,CAMP052,meta_ads,Meta Ads - Volkswagen Taos - whatsapp,whatsapp,Volkswagen,Taos,1317,14,26168.9,0,1.06,1869.21,
2024-08-27,CAMP059,meta_ads,Meta Ads - Renault Alaskan - whatsapp,whatsapp,Renault,Alaskan,637,8,16939.11,0,1.26,2117.39,
2024-08-28,CAMP060,meta_ads,Meta Ads - Volkswagen Amarok - whatsapp,whatsapp,Volkswagen,Amarok,2452,73,57149.49,6,2.98,782.87,9524.91
2024-08-28,CAMP037,meta_ads,Meta Ads - Peugeot Expert - trafico,trafico,Peugeot,Expert,2396,82,81003.86,8,3.42,987.85,10125.48
2024-08-28,CAMP042,meta_ads,Meta Ads - Volkswagen Virtus - remarketing,remarketing,Volkswagen,Virtus,2666,82,63455.07,3,3.08,773.84,21151.69
2024-08-28,CAMP038,meta_ads,Meta Ads - Peugeot Expert - remarketing,remarketing,Peugeot,Expert,3831,47,55116.25,3,1.23,1172.69,18372.08
2024-08-28,CAMP012,google_ads,Google Ads - Ford Territory - whatsapp,whatsapp,Ford,Territory,4587,130,66993.06,14,2.83,515.33,4785.22
2024-08-28,CAMP054,meta_ads,Meta Ads - Chevrolet S10 - remarketing,remarketing,Chevrolet,S10,1213,21,27932.09,1,1.73,1330.1,27932.09
2024-08-28,CAMP002,google_ads,Google Ads - Peugeot Partner - whatsapp,whatsapp,Peugeot,Partner,1979,68,50300.5,7,3.44,739.71,7185.79
2024-08-28,CAMP021,google_ads,Google Ads - Toyota Hilux - trafico,trafico,Toyota,Hilux,977,16,29158.76,1,1.64,1822.42,29158.76
2024-08-28,CAMP056,meta_ads,Meta Ads - Renault Logan - whatsapp,whatsapp,Renault,Logan,3768,59,56711.03,5,1.57,961.2,11342.21
2024-08-28,CAMP052,meta_ads,Meta Ads - Volkswagen Taos - whatsapp,whatsapp,Volkswagen,Taos,2965,101,72661.95,3,3.41,719.43,24220.65
2024-08-28,CAMP010,google_ads,Google Ads - Renault Kangoo - whatsapp,whatsapp,Renault,Kangoo,1552,61,46993.04,3,3.93,770.38,15664.35
2024-08-29,CAMP037,meta_ads,Meta Ads - Peugeot Expert - trafico,trafico,Peugeot,Expert,2183,55,48543.86,1,2.52,882.62,48543.86
2024-08-29,CAMP012,google_ads,Google Ads - Ford Territory - whatsapp,whatsapp,Ford,Territory,1561,29,50245.54,2,1.86,1732.6,25122.77
2024-08-29,CAMP029,google_ads,Google Ads - Ford Bronco Sport - whatsapp,whatsapp,Ford,Bronco Sport,1698,26,55548.36,0,1.53,2136.48,
2024-08-29,CAMP005,google_ads,Google Ads - Chevrolet Cruze - lead_form,lead_form,Chevrolet,Cruze,2660,26,75361.02,2,0.98,2898.5,37680.51
2024-08-29,CAMP011,google_ads,Google Ads - Peugeot 3008 - trafico,trafico,Peugeot,3008,1464,58,42976.27,4,3.96,740.97,10744.07
2024-08-29,CAMP004,google_ads,Google Ads - Peugeot Expert - lead_form,lead_form,Peugeot,Expert,801,13,25514.77,0,1.62,1962.67,
2024-08-29,CAMP022,google_ads,Google Ads - Toyota Hilux - lead_form,lead_form,Toyota,Hilux,1777,71,59313.24,4,4.0,835.4,14828.31
2024-08-29,CAMP016,google_ads,Google Ads - Renault Kangoo - remarketing,remarketing,Renault,Kangoo,2202,43,51461.4,1,1.95,1196.78,51461.4
2024-08-29,CAMP043,meta_ads,Meta Ads - Chevrolet Onix - remarketing,remarketing,Chevrolet,Onix,2578,52,69718.53,3,2.02,1340.74,23239.51
2024-08-29,CAMP039,meta_ads,Meta Ads - Chevrolet Cruze - trafico,trafico,Chevrolet,Cruze,1047,22,26403.18,0,2.1,1200.14,
2024-08-30,CAMP013,google_ads,Google Ads - Renault Logan - lead_form,lead_form,Renault,Logan,2434,69,75680.45,1,2.83,1096.82,75680.45
2024-08-30,CAMP002,google_ads,Google Ads - Peugeot Partner - whatsapp,whatsapp,Peugeot,Partner,563,6,17210.78,0,1.07,2868.46,
2024-08-30,CAMP018,google_ads,Google Ads - Toyota SW4 - trafico,trafico,Toyota,SW4,2135,85,68904.51,1,3.98,810.64,68904.51
2024-08-30,CAMP020,google_ads,Google Ads - Chevrolet Tracker - lead_form,lead_form,Chevrolet,Tracker,1004,36,23681.35,3,3.59,657.82,7893.78
2024-08-30,CAMP016,google_ads,Google Ads - Renault Kangoo - remarketing,remarketing,Renault,Kangoo,3325,23,57880.6,1,0.69,2516.55,57880.6
2024-08-30,CAMP025,google_ads,Google Ads - Ford Maverick - whatsapp,whatsapp,Ford,Maverick,1924,66,49370.27,2,3.43,748.03,24685.13
2024-08-30,CAMP042,meta_ads,Meta Ads - Volkswagen Virtus - remarketing,remarketing,Volkswagen,Virtus,4499,27,59849.79,1,0.6,2216.66,59849.79
2024-08-30,CAMP006,google_ads,Google Ads - Toyota Corolla - whatsapp,whatsapp,Toyota,Corolla,3563,103,48755.14,2,2.89,473.35,24377.57
2024-08-31,CAMP010,google_ads,Google Ads - Renault Kangoo - whatsapp,whatsapp,Renault,Kangoo,782,32,24583.45,3,4.09,768.23,8194.48
2024-08-31,CAMP026,google_ads,Google Ads - Peugeot Partner - lead_form,lead_form,Peugeot,Partner,1572,17,44542.96,0,1.08,2620.17,
2024-08-31,CAMP004,google_ads,Google Ads - Peugeot Expert - lead_form,lead_form,Peugeot,Expert,2791,29,73076.71,1,1.04,2519.89,73076.71
2024-08-31,CAMP041,meta_ads,Meta Ads - Toyota Corolla - lead_form,lead_form,Toyota,Corolla,624,4,20405.34,0,0.64,5101.33,
2024-08-31,CAMP060,meta_ads,Meta Ads - Volkswagen Amarok - whatsapp,whatsapp,Volkswagen,Amarok,1257,24,14672.12,2,1.91,611.34,7336.06
2024-08-31,CAMP047,meta_ads,Meta Ads - Renault Logan - lead_form,lead_form,Renault,Logan,2722,42,53945.36,4,1.54,1284.41,13486.34
2024-08-31,CAMP056,meta_ads,Meta Ads - Renault Logan - whatsapp,whatsapp,Renault,Logan,5161,90,71133.43,3,1.74,790.37,23711.14
2024-08-31,CAMP008,google_ads,Google Ads - Chevrolet Tracker - remarketing,remarketing,Chevrolet,Tracker,3095,20,42187.06,0,0.65,2109.35,
2024-08-31,CAMP014,google_ads,Google Ads - Toyota Corolla Cross - lead_form,lead_form,Toyota,Corolla Cross,2447,43,63539.5,2,1.76,1477.66,31769.75
2024-09-01,CAMP049,meta_ads,Meta Ads - Fiat Cronos - trafico,trafico,Fiat,Cronos,2623,30,65277.25,1,1.14,2175.91,65277.25
2024-09-01,CAMP051,meta_ads,Meta Ads - Renault Logan - whatsapp,whatsapp,Renault,Logan,488,21,12681.89,0,4.3,603.9,
2024-09-01,CAMP019,google_ads,Google Ads - Renault Alaskan - trafico,trafico,Renault,Alaskan,2993,116,34363.61,8,3.88,296.24,4295.45
2024-09-01,CAMP012,google_ads,Google Ads - Ford Territory - whatsapp,whatsapp,Ford,Territory,3723,162,66648.8,14,4.35,411.41,4760.63
2024-09-01,CAMP007,google_ads,Google Ads - Volkswagen Nivus - lead_form,lead_form,Volkswagen,Nivus,7921,276,77492.39,23,3.48,280.77,3369.23
2024-09-01,CAMP006,google_ads,Google Ads - Toyota Corolla - whatsapp,whatsapp,Toyota,Corolla,5423,173,74818.25,13,3.19,432.48,5755.25
2024-09-01,CAMP058,meta_ads,Meta Ads - Toyota Corolla Cross - lead_form,lead_form,Toyota,Corolla Cross,822,20,21999.86,0,2.43,1099.99,
2024-09-01,CAMP002,google_ads,Google Ads - Peugeot Partner - whatsapp,whatsapp,Peugeot,Partner,573,6,19579.11,0,1.05,3263.18,
2024-09-01,CAMP059,meta_ads,Meta Ads - Renault Alaskan - whatsapp,whatsapp,Renault,Alaskan,2546,47,45061.25,2,1.85,958.75,22530.62
2024-09-01,CAMP036,meta_ads,Meta Ads - Ford Territory - whatsapp,whatsapp,Ford,Territory,1090,15,35941.72,0,1.38,2396.11,
2024-09-02,CAMP057,meta_ads,Meta Ads - Toyota Hilux - lead_form,lead_form,Toyota,Hilux,930,22,22864.41,1,2.37,1039.29,22864.41
2024-09-02,CAMP048,meta_ads,Meta Ads - Ford Kuga - whatsapp,whatsapp,Ford,Kuga,2853,86,35645.43,5,3.01,414.48,7129.09
2024-09-02,CAMP050,meta_ads,Meta Ads - Chevrolet Tracker - lead_form,lead_form,Chevrolet,Tracker,7012,158,72268.3,12,2.25,457.39,6022.36
2024-09-02,CAMP010,google_ads,Google Ads - Renault Kangoo - whatsapp,whatsapp,Renault,Kangoo,4061,160,46741.71,11,3.94,292.14,4249.25
2024-09-02,CAMP002,google_ads,Google Ads - Peugeot Partner - whatsapp,whatsapp,Peugeot,Partner,8331,153,90728.05,17,1.84,592.99,5336.94
2024-09-02,CAMP060,meta_ads,Meta Ads - Volkswagen Amarok - whatsapp,whatsapp,Volkswagen,Amarok,813,24,25793.93,0,2.95,1074.75,
2024-09-02,CAMP031,meta_ads,Meta Ads - Volkswagen Polo - trafico,trafico,Volkswagen,Polo,2248,16,70588.59,0,0.71,4411.79,
2024-09-02,CAMP004,google_ads,Google Ads - Peugeot Expert - lead_form,lead_form,Peugeot,Expert,791,32,14092.69,3,4.05,440.4,4697.56
2024-09-02,CAMP028,google_ads,Google Ads - Volkswagen Amarok - remarketing,remarketing,Volkswagen,Amarok,2062,48,59297.29,2,2.33,1235.36,29648.64
2024-09-03,CAMP040,meta_ads,Meta Ads - Volkswagen Virtus - remarketing,remarketing,Volkswagen,Virtus,5817,225,86010.23,6,3.87,382.27,14335.04
2024-09-03,CAMP005,google_ads,Google Ads - Chevrolet Cruze - lead_form,lead_form,Chevrolet,Cruze,3683,22,75397.37,0,0.6,3427.15,
2024-09-03,CAMP024,google_ads,Google Ads - Peugeot Partner - whatsapp,whatsapp,Peugeot,Partner,1489,54,16679.65,1,3.63,308.88,16679.65
2024-09-03,CAMP029,google_ads,Google Ads - Ford Bronco Sport - whatsapp,whatsapp,Ford,Bronco Sport,948,32,28241.97,1,3.38,882.56,28241.97
2024-09-03,CAMP038,meta_ads,Meta Ads - Peugeot Expert - remarketing,remarketing,Peugeot,Expert,1490,24,30012.17,2,1.61,1250.51,15006.09
2024-09-03,CAMP044,meta_ads,Meta Ads - Fiat Fastback - remarketing,remarketing,Fiat,Fastback,2586,19,50281.16,0,0.73,2646.38,
2024-09-03,CAMP050,meta_ads,Meta Ads - Chevrolet Tracker - lead_form,lead_form,Chevrolet,Tracker,711,14,19654.29,0,1.97,1403.88,
2024-09-03,CAMP023,google_ads,Google Ads - Fiat Pulse - remarketing,remarketing,Fiat,Pulse,1856,18,58397.35,0,0.97,3244.3,
2024-09-03,CAMP058,meta_ads,Meta Ads - Toyota Corolla Cross - lead_form,lead_form,Toyota,Corolla Cross,1633,42,16789.47,2,2.57,399.75,8394.73
2024-09-03,CAMP019,google_ads,Google Ads - Renault Alaskan - trafico,trafico,Renault,Alaskan,2113,71,19985.79,3,3.36,281.49,6661.93
2024-09-03,CAMP028,google_ads,Google Ads - Volkswagen Amarok - remarketing,remarketing,Volkswagen,Amarok,2931,50,87809.65,5,1.71,1756.19,17561.93
2024-09-03,CAMP012,google_ads,Google Ads - Ford Territory - whatsapp,whatsapp,Ford,Territory,4070,56,86645.16,3,1.38,1547.23,28881.72
2024-09-04,CAMP046,meta_ads,Meta Ads - Peugeot 208 - trafico,trafico,Peugeot,208,3046,71,79997.76,6,2.33,1126.73,13332.96
2024-09-04,CAMP013,google_ads,Google Ads - Renault Logan - lead_form,lead_form,Renault,Logan,2767,38,59214.21,2,1.37,1558.27,29607.1
2024-09-04,CAMP002,google_ads,Google Ads - Peugeot Partner - whatsapp,whatsapp,Peugeot,Partner,1100,41,38497.5,3,3.73,938.96,12832.5
2024-09-04,CAMP058,meta_ads,Meta Ads - Toyota Corolla Cross - lead_form,lead_form,Toyota,Corolla Cross,4912,184,60067.08,20,3.75,326.45,3003.35
2024-09-04,CAMP037,meta_ads,Meta Ads - Peugeot Expert - trafico,trafico,Peugeot,Expert,2772,112,84937.35,6,4.04,758.37,14156.22
2024-09-04,CAMP028,google_ads,Google Ads - Volkswagen Amarok - remarketing,remarketing,Volkswagen,Amarok,1363,11,23903.36,0,0.81,2173.03,
2024-09-04,CAMP012,google_ads,Google Ads - Ford Territory - whatsapp,whatsapp,Ford,Territory,742,5,23059.25,0,0.67,4611.85,
2024-09-04,CAMP023,google_ads,Google Ads - Fiat Pulse - remarketing,remarketing,Fiat,Pulse,1726,17,33147.87,1,0.98,1949.87,33147.87
2024-09-04,CAMP035,meta_ads,Meta Ads - Peugeot 3008 - whatsapp,whatsapp,Peugeot,3008,7106,61,61636.24,1,0.86,1010.43,61636.24
2024-09-05,CAMP038,meta_ads,Meta Ads - Peugeot Expert - remarketing,remarketing,Peugeot,Expert,637,22,17406.94,2,3.45,791.22,8703.47
2024-09-05,CAMP032,meta_ads,Meta Ads - Fiat Pulse - lead_form,lead_form,Fiat,Pulse,4032,24,61603.4,0,0.6,2566.81,
2024-09-05,CAMP043,meta_ads,Meta Ads - Chevrolet Onix - remarketing,remarketing,Chevrolet,Onix,9243,338,90360.61,6,3.66,267.34,15060.1
2024-09-05,CAMP030,google_ads,Google Ads - Peugeot Partner - lead_form,lead_form,Peugeot,Partner,2783,104,59993.22,4,3.74,576.86,14998.31
2024-09-05,CAMP008,google_ads,Google Ads - Chevrolet Tracker - remarketing,remarketing,Chevrolet,Tracker,2558,108,77226.07,6,4.22,715.06,12871.01
2024-09-05,CAMP017,google_ads,Google Ads - Chevrolet Onix - remarketing,remarketing,Chevrolet,Onix,1717,53,59644.02,4,3.09,1125.36,14911.01
2024-09-05,CAMP003,google_ads,Google Ads - Volkswagen Virtus - lead_form,lead_form,Volkswagen,Virtus,1155,37,27666.25,3,3.2,747.74,9222.08
2024-09-05,CAMP002,google_ads,Google Ads - Peugeot Partner - whatsapp,whatsapp,Peugeot,Partner,1827,31,42072.5,1,1.7,1357.18,42072.5
2024-09-05,CAMP048,meta_ads,Meta Ads - Ford Kuga - whatsapp,whatsapp,Ford,Kuga,3934,56,42055.45,2,1.42,750.99,21027.73
2024-09-05,CAMP042,meta_ads,Meta Ads - Volkswagen Virtus - remarketing,remarketing,Volkswagen,Virtus,760,12,15928.27,0,1.58,1327.36,
2024-09-05,CAMP055,meta_ads,Meta Ads - Toyota Corolla - trafico,trafico,Toyota,Corolla,1541,20,25745.88,1,1.3,1287.29,25745.88
2024-09-05,CAMP060,meta_ads,Meta Ads - Volkswagen Amarok - whatsapp,whatsapp,Volkswagen,Amarok,3372,98,87971.25,7,2.91,897.67,12567.32
2024-09-05,CAMP016,google_ads,Google Ads - Renault Kangoo - remarketing,remarketing,Renault,Kangoo,2397,56,83649.06,0,2.34,1493.73,
2024-09-05,CAMP035,meta_ads,Meta Ads - Peugeot 3008 - whatsapp,whatsapp,Peugeot,3008,2083,25,67914.45,1,1.2,2716.58,67914.45
2024-09-05,CAMP036,meta_ads,Meta Ads - Ford Territory - whatsapp,whatsapp,Ford,Territory,3469,24,89619.74,1,0.69,3734.16,89619.74
2024-09-06,CAMP030,google_ads,Google Ads - Peugeot Partner - lead_form,lead_form,Peugeot,Partner,3021,29,75385.07,3,0.96,2599.49,25128.36
2024-09-06,CAMP053,meta_ads,Meta Ads - Chevrolet Spin - lead_form,lead_form,Chevrolet,Spin,2565,95,85881.46,3,3.7,904.02,28627.15
2024-09-06,CAMP058,meta_ads,Meta Ads - Toyota Corolla Cross - lead_form,lead_form,Toyota,Corolla Cross,2334,66,66019.71,5,2.83,1000.3,13203.94
2024-09-06,CAMP035,meta_ads,Meta Ads - Peugeot 3008 - whatsapp,whatsapp,Peugeot,3008,2815,66,81820.23,2,2.34,1239.7,40910.12
2024-09-06,CAMP055,meta_ads,Meta Ads - Toyota Corolla - trafico,trafico,Toyota,Corolla,609,26,20935.8,2,4.27,805.22,10467.9
2024-09-06,CAMP011,google_ads,Google Ads - Peugeot 3008 - trafico,trafico,Peugeot,3008,2186,95,54453.61,10,4.35,573.2,5445.36
2024-09-06,CAMP007,google_ads,Google Ads - Volkswagen Nivus - lead_form,lead_form,Volkswagen,Nivus,1737,68,52147.05,7,3.91,766.87,7449.58
2024-09-06,CAMP006,google_ads,Google Ads - Toyota Corolla - whatsapp,whatsapp,Toyota,Corolla,2651,47,85216.93,1,1.77,1813.13,85216.93
2024-09-06,CAMP027,google_ads,Google Ads - Chevrolet Tracker - whatsapp,whatsapp,Chevrolet,Tracker,3557,143,71807.84,7,4.02,502.15,10258.26
2024-09-06,CAMP004,google_ads,Google Ads - Peugeot Expert - lead_form,lead_form,Peugeot,Expert,1590,44,52535.18,2,2.77,1193.98,26267.59
2024-09-06,CAMP056,meta_ads,Meta Ads - Renault Logan - whatsapp,whatsapp,Renault,Logan,2625,16,52039.18,0,0.61,3252.45,
2024-09-06,CAMP043,meta_ads,Meta Ads - Chevrolet Onix - remarketing,remarketing,Chevrolet,Onix,5068,39,76064.08,2,0.77,1950.36,38032.04
2024-09-06,CAMP049,meta_ads,Meta Ads - Fiat Cronos - trafico,trafico,Fiat,Cronos,4690,182,49394.84,18,3.88,271.4,2744.16
2024-09-06,CAMP048,meta_ads,Meta Ads - Ford Kuga - whatsapp,whatsapp,Ford,Kuga,4084,119,42067.76,2,2.91,353.51,21033.88
2024-09-06,CAMP002,google_ads,Google Ads - Peugeot Partner - whatsapp,whatsapp,Peugeot,Partner,6149,74,63153.15,8,1.2,853.42,7894.14
2024-09-06,CAMP041,meta_ads,Meta Ads - Toyota Corolla - lead_form,lead_form,Toyota,Corolla,2724,100,65231.62,7,3.67,652.32,9318.8
2024-09-07,CAMP036,meta_ads,Meta Ads - Ford Territory - whatsapp,whatsapp,Ford,Territory,1387,20,33164.85,0,1.44,1658.24,
2024-09-07,CAMP058,meta_ads,Meta Ads - Toyota Corolla Cross - lead_form,lead_form,Toyota,Corolla Cross,8028,230,83393.96,6,2.86,362.58,13898.99
2024-09-07,CAMP033,meta_ads,Meta Ads - Volkswagen Nivus - trafico,trafico,Volkswagen,Nivus,2144,59,45770.85,2,2.75,775.78,22885.42
2024-09-07,CAMP010,google_ads,Google Ads - Renault Kangoo - whatsapp,whatsapp,Renault,Kangoo,1928,72,50525.78,5,3.73,701.75,10105.16
2024-09-07,CAMP030,google_ads,Google Ads - Peugeot Partner - lead_form,lead_form,Peugeot,Partner,1082,21,29777.02,2,1.94,1417.95,14888.51
2024-09-07,CAMP047,meta_ads,Meta Ads - Renault Logan - lead_form,lead_form,Renault,Logan,1637,61,48377.67,5,3.73,793.08,9675.53
