lead_id,fecha_lead,hora_lead,nombre,apellido,telefono,email,provincia,sucursal_preferida,canal_origen,campaign_id,campaign_name,marca_interes,modelo_interes,tipo_operacion,estado_lead,vendedor_asignado,score_interes,requiere_financiacion,acepta_contacto
L000001,2024-04-29,16:40:00,Franco,Romero,+5491121332743,franco.romero342@mail.com,Salta,La Plata,meta_ads,CAMP053,Meta Ads - Chevrolet Spin - lead_form,Chevrolet,Spin,plan_ahorro,contactado,Diego Acosta,24,si,si
L000002,2025-04-25,22:18:00,Sofia,Acosta,+5491138297548,sofia.acosta908@mail.com,Buenos Aires,Palermo,meta_ads,CAMP041,Meta Ads - Toyota Corolla - lead_form,Toyota,Corolla,plan_ahorro,calificado,Martina Silva,68,no,si
L000003,2025-01-16,13:00:00,Bruno,Romero,+5491165065351,bruno.romero768@mail.com,CABA,Cordoba Centro,google_ads,CAMP016,Google Ads - Renault Kangoo - remarketing,Renault,Kangoo,financiado,cotizado,Ana Perez,55,no,no
L000004,2024-02-21,14:06:00,Mateo,Garcia,+5491165671166,mateo.garcia329@mail.com,Buenos Aires,Moron,google_ads,CAMP017,Google Ads - Chevrolet Onix - remarketing,Peugeot,Onix,plan_ahorro,contactado,Diego Acosta,24,no,si
L000005,2024-05-20,08:57:00,Valentina,Lopez,+5491144287150,valentina.lopez566@mail.com,Salta,Rosario,meta_ads,CAMP051,Meta Ads - Renault Logan - whatsapp,Chevrolet,Tracker,usado,nuevo,Diego Acosta,25,si,si
L000006,2025-10-14,12:20:00,Martina,Alvarez,+5491128550742,martina.alvarez151@mail.com,CABA,Mendoza Norte,meta_ads,CAMP028,Google Ads - Volkswagen Amarok - remarketing,Volkswagen,Amarok,financiado,perdido,Ana Perez,88,no,si
L000007,2026-01-29,20:00:00,Agustin,Acosta,+5491120812257,agustin.acosta674@mail.com,Neuquen,Palermo,whatsapp_directo,,,Fiat,Strada,plan_ahorro,perdido,Ana Perez,92,no,si
L000008,2024-04-07,12:46:00,Catalina,Romero,+5491121476145,catalina.romero848@mail.com,Mendoza,Palermo,google_ads,CAMP023,Google Ads - Fiat Pulse - remarketing,Fiat,Pulse,financiado,cotizado,Ana Perez,35,si,si
L000009,2026-06-28,09:22:00,Martina,Acosta,+5491132760728,martina.acosta757@mail.com,Tucuman,Avellaneda,meta_ads,CAMP037,Meta Ads - Peugeot Expert - trafico,Volkswagen,Expert,usado,nuevo,Sofia Torres,84,si,si
L000010,2024-09-23,13:34:00,Lucas,Ramirez,+5491169124449,lucas.ramirez563@mail.com,Santa Fe,Moron,whatsapp_directo,,,Volkswagen,Polo,usado,cotizado,Juan Perez,31,si,si
L000011,2025-10-27,13:48:00,Joaquin,Ramirez,+5491121805126,joaquin.ramirez734@mail.com,Neuquen,Cordoba Centro,organico,,,Fiat,Fastback,plan_ahorro,sin_respuesta,Juan Perez,7,si,si
L000012,2025-01-18,17:47:00,Julieta,Torres,+5491157929619,julieta.torres107@mail.com,Mendoza,Mendoza Norte,meta_ads,CAMP040,Meta Ads - Volkswagen Virtus - remarketing,Volkswagen,Virtus,plan_ahorro,contactado,Sofia Torres,79,si,si
L000013,2025-12-12,20:10:00,Franco,Romero,+5491136807237,franco.romero611@mail.com,Santa Fe,Palermo,meta_ads,CAMP042,Meta Ads - Volkswagen Virtus - remarketing,Volkswagen,Virtus,financiado,cotizado,Juan Perez,15,no,si
L000014,2024-12-03,11:28:00,Lucas,Ramirez,+5491120878684,lucas.ramirez860@mail.com,Neuquen,Mendoza Norte,meta_ads,CAMP053,Meta Ads - Chevrolet Spin - lead_form,Toyota,Spin,0km,nuevo,Ana Perez,66,si,si
L000015,2025-07-13,15:00:00,Camila,Benitez,+5491155435872,camila.benitez57@mail.com,Salta,Rosario,meta_ads,CAMP058,Meta Ads - Toyota Corolla Cross - lead_form,Chevrolet,Corolla Cross,plan_ahorro,nuevo,Sofia Torres,90,no,si
L000016,2026-06-17,17:43:00,Emma,Ruiz,+5491151535748,emma.ruiz138@mail.com,Tucuman,Palermo,google_ads,CAMP055,Meta Ads - Toyota Corolla - trafico,Toyota,Hilux,0km,nuevo,Ana Perez,73,no,si
L000017,2025-11-26,20:27:00,Franco,Martinez,+5491124755044,franco.martinez417@mail.com,Cordoba,Rosario,meta_ads,CAMP044,Meta Ads - Fiat Fastback - remarketing,Fiat,Fastback,0km,contactado,Ana Perez,1,no,si
L000018,2026-02-01,14:50:00,Lautaro,Garcia,+5491130744272,lautaro.garcia184@mail.com,Entre Rios,Rosario,google_ads,CAMP020,Google Ads - Chevrolet Tracker - lead_form,Ford,Tracker,usado,calificado,Lucas Gomez,97,no,si
L000019,2024-10-21,17:43:00,Valentina,Benitez,+5491133476773,valentina.benitez147@mail.com,Entre Rios,Rosario,google_ads,CAMP023,Google Ads - Fiat Pulse - remarketing,Fiat,Pulse,0km,calificado,Nicolas Ruiz,58,no,si
L000020,2024-04-09,11:21:00,Joaquin,Perez,+5491150507438,joaquin.perez676@mail.com,Salta,Moron,meta_ads,CAMP006,Google Ads - Toyota Corolla - whatsapp,Toyota,Corolla,0km,contactado,Diego Acosta,86,si,si
L000021,2024-10-07,17:52:00,Tomas,Ramirez,+5491151741245,tomas.ramirez138@mail.com,Salta,Cordoba Centro,meta_ads,CAMP037,Meta Ads - Peugeot Expert - trafico,Peugeot,Expert,0km,contactado,Lucas Gomez,68,si,si
L000022,2026-02-05,13:34:00,Valentina,Torres,+5491164702381,valentina.torres786@mail.com,Rio Negro,Mendoza Norte,meta_ads,CAMP060,Meta Ads - Volkswagen Amarok - whatsapp,Fiat,Amarok,0km,cotizado,Sofia Torres,19,no,si
L000023,2026-07-19,12:37:00,Julieta,Benitez,+5491168000568,julieta.benitez256@mail.com,Neuquen,La Plata,google_ads,CAMP029,Google Ads - Ford Bronco Sport - whatsapp,Ford,Bronco Sport,0km,nuevo,Juan Perez,1,si,si
L000024,2024-08-07,10:07:00,Lucas,Perez,+5491156898962,lucas.perez30@mail.com,Neuquen,Mendoza Norte,meta_ads,CAMP031,Meta Ads - Volkswagen Polo - trafico,Renault,Polo,financiado,contactado,Martina Silva,78,no,si
L000025,2025-06-18,10:25:00,Mia,Sanchez,+5491137791322,mia.sanchez174@mail.com,Salta,Moron,organico,,,Ford,Maverick,plan_ahorro,calificado,Sofia Torres,51,si,si
L000026,2026-01-02,11:09:00,Bruno,Torres,+5491153981518,bruno.torres995@mail.com,Buenos Aires,Cordoba Centro,meta_ads,CAMP041,Meta Ads - Toyota Corolla - lead_form,Fiat,Fastback,0km,cotizado,Nicolas Ruiz,25,si,si
L000027,2024-05-09,21:22:00,Benjamin,Diaz,+5491166380291,benjamin.diaz545@mail.com,CABA,Moron,google_ads,CAMP020,Google Ads - Chevrolet Tracker - lead_form,Chevrolet,Tracker,plan_ahorro,perdido,Camila Lopez,22,no,si
L000028,2024-11-12,19:48:00,Martina,Ruiz,+5491134477298,martina.ruiz94@mail.com,Neuquen,Mendoza Norte,meta_ads,CAMP050,Meta Ads - Chevrolet Tracker - lead_form,Chevrolet,S10,plan_ahorro,calificado,Lucas Gomez,63,si,si
L000029,2024-08-12,20:55:00,Lautaro,Romero,+5491128389997,lautaro.romero120@mail.com,Neuquen,Palermo,whatsapp_directo,,,Ford,Maverick,plan_ahorro,nuevo,Ana Perez,89,no,si
L000030,2024-01-07,15:51:00,Bruno,Lopez,+5491162099082,bruno.lopez510@mail.com,Cordoba,Moron,google_ads,CAMP060,Meta Ads - Volkswagen Amarok - whatsapp,Peugeot,Amarok,usado,nuevo,Ana Perez,62,no,si
L000031,2025-07-28,11:17:00,Lucas,Ruiz,+5491160169926,lucas.ruiz434@mail.com,Entre Rios,Moron,whatsapp_directo,,,Fiat,Toro,financiado,perdido,Ana Perez,12,no,si
L000032,2025-06-25,14:57:00,Tomas,Fernandez,+5491167775082,tomas.fernandez299@mail.com,Rio Negro,Mendoza Norte,google_ads,CAMP003,Google Ads - Volkswagen Virtus - lead_form,Volkswagen,Virtus,usado,cotizado,Lucas Gomez,19,no,si
L000033,2026-09-04,14:32:00,Mia,Lopez,+5491154441751,mia.lopez430@mail.com,Santa Fe,Mendoza Norte,meta_ads,CAMP039,Meta Ads - Chevrolet Cruze - trafico,Volkswagen,Cruze,financiado,calificado,Martina Silva,4,si,si
L000034,2025-07-08,16:05:00,Tomas,Acosta,+5491125249883,tomas.acosta253@mail.com,Entre Rios,Rosario,google_ads,CAMP017,Google Ads - Chevrolet Onix - remarketing,Chevrolet,Onix,financiado,contactado,Nicolas Ruiz,33,si,si
L000035,2024-02-06,18:21:00,Agustin,Martinez,+5491144964107,agustin.martinez658@mail.com,Santa Fe,Rosario,meta_ads,CAMP054,Meta Ads - Chevrolet S10 - remarketing,Chevrolet,Tracker,usado,sin_respuesta,Ana Perez,44,si,si
L000036,2025-12-10,14:43:00,Tomas,Ramirez,+5491145364462,tomas.ramirez95@mail.com,Buenos Aires,Cordoba Centro,meta_ads,CAMP032,Meta Ads - Fiat Pulse - lead_form,Fiat,Cronos,plan_ahorro,nuevo,Lucas Gomez,49,si,si
L000037,2026-01-02,12:22:00,Julieta,Torres,+5491132950483,julieta.torres439@mail.com,CABA,Rosario,google_ads,CAMP013,Google Ads - Renault Logan - lead_form,Renault,Logan,0km,sin_respuesta,Lucas Gomez,72,no,si
L000038,2024-02-28,10:48:00,Benjamin,Ruiz,+5491163362360,benjamin.ruiz77@mail.com,Neuquen,Palermo,meta_ads,CAMP056,Meta Ads - Renault Logan - whatsapp,Renault,Logan,0km,contactado,Martina Silva,40,si,si
L000039,2024-06-12,18:24:00,Florencia,Sanchez,+5491134249264,florencia.sanchez560@mail.com,CABA,Mendoza Norte,meta_ads,CAMP046,Meta Ads - Peugeot 208 - trafico,Peugeot,208,usado,calificado,Martina Silva,65,no,si
L000040,2025-01-02,18:58:00,Lautaro,Alvarez,+5491149236968,lautaro.alvarez973@mail.com,Mendoza,Rosario,meta_ads,CAMP045,Meta Ads - Chevrolet S10 - lead_form,Volkswagen,S10,0km,test_drive,Ana Perez,71,no,si
L000041,2025-05-05,19:05:00,Tomas,Gonzalez,+5491132954554,tomas.gonzalez508@mail.com,Santa Fe,Avellaneda,google_ads,CAMP003,Google Ads - Volkswagen Virtus - lead_form,Volkswagen,Nivus,0km,calificado,Sofia Torres,94,no,si
L000042,2026-07-28,12:05:00,Lucia,Romero,+5491128406635,lucia.romero174@mail.com,Santa Fe,Mendoza Norte,google_ads,CAMP046,Meta Ads - Peugeot 208 - trafico,Peugeot,208,financiado,calificado,Nicolas Ruiz,19,no,si
L000043,2026-03-03,20:57:00,Benjamin,Perez,+5491163783445,benjamin.perez219@mail.com,Santa Fe,Palermo,meta_ads,CAMP034,Meta Ads - Volkswagen Amarok - remarketing,Volkswagen,Amarok,0km,nuevo,Lucas Gomez,86,si,si
L000044,2025-12-14,11:47:00,Florencia,Rodriguez,+5491154334944,florencia.rodriguez185@mail.com,Tucuman,Rosario,google_ads,CAMP014,Google Ads - Toyota Corolla Cross - lead_form,Renault,Corolla Cross,usado,test_drive,Martina Silva,10,si,si
L000045,2025-08-22,11:13:00,Benjamin,Rodriguez,+5491154049156,benjamin.rodriguez494@mail.com,CABA,Cordoba Centro,meta_ads,CAMP034,Meta Ads - Volkswagen Amarok - remarketing,Volkswagen,Amarok,0km,cotizado,Nicolas Ruiz,67,si,si
L000046,2025-07-29,16:36:00,Santiago,Garcia,+5491121199895,santiago.garcia880@mail.com,Neuquen,Rosario,meta_ads,CAMP039,Meta Ads - Chevrolet Cruze - trafico,Renault,Cruze,0km,test_drive,Lucas Gomez,35,si,si
L000047,2026-08-02,19:35:00,Julieta,Garcia,+5491156395958,julieta.garcia255@mail.com,CABA,Moron,google_ads,CAMP021,Google Ads - Toyota Hilux - trafico,Renault,Alaskan,financiado,perdido,Juan Perez,85,no,si
L000048,2025-02-21,11:41:00,Sofia,Romero,+5491139039277,sofia.romero429@mail.com,Tucuman,Cordoba Centro,google_ads,CAMP030,Google Ads - Peugeot Partner - lead_form,Peugeot,Partner,financiado,contactado,Sofia Torres,66,no,si
L000049,2026-08-27,13:16:00,Mia,Gonzalez,+5491129746535,mia.gonzalez591@mail.com,Cordoba,Mendoza Norte,meta_ads,CAMP047,Meta Ads - Renault Logan - lead_form,Volkswagen,Logan,usado,nuevo,Sofia Torres,71,si,si
L000050,2025-01-31,13:57:00,Benjamin,Ruiz,+5491132765934,,Entre Rios,La Plata,google_ads,CAMP030,Google Ads - Peugeot Partner - lead_form,Peugeot,Partner,plan_ahorro,cotizado,Camila Lopez,54,si,si
L000051,2024-09-09,18:48:00,Tomas,Torres,+5491136218316,tomas.torres432@mail.com,Cordoba,La Plata,meta_ads,CAMP050,Meta Ads - Chevrolet Tracker - lead_form,Chevrolet,S10,usado,calificado,Nicolas Ruiz,34,no,si
L000052,2025-06-02,19:18:00,Mia,Alvarez,+5491159804834,mia.alvarez387@mail.com,Mendoza,Rosario,google_ads,CAMP004,Google Ads - Peugeot Expert - lead_form,Peugeot,Expert,financiado,calificado,Camila Lopez,48,no,si
L000053,2025-06-21,12:55:00,Mia,Lopez,+5491123297487,mia.lopez495@mail.com,CABA,Avellaneda,google_ads,CAMP004,Google Ads - Peugeot Expert - lead_form,Peugeot,Partner,usado,nuevo,Nicolas Ruiz,82,no,si
L000054,2025-08-26,20:51:00,Emma,Torres,+5491143616505,emma.torres178@mail.com,Tucuman,Palermo,meta_ads,CAMP059,Meta Ads - Renault Alaskan - whatsapp,Renault,Alaskan,plan_ahorro,contactado,Sofia Torres,28,no,si
L000055,2024-10-04,12:20:00,Catalina,Ruiz,+5491168311913,catalina.ruiz781@mail.com,Rio Negro,Rosario,meta_ads,CAMP048,Meta Ads - Ford Kuga - whatsapp,Ford,Maverick,plan_ahorro,nuevo,Juan Perez,52,si,si
L000056,2026-03-25,18:50:00,Santiago,Rodriguez,+5491154038133,santiago.rodriguez595@mail.com,CABA,Avellaneda,meta_ads,CAMP014,Google Ads - Toyota Corolla Cross - lead_form,Toyota,Corolla Cross,financiado,cotizado,Diego Acosta,79,si,si
L000057,2025-03-09,13:21:00,Benjamin,Diaz,+5491120435389,benjamin.diaz581@mail.com,Tucuman,Mendoza Norte,google_ads,CAMP018,Google Ads - Toyota SW4 - trafico,Toyota,Hilux,0km,test_drive,Lucas Gomez,89,si,si
L000058,2026-09-24,12:39:00,Mateo,Benitez,+5491168664574,mateo.benitez138@mail.com,Neuquen,Rosario,meta_ads,CAMP053,Meta Ads - Chevrolet Spin - lead_form,Ford,Territory,usado,sin_respuesta,Lucas Gomez,65,no,si
L000059,2024-01-21,11:57:00,Martina,Torres,+5491154945036,martina.torres865@mail.com,Cordoba,Avellaneda,whatsapp_directo,,,Fiat,Cronos,0km,contactado,Ana Perez,57,no,si
L000060,2025-12-05,09:33:00,Valentina,Alvarez,+5491139487085,valentina.alvarez138@mail.com,Neuquen,La Plata,meta_ads,CAMP033,Meta Ads - Volkswagen Nivus - trafico,Volkswagen,Nivus,usado,nuevo,Juan Perez,22,no,si
L000061,2024-02-17,12:06:00,Mateo,Diaz,+5491157931575,,Salta,Palermo,google_ads,CAMP020,Google Ads - Chevrolet Tracker - lead_form,Chevrolet,Tracker,usado,perdido,Juan Perez,11,no,no
L000062,2026-02-05,10:29:00,Martina,Romero,+5491155280015,martina.romero174@mail.com,Neuquen,Rosario,meta_ads,CAMP051,Meta Ads - Renault Logan - whatsapp,Renault,Logan,usado,test_drive,Sofia Torres,27,no,si
L000063,2025-04-02,15:18:00,Agustin,Perez,+5491141296506,agustin.perez287@mail.com,Tucuman,La Plata,google_ads,CAMP024,Google Ads - Peugeot Partner - whatsapp,Chevrolet,Spin,0km,calificado,Sofia Torres,89,no,si
L000064,2026-08-20,15:04:00,Benjamin,Lopez,+5491166173736,benjamin.lopez667@mail.com,Cordoba,Avellaneda,google_ads,CAMP017,Google Ads - Chevrolet Onix - remarketing,Chevrolet,Onix,usado,perdido,Camila Lopez,57,si,si
L000065,2024-04-20,15:42:00,Sofia,Sanchez,+5491149456423,sofia.sanchez252@mail.com,CABA,Moron,meta_ads,CAMP047,Meta Ads - Renault Logan - lead_form,Renault,Logan,0km,cotizado,Sofia Torres,90,no,si
L000066,2025-06-30,22:02:00,Tomas,Perez,,tomas.perez250@mail.com,Neuquen,Avellaneda,meta_ads,CAMP035,Meta Ads - Peugeot 3008 - whatsapp,Toyota,3008,usado,contactado,Juan Perez,58,no,si
L000067,2026-01-06,17:44:00,Santiago,Diaz,+5491130062917,santiago.diaz70@mail.com,Salta,Cordoba Centro,whatsapp_directo,,,Ford,Onix,plan_ahorro,perdido,Juan Perez,53,si,si
L000068,2025-02-19,16:43:00,Bruno,Perez,+5491159020775,bruno.perez580@mail.com,Santa Fe,La Plata,meta_ads,CAMP037,Meta Ads - Peugeot Expert - trafico,Peugeot,3008,0km,test_drive,Juan Perez,75,si,si
L000069,2025-05-13,11:44:00,Santiago,Benitez,,santiago.benitez927@mail.com,Santa Fe,Cordoba Centro,meta_ads,CAMP037,Meta Ads - Peugeot Expert - trafico,Chevrolet,Tracker,0km,test_drive,Ana Perez,14,si,si
L000070,2024-10-14,12:49:00,Florencia,Torres,+5491165627388,florencia.torres154@mail.com,Neuquen,La Plata,google_ads,CAMP009,Google Ads - Volkswagen Amarok - trafico,Volkswagen,Polo,plan_ahorro,test_drive,Sofia Torres,42,no,si
L000071,2026-01-14,16:55:00,Joaquin,Gonzalez,+5491144526070,joaquin.gonzalez313@mail.com,Salta,Mendoza Norte,google_ads,CAMP013,Google Ads - Renault Logan - lead_form,Volkswagen,Logan,plan_ahorro,cotizado,Ana Perez,97,no,si
L000072,2025-05-05,15:55:00,Lucas,Martinez,+5491135063356,lucas.martinez312@mail.com,Buenos Aires,Moron,google_ads,CAMP017,Google Ads - Chevrolet Onix - remarketing,Chevrolet,Onix,usado,perdido,Sofia Torres,25,si,si
L000073,2026-07-21,17:49:00,Florencia,Garcia,+5491155932767,florencia.garcia566@mail.com,Neuquen,Moron,whatsapp_directo,,,Renault,Logan,financiado,perdido,Nicolas Ruiz,68,no,si
L000074,2024-11-18,13:24:00,Lucas,Gonzalez,+5491152532815,lucas.gonzalez141@mail.com,CABA,Avellaneda,google_ads,CAMP030,Google Ads - Peugeot Partner - lead_form,Toyota,Partner,usado,nuevo,Martina Silva,35,no,si
L000075,2024-06-21,14:34:00,Camila,Perez,+5491151135511,camila.perez548@mail.com,Mendoza,Palermo,google_ads,CAMP015,Google Ads - Ford Maverick - trafico,Ford,Ranger,financiado,perdido,Sofia Torres,19,si,si
L000076,2025-01-05,08:44:00,Bruno,Perez,+5491131761662,bruno.perez799@mail.com,Salta,Avellaneda,meta_ads,CAMP055,Meta Ads - Toyota Corolla - trafico,Toyota,Corolla,usado,sin_respuesta,Sofia Torres,35,si,si
L000077,2025-01-27,12:00:00,Joaquin,Benitez,+5491123673330,joaquin.benitez287@mail.com,Neuquen,Moron,meta_ads,CAMP041,Meta Ads - Toyota Corolla - lead_form,Toyota,Corolla,0km,nuevo,Diego Acosta,14,si,si
L000078,2024-06-23,11:56:00,Sofia,Alvarez,+5491124142869,sofia.alvarez80@mail.com,Cordoba,Rosario,google_ads,CAMP012,Google Ads - Ford Territory - whatsapp,Ford,Territory,0km,nuevo,Nicolas Ruiz,73,si,si
L000079,2024-11-18,10:06:00,Martina,Diaz,+5491132523929,martina.diaz507@mail.com,Mendoza,Mendoza Norte,meta_ads,CAMP035,Meta Ads - Peugeot 3008 - whatsapp,Renault,3008,0km,contactado,Camila Lopez,12,si,si
L000080,2025-09-06,12:42:00,Lucas,Fernandez,+5491120004378,lucas.fernandez337@mail.com,Cordoba,Mendoza Norte,google_ads,CAMP006,Google Ads - Toyota Corolla - whatsapp,Chevrolet,Corolla,0km,cotizado,Sofia Torres,84,si,si
L000081,2024-05-03,14:15:00,Martina,Acosta,+5491160694337,martina.acosta808@mail.com,CABA,Rosario,meta_ads,CAMP054,Meta Ads - Chevrolet S10 - remarketing,Chevrolet,S10,0km,calificado,Lucas Gomez,14,no,si
L000082,2024-08-02,22:19:00,Lautaro,Rodriguez,+5491125258289,lautaro.rodriguez684@mail.com,Salta,Cordoba Centro,google_ads,CAMP059,Meta Ads - Renault Alaskan - whatsapp,Renault,Alaskan,usado,contactado,Ana Perez,53,no,si
L000083,2026-09-02,20:23:00,Santiago,Perez,+5491162404552,santiago.perez181@mail.com,Cordoba,Rosario,google_ads,CAMP025,Google Ads - Ford Maverick - whatsapp,Ford,Maverick,usado,test_drive,Juan Perez,17,no,no
L000084,2025-12-20,09:56:00,Agustin,Alvarez,+5491147650087,agustin.alvarez705@mail.com,Neuquen,La Plata,meta_ads,CAMP047,Meta Ads - Renault Logan - lead_form,Renault,Logan,0km,test_drive,Martina Silva,60,no,si
L000085,2024-01-20,19:10:00,Bruno,Acosta,+5491128764447,bruno.acosta329@mail.com,Mendoza,Mendoza Norte,meta_ads,CAMP046,Meta Ads - Peugeot 208 - trafico,Peugeot,208,financiado,perdido,Ana Perez,59,si,si
L000086,2025-03-11,19:43:00,Catalina,Ramirez,+5491127773238,catalina.ramirez589@mail.com,Cordoba,Mendoza Norte,google_ads,CAMP036,Meta Ads - Ford Territory - whatsapp,Chevrolet,Territory,usado,contactado,Diego Acosta,37,si,si
L000087,2025-02-17,19:41:00,Tomas,Torres,+5491166037023,tomas.torres63@mail.com,Cordoba,Avellaneda,google_ads,CAMP010,Google Ads - Renault Kangoo - whatsapp,Fiat,Fastback,plan_ahorro,nuevo,Sofia Torres,67,si,si
L000088,2025-02-21,15:02:00,Florencia,Garcia,+5491167410892,florencia.garcia450@mail.com,Tucuman,Rosario,google_ads,CAMP002,Google Ads - Peugeot Partner - whatsapp,Peugeot,Partner,financiado,calificado,Sofia Torres,79,no,si
L000089,2025-05-10,13:14:00,Agustin,Lopez,,agustin.lopez844@mail.com,Santa Fe,Cordoba Centro,meta_ads,CAMP054,Meta Ads - Chevrolet S10 - remarketing,Chevrolet,S10,plan_ahorro,contactado,Nicolas Ruiz,3,si,si
L000090,2025-06-01,19:09:00,Martina,Rodriguez,+5491167793327,martina.rodriguez181@mail.com,CABA,Rosario,organico,,,Peugeot,Partner,plan_ahorro,sin_respuesta,Camila Lopez,34,no,si
L000091,2024-07-12,17:52:00,Catalina,Alvarez,+5491149334276,catalina.alvarez366@mail.com,Rio Negro,Rosario,google_ads,CAMP001,Google Ads - Peugeot 208 - lead_form,Peugeot,208,plan_ahorro,test_drive,Nicolas Ruiz,100,no,no
L000092,2026-06-15,13:17:00,Bruno,Martinez,+5491166056338,bruno.martinez18@mail.com,Entre Rios,Palermo,google_ads,CAMP017,Google Ads - Chevrolet Onix - remarketing,Chevrolet,S10,usado,cotizado,Nicolas Ruiz,10,si,si
L000093,2025-12-14,10:39:00,Bruno,Diaz,+5491138111596,bruno.diaz932@mail.com,Entre Rios,Moron,meta_ads,CAMP057,Meta Ads - Toyota Hilux - lead_form,Toyota,Hilux,financiado,nuevo,Sofia Torres,20,no,no
L000094,2026-07-10,08:36:00,Santiago,Romero,+5491161280511,santiago.romero879@mail.com,Mendoza,La Plata,meta_ads,CAMP059,Meta Ads - Renault Alaskan - whatsapp,Renault,Duster,financiado,contactado,Sofia Torres,9,no,si
L000095,2026-05-01,10:22:00,Mateo,Gonzalez,+5491168392471,mateo.gonzalez345@mail.com,Buenos Aires,Avellaneda,meta_ads,CAMP036,Meta Ads - Ford Territory - whatsapp,Ford,Territory,0km,test_drive,Lucas Gomez,65,no,si
L000096,2024-04-17,11:00:00,Emma,Alvarez,+5491146185477,emma.alvarez229@mail.com,CABA,Rosario,google_ads,CAMP016,Google Ads - Renault Kangoo - remarketing,Fiat,Strada,plan_ahorro,perdido,Nicolas Ruiz,26,no,si
L000097,2024-02-11,20:21:00,Lucia,Gonzalez,+5491150766104,lucia.gonzalez683@mail.com,Neuquen,Cordoba Centro,meta_ads,CAMP056,Meta Ads - Renault Logan - whatsapp,Renault,Logan,plan_ahorro,perdido,Lucas Gomez,34,no,no
L000098,2025-03-29,10:23:00,Lucas,Perez,+5491168445923,lucas.perez696@mail.com,Rio Negro,Mendoza Norte,meta_ads,CAMP059,Meta Ads - Renault Alaskan - whatsapp,Ford,Alaskan,financiado,perdido,Sofia Torres,90,si,si
L000099,2026-04-06,14:13:00,Julieta,Ruiz,+5491141169334,julieta.ruiz924@mail.com,Santa Fe,La Plata,google_ads,CAMP008,Google Ads - Chevrolet Tracker - remarketing,Fiat,Pulse,plan_ahorro,calificado,Diego Acosta,66,no,si
L000100,2024-03-27,10:17:00,Julieta,Acosta,+5491158305466,julieta.acosta400@mail.com,Entre Rios,Rosario,google_ads,CAMP008,Google Ads - Chevrolet Tracker - remarketing,Chevrolet,Tracker,financiado,cotizado,Martina Silva,30,no,si
L000101,2025-09-07,15:28:00,Emma,Ramirez,+5491132457595,emma.ramirez731@mail.com,Mendoza,Palermo,organico,,,Chevrolet,Onix,financiado,calificado,Nicolas Ruiz,29,si,si
L000102,2024-04-28,11:18:00,Catalina,Ramirez,+5491152069027,catalina.ramirez393@mail.com,Tucuman,Palermo,google_ads,CAMP004,Google Ads - Peugeot Expert - lead_form,Peugeot,Expert,usado,perdido,Diego Acosta,71,si,si
L000103,2026-04-06,12:24:00,Lucia,Rodriguez,+5491162121687,lucia.rodriguez695@mail.com,Mendoza,Cordoba Centro,meta_ads,CAMP048,Meta Ads - Ford Kuga - whatsapp,Ford,Kuga,financiado,calificado,Camila Lopez,1,no,si
L000104,2025-02-04,16:49:00,Benjamin,Ruiz,+5491133603060,benjamin.ruiz678@mail.com,Neuquen,La Plata,meta_ads,CAMP058,Meta Ads - Toyota Corolla Cross - lead_form,Toyota,Corolla,usado,contactado,Martina Silva,64,si,si
L000105,2024-05-25,14:58:00,Agustin,Torres,+5491149208785,agustin.torres429@mail.com,CABA,La Plata,google_ads,CAMP041,Meta Ads - Toyota Corolla - lead_form,Toyota,Corolla,usado,calificado,Juan Perez,88,no,si
L000106,2026-03-17,14:22:00,Lautaro,Ramirez,+5491125045221,lautaro.ramirez966@mail.com,Rio Negro,Rosario,meta_ads,CAMP060,Meta Ads - Volkswagen Amarok - whatsapp,Volkswagen,Amarok,0km,contactado,Camila Lopez,33,si,si
L000107,2025-02-08,10:17:00,Benjamin,Romero,+5491159066525,benjamin.romero723@mail.com,Mendoza,Cordoba Centro,whatsapp_directo,,,Peugeot,2008,0km,contactado,Juan Perez,56,no,si
L000108,2024-07-07,16:51:00,Franco,Fernandez,+5491121731012,franco.fernandez593@mail.com,Buenos Aires,Cordoba Centro,whatsapp_directo,,,Renault,Alaskan,usado,cotizado,Nicolas Ruiz,67,si,si
L000109,2024-08-14,16:49:00,Agustin,Ramirez,+5491152433813,agustin.ramirez10@mail.com,Tucuman,Palermo,google_ads,CAMP001,Google Ads - Peugeot 208 - lead_form,Peugeot,Partner,usado,contactado,Camila Lopez,8,no,si
L000110,2024-07-06,21:12:00,Florencia,Alvarez,+5491147963807,florencia.alvarez760@mail.com,CABA,Cordoba Centro,meta_ads,CAMP045,Meta Ads - Chevrolet S10 - lead_form,Chevrolet,S10,financiado,cotizado,Diego Acosta,68,no,si
L000111,2025-11-02,18:41:00,Lucia,Romero,+5491126554449,lucia.romero955@mail.com,Buenos Aires,Avellaneda,meta_ads,CAMP045,Meta Ads - Chevrolet S10 - lead_form,Ford,S10,0km,calificado,Camila Lopez,26,no,si
L000112,2024-07-17,08:20:00,Santiago,Diaz,+5491154556618,santiago.diaz806@mail.com,Rio Negro,Moron,google_ads,CAMP023,Google Ads - Fiat Pulse - remarketing,Fiat,Pulse,financiado,nuevo,Diego Acosta,68,no,si
L000113,2024-02-24,20:09:00,Franco,Acosta,+5491124472591,franco.acosta847@mail.com,Rio Negro,Cordoba Centro,meta_ads,CAMP055,Meta Ads - Toyota Corolla - trafico,Toyota,Hilux,usado,contactado,Diego Acosta,86,no,si
L000114,2024-09-26,18:03:00,Catalina,Gonzalez,+5491132523929,martina.diaz507@mail.com,Buenos Aires,Cordoba Centro,meta_ads,CAMP054,Meta Ads - Chevrolet S10 - remarketing,Chevrolet,S10,plan_ahorro,test_drive,Martina Silva,51,si,si
L000115,2024-12-27,14:13:00,Sofia,Diaz,+5491144680268,sofia.diaz751@mail.com,CABA,Moron,meta_ads,CAMP045,Meta Ads - Chevrolet S10 - lead_form,Fiat,S10,0km,cotizado,Martina Silva,67,si,si
L000116,2025-03-24,21:35:00,Mateo,Acosta,+5491136263844,mateo.acosta202@mail.com,Tucuman,La Plata,meta_ads,CAMP054,Meta Ads - Chevrolet S10 - remarketing,Chevrolet,S10,usado,test_drive,Camila Lopez,74,no,si
L000117,2026-01-16,11:07:00,Martina,Torres,+5491165410163,martina.torres35@mail.com,Neuquen,Avellaneda,meta_ads,CAMP047,Meta Ads - Renault Logan - lead_form,Renault,Logan,usado,perdido,Nicolas Ruiz,94,no,si
L000118,2026-05-23,13:31:00,Emma,Acosta,+5491125934826,emma.acosta793@mail.com,Mendoza,Cordoba Centro,google_ads,CAMP008,Google Ads - Chevrolet Tracker - remarketing,Chevrolet,Tracker,usado,perdido,Lucas Gomez,29,no,si
L000119,2024-07-10,12:51:00,Lucas,Acosta,+5491156395958,julieta.garcia255@mail.com,Tucuman,Mendoza Norte,meta_ads,CAMP033,Meta Ads - Volkswagen Nivus - trafico,Volkswagen,Nivus,usado,sin_respuesta,Lucas Gomez,87,si,si
L000120,2025-08-21,12:14:00,Bruno,Ruiz,+5491122730107,bruno.ruiz563@mail.com,Tucuman,Mendoza Norte,meta_ads,CAMP041,Meta Ads - Toyota Corolla - lead_form,Fiat,Corolla,usado,cotizado,Sofia Torres,47,no,si
L000121,2025-12-18,09:01:00,Julieta,Perez,+5491136501038,julieta.perez399@mail.com,Buenos Aires,Mendoza Norte,google_ads,CAMP027,Google Ads - Chevrolet Tracker - whatsapp,Chevrolet,S10,usado,nuevo,Martina Silva,28,si,si
L000122,2024-08-21,09:26:00,Franco,Diaz,+5491149606688,franco.diaz235@mail.com,Entre Rios,Palermo,google_ads,CAMP002,Google Ads - Peugeot Partner - whatsapp,Fiat,Partner,usado,sin_respuesta,Diego Acosta,4,si,si
L000123,2026-09-19,12:57:00,Franco,Torres,+5491169014847,franco.torres540@mail.com,Salta,Moron,google_ads,CAMP018,Google Ads - Toyota SW4 - trafico,Toyota,SW4,0km,test_drive,Lucas Gomez,85,no,si
L000124,2026-01-22,16:28:00,Mateo,Diaz,+5491136533988,mateo.diaz649@mail.com,Santa Fe,Avellaneda,meta_ads,CAMP036,Meta Ads - Ford Territory - whatsapp,Ford,Territory,plan_ahorro,contactado,Camila Lopez,49,no,si
L000125,2025-02-12,22:32:00,Valentina,Gonzalez,+5491169649706,valentina.gonzalez500@mail.com,Rio Negro,Mendoza Norte,meta_ads,CAMP048,Meta Ads - Ford Kuga - whatsapp,Ford,Kuga,financiado,contactado,Sofia Torres,56,no,si
L000126,2024-12-15,19:48:00,Sofia,Alvarez,+5491165122487,sofia.alvarez462@mail.com,Tucuman,Mendoza Norte,meta_ads,CAMP043,Meta Ads - Chevrolet Onix - remarketing,Chevrolet,Onix,plan_ahorro,nuevo,Sofia Torres,21,si,si
L000127,2025-07-06,13:49:00,Martina,Rodriguez,+5491159017611,martina.rodriguez273@mail.com,Mendoza,Rosario,meta_ads,CAMP033,Meta Ads - Volkswagen Nivus - trafico,Peugeot,Nivus,financiado,contactado,Sofia Torres,96,si,si
L000128,2025-06-17,17:14:00,Santiago,Acosta,+5491144670103,santiago.acosta810@mail.com,Entre Rios,Cordoba Centro,google_ads,CAMP008,Google Ads - Chevrolet Tracker - remarketing,Fiat,Fastback,plan_ahorro,test_drive,Camila Lopez,58,no,si
L000129,2026-06-01,19:52:00,Valentina,Sanchez,+5491160418360,valentina.sanchez422@mail.com,Salta,Rosario,google_ads,CAMP002,Google Ads - Peugeot Partner - whatsapp,Ford,Partner,plan_ahorro,test_drive,Nicolas Ruiz,88,si,si
L000130,2025-10-22,22:44:00,Julieta,Sanchez,+5491136896327,julieta.sanchez455@mail.com,Neuquen,La Plata,meta_ads,CAMP033,Meta Ads - Volkswagen Nivus - trafico,Peugeot,Nivus,0km,perdido,Sofia Torres,100,no,si
L000131,2025-07-21,16:11:00,Lucia,Romero,+5491143355655,lucia.romero807@mail.com,Mendoza,Cordoba Centro,meta_ads,CAMP052,Meta Ads - Volkswagen Taos - whatsapp,Volkswagen,Taos,0km,nuevo,Sofia Torres,70,si,si
L000132,2024-11-30,22:30:00,Franco,Perez,+5491126560916,franco.perez794@mail.com,Neuquen,Mendoza Norte,google_ads,CAMP017,Google Ads - Chevrolet Onix - remarketing,Chevrolet,Onix,financiado,test_drive,Sofia Torres,49,si,si
L000133,2026-05-15,20:19:00,Mia,Fernandez,+5491137455026,mia.fernandez107@mail.com,Buenos Aires,Palermo,whatsapp_directo,,,Toyota,SW4,plan_ahorro,cotizado,Camila Lopez,53,si,si
L000134,2026-07-15,16:47:00,Benjamin,Rodriguez,+5491132095410,benjamin.rodriguez962@mail.com,Neuquen,Moron,whatsapp_directo,,,Chevrolet,Tracker,usado,perdido,Diego Acosta,62,no,si
L000135,2026-07-12,12:20:00,Camila,Martinez,+5491126473160,camila.martinez114@mail.com,Salta,La Plata,google_ads,CAMP030,Google Ads - Peugeot Partner - lead_form,Peugeot,208,0km,cotizado,Diego Acosta,36,no,si
L000136,2026-05-28,19:10:00,Martina,Alvarez,+5491124451065,martina.alvarez613@mail.com,Rio Negro,Rosario,meta_ads,CAMP033,Meta Ads - Volkswagen Nivus - trafico,Ford,Nivus,financiado,cotizado,Martina Silva,69,si,si
L000137,2024-08-12,17:32:00,Bruno,Ramirez,,bruno.ramirez998@mail.com,CABA,Moron,meta_ads,CAMP059,Meta Ads - Renault Alaskan - whatsapp,Renault,Alaskan,financiado,contactado,Nicolas Ruiz,20,no,si
L000138,2024-05-11,14:08:00,Mia,Torres,+5491156263152,mia.torres762@mail.com,Tucuman,Cordoba Centro,google_ads,CAMP012,Google Ads - Ford Territory - whatsapp,Ford,Territory,financiado,test_drive,Juan Perez,9,no,si
L000139,2025-11-16,11:33:00,Martina,Ruiz,+5491133593564,martina.ruiz120@mail.com,CABA,Cordoba Centro,google_ads,CAMP018,Google Ads - Toyota SW4 - trafico,Fiat,SW4,financiado,cotizado,Martina Silva,84,no,si
L000140,2026-06-20,12:49:00,Bruno,Fernandez,+5491157983793,bruno.fernandez169@mail.com,Mendoza,Palermo,google_ads,CAMP026,Google Ads - Peugeot Partner - lead_form,Toyota,Partner,usado,calificado,Camila Lopez,83,si,si
L000141,2026-07-13,12:03:00,Catalina,Acosta,+5491138930882,catalina.acosta650@mail.com,Salta,Mendoza Norte,meta_ads,CAMP057,Meta Ads - Toyota Hilux - lead_form,Toyota,Hilux,plan_ahorro,cotizado,Sofia Torres,21,si,si
L000142,2025-01-06,15:20:00,Franco,Benitez,+5491146080791,franco.benitez949@mail.com,Santa Fe,Mendoza Norte,meta_ads,CAMP049,Meta Ads - Fiat Cronos - trafico,Fiat,Toro,financiado,calificado,Camila Lopez,72,si,si
L000143,2025-10-22,22:12:00,Lucas,Diaz,+5491125847326,lucas.diaz883@mail.com,Rio Negro,Avellaneda,google_ads,CAMP022,Google Ads - Toyota Hilux - lead_form,Toyota,Hilux,usado,sin_respuesta,Martina Silva,51,no,si
L000144,2024-04-08,15:14:00,Lucia,Rodriguez,+5491129787005,lucia.rodriguez25@mail.com,Tucuman,Cordoba Centro,meta_ads,CAMP034,Meta Ads - Volkswagen Amarok - remarketing,Volkswagen,Amarok,0km,calificado,Martina Silva,12,no,si
L000145,2025-06-03,20:20:00,Franco,Garcia,+5491157822635,franco.garcia968@mail.com,Cordoba,Rosario,google_ads,CAMP043,Meta Ads - Chevrolet Onix - remarketing,Chevrolet,S10,financiado,calificado,Ana Perez,5,si,si
L000146,2024-06-10,14:09:00,Lucas,Fernandez,+5491162165532,lucas.fernandez681@mail.com,Mendoza,Moron,organico,,,Fiat,Pulse,usado,perdido,Juan Perez,54,si,si
L000147,2026-01-10,18:26:00,Emma,Romero,+5491144634536,emma.romero940@mail.com,Rio Negro,Palermo,google_ads,CAMP010,Google Ads - Renault Kangoo - whatsapp,Toyota,Kangoo,usado,calificado,Juan Perez,7,no,si
L000148,2024-02-22,13:49:00,Emma,Benitez,+5491136218316,tomas.torres432@mail.com,Rio Negro,Cordoba Centro,meta_ads,CAMP053,Meta Ads - Chevrolet Spin - lead_form,Chevrolet,S10,plan_ahorro,sin_respuesta,Nicolas Ruiz,59,si,no
L000149,2025-10-24,09:45:00,Catalina,Alvarez,+5491166743875,catalina.alvarez658@mail.com,Rio Negro,Mendoza Norte,meta_ads,CAMP031,Meta Ads - Volkswagen Polo - trafico,Renault,Polo,0km,calificado,Juan Perez,43,si,si
L000150,2026-03-18,08:32:00,Julieta,Martinez,+5491135827571,julieta.martinez617@mail.com,Rio Negro,Palermo,meta_ads,CAMP038,Meta Ads - Peugeot Expert - remarketing,Peugeot,Expert,plan_ahorro,contactado,Juan Perez,11,no,si
L000151,2026-06-17,20:36:00,Valentina,Gonzalez,+5491137338165,valentina.gonzalez926@mail.com,Mendoza,Palermo,meta_ads,CAMP054,Meta Ads - Chevrolet S10 - remarketing,Chevrolet,S10,financiado,calificado,Diego Acosta,56,no,si
L000152,2026-04-09,11:37:00,Catalina,Ramirez,+5491124244818,catalina.ramirez949@mail.com,Buenos Aires,Palermo,google_ads,CAMP003,Google Ads - Volkswagen Virtus - lead_form,Volkswagen,Polo,usado,sin_respuesta,Juan Perez,82,no,si
L000153,2026-03-26,08:05:00,Julieta,Martinez,+5491135904958,julieta.martinez114@mail.com,Cordoba,La Plata,whatsapp_directo,,,Volkswagen,Polo,0km,test_drive,Diego Acosta,53,si,no
L000154,2025-02-16,12:09:00,Camila,Ruiz,+5491128994325,camila.ruiz54@mail.com,Buenos Aires,Moron,meta_ads,CAMP009,Google Ads - Volkswagen Amarok - trafico,Volkswagen,Amarok,financiado,sin_respuesta,Camila Lopez,30,si,si
L000155,2025-05-27,14:44:00,Franco,Lopez,+5491125440089,franco.lopez565@mail.com,Salta,Cordoba Centro,meta_ads,CAMP038,Meta Ads - Peugeot Expert - remarketing,Peugeot,Expert,plan_ahorro,nuevo,Nicolas Ruiz,47,si,si
L000156,2026-08-06,12:21:00,Camila,Benitez,+5491169237717,camila.benitez289@mail.com,Entre Rios,Palermo,meta_ads,CAMP023,Google Ads - Fiat Pulse - remarketing,Fiat,Pulse,financiado,calificado,Lucas Gomez,93,si,si
L000157,2026-03-18,19:53:00,Lucas,Garcia,+5491163157145,lucas.garcia781@mail.com,Rio Negro,Moron,google_ads,CAMP008,Google Ads - Chevrolet Tracker - remarketing,Chevrolet,Tracker,plan_ahorro,contactado,Lucas Gomez,100,si,si
L000158,2024-02-20,11:11:00,Lucia,Gonzalez,+5491142512449,,Mendoza,Palermo,meta_ads,CAMP031,Meta Ads - Volkswagen Polo - trafico,Volkswagen,Polo,usado,contactado,Camila Lopez,80,si,si
L000159,2026-03-26,21:06:00,Bruno,Lopez,+5491138617412,bruno.lopez691@mail.com,Rio Negro,Mendoza Norte,google_ads,CAMP003,Google Ads - Volkswagen Virtus - lead_form,Peugeot,Virtus,financiado,nuevo,Camila Lopez,64,no,si
L000160,2025-01-26,21:23:00,Joaquin,Diaz,+5491142940277,joaquin.diaz511@mail.com,Santa Fe,La Plata,meta_ads,CAMP045,Meta Ads - Chevrolet S10 - lead_form,Toyota,S10,usado,cotizado,Juan Perez,27,si,si
L000161,2026-07-20,10:58:00,Lautaro,Martinez,+5491137160045,lautaro.martinez320@mail.com,Cordoba,La Plata,google_ads,CAMP055,Meta Ads - Toyota Corolla - trafico,Toyota,Hilux,plan_ahorro,contactado,Lucas Gomez,38,si,si
L000162,2026-08-04,12:47:00,Lucas,Alvarez,+5491168216791,lucas.alvarez826@mail.com,CABA,Avellaneda,google_ads,CAMP011,Google Ads - Peugeot 3008 - trafico,Toyota,3008,financiado,calificado,Ana Perez,66,no,si
L000163,2025-12-24,16:36:00,Julieta,Romero,+5491122357162,julieta.romero79@mail.com,Neuquen,Mendoza Norte,organico,,,Renault,Logan,financiado,contactado,Martina Silva,55,si,si
L000164,2025-09-15,11:07:00,Santiago,Torres,+5491168328519,santiago.torres939@mail.com,Salta,Palermo,google_ads,CAMP025,Google Ads - Ford Maverick - whatsapp,Ford,Maverick,plan_ahorro,cotizado,Sofia Torres,100,no,si
L000165,2024-12-01,08:15:00,Martina,Torres,,martina.torres280@mail.com,Tucuman,La Plata,google_ads,CAMP002,Google Ads - Peugeot Partner - whatsapp,Peugeot,Partner,usado,cotizado,Juan Perez,2,no,si
L000166,2025-01-05,11:28:00,Martina,Benitez,+5491127039524,martina.benitez997@mail.com,Cordoba,Cordoba Centro,meta_ads,CAMP043,Meta Ads - Chevrolet Onix - remarketing,Chevrolet,Spin,0km,sin_respuesta,Juan Perez,62,no,si
L000167,2025-07-25,09:23:00,Lautaro,Alvarez,+5491164076268,lautaro.alvarez218@mail.com,Mendoza,Moron,meta_ads,CAMP040,Meta Ads - Volkswagen Virtus - remarketing,Volkswagen,Virtus,0km,nuevo,Camila Lopez,39,si,si
L000168,2025-10-18,08:02:00,Catalina,Sanchez,+5491145886865,catalina.sanchez865@mail.com,Entre Rios,La Plata,meta_ads,CAMP045,Meta Ads - Chevrolet S10 - lead_form,Chevrolet,S10,plan_ahorro,perdido,Lucas Gomez,71,no,si
L000169,2026-02-26,15:52:00,Emma,Benitez,+5491126441623,emma.benitez602@mail.com,Cordoba,Rosario,google_ads,CAMP009,Google Ads - Volkswagen Amarok - trafico,Volkswagen,Amarok,usado,cotizado,Ana Perez,88,no,si
L000170,2024-12-21,20:12:00,Martina,Ruiz,+5491141249585,martina.ruiz881@mail.com,CABA,Palermo,meta_ads,CAMP060,Meta Ads - Volkswagen Amarok - whatsapp,Renault,Amarok,usado,calificado,Martina Silva,22,si,si
L000171,2024-07-01,09:37:00,Mia,Garcia,+5491161345318,mia.garcia997@mail.com,Mendoza,Rosario,google_ads,CAMP026,Google Ads - Peugeot Partner - lead_form,Peugeot,Partner,0km,calificado,Ana Perez,24,si,si
L000172,2026-01-09,22:49:00,Julieta,Diaz,+5491160016850,julieta.diaz894@mail.com,Salta,Palermo,google_ads,CAMP013,Google Ads - Renault Logan - lead_form,Peugeot,Logan,usado,cotizado,Lucas Gomez,45,si,si
L000173,2024-06-22,18:41:00,Franco,Fernandez,+5491166986671,franco.fernandez803@mail.com,Cordoba,Moron,google_ads,CAMP011,Google Ads - Peugeot 3008 - trafico,Ford,3008,financiado,calificado,Nicolas Ruiz,55,si,no
L000174,2024-04-19,18:05:00,Camila,Martinez,+5491141966084,camila.martinez142@mail.com,Salta,Rosario,meta_ads,CAMP034,Meta Ads - Volkswagen Amarok - remarketing,Volkswagen,Amarok,0km,calificado,Martina Silva,32,si,si
L000175,2025-06-22,19:49:00,Mateo,Martinez,+5491161280511,santiago.romero879@mail.com,Neuquen,Moron,meta_ads,CAMP034,Meta Ads - Volkswagen Amarok - remarketing,Chevrolet,Amarok,usado,nuevo,Lucas Gomez,8,si,si
L000176,2025-10-16,09:38:00,Valentina,Alvarez,+5491167236282,valentina.alvarez53@mail.com,Rio Negro,Palermo,google_ads,CAMP052,Meta Ads - Volkswagen Taos - whatsapp,Volkswagen,Taos,plan_ahorro,nuevo,Ana Perez,66,no,si
L000177,2026-09-21,13:03:00,Santiago,Diaz,+5491127199273,santiago.diaz170@mail.com,Buenos Aires,Palermo,google_ads,CAMP006,Google Ads - Toyota Corolla - whatsapp,Toyota,Yaris,usado,perdido,Juan Perez,100,no,si
L000178,2024-07-05,17:37:00,Bruno,Rodriguez,+5491159528887,bruno.rodriguez497@mail.com,Buenos Aires,Moron,meta_ads,CAMP034,Meta Ads - Volkswagen Amarok - remarketing,Volkswagen,Virtus,usado,contactado,Juan Perez,14,si,si
L000179,2024-04-23,17:22:00,Catalina,Lopez,+5491153206658,catalina.lopez326@mail.com,Salta,Avellaneda,google_ads,CAMP024,Google Ads - Peugeot Partner - whatsapp,Peugeot,Partner,plan_ahorro,test_drive,Nicolas Ruiz,44,si,si
L000180,2024-12-09,19:42:00,Mia,Rodriguez,+5491143754036,mia.rodriguez188@mail.com,Mendoza,La Plata,google_ads,CAMP030,Google Ads - Peugeot Partner - lead_form,Fiat,Pulse,plan_ahorro,perdido,Ana Perez,100,si,si
L000181,2024-07-16,16:21:00,Agustin,Romero,+5491122355043,agustin.romero646@mail.com,Salta,Cordoba Centro,meta_ads,CAMP036,Meta Ads - Ford Territory - whatsapp,Ford,Territory,0km,sin_respuesta,Lucas Gomez,70,no,si
L000182,2024-03-27,10:58:00,Lautaro,Alvarez,+5491151699346,lautaro.alvarez437@mail.com,Rio Negro,Palermo,meta_ads,CAMP031,Meta Ads - Volkswagen Polo - trafico,Volkswagen,Polo,0km,sin_respuesta,Camila Lopez,14,si,si
L000183,2026-02-18,16:04:00,Benjamin,Alvarez,+5491135705103,benjamin.alvarez576@mail.com,Tucuman,Cordoba Centro,meta_ads,CAMP050,Meta Ads - Chevrolet Tracker - lead_form,Chevrolet,Tracker,financiado,calificado,Ana Perez,2,no,si
L000184,2026-05-22,19:29:00,Florencia,Gonzalez,+5491124167238,florencia.gonzalez842@mail.com,Tucuman,Moron,meta_ads,CAMP042,Meta Ads - Volkswagen Virtus - remarketing,Volkswagen,Amarok,0km,calificado,Juan Perez,39,si,si
L000185,2024-11-09,20:13:00,Tomas,Ramirez,+5491160411094,tomas.ramirez173@mail.com,Entre Rios,Moron,meta_ads,CAMP060,Meta Ads - Volkswagen Amarok - whatsapp,Volkswagen,Amarok,0km,calificado,Lucas Gomez,92,si,si
L000186,2024-08-26,19:54:00,Lucia,Fernandez,+5491141397521,lucia.fernandez938@mail.com,Entre Rios,Avellaneda,meta_ads,CAMP060,Meta Ads - Volkswagen Amarok - whatsapp,Volkswagen,Nivus,financiado,contactado,Juan Perez,61,no,si
L000187,2025-06-30,11:52:00,Martina,Ruiz,+5491121565452,martina.ruiz60@mail.com,Rio Negro,Cordoba Centro,google_ads,CAMP024,Google Ads - Peugeot Partner - whatsapp,Peugeot,3008,financiado,nuevo,Lucas Gomez,70,no,si
L000188,2025-04-17,22:49:00,Bruno,Garcia,+5491158360996,bruno.garcia875@mail.com,Rio Negro,La Plata,meta_ads,CAMP051,Meta Ads - Renault Logan - whatsapp,Renault,Logan,usado,contactado,Diego Acosta,71,no,si
L000189,2024-02-23,14:45:00,Julieta,Garcia,+5491162506450,julieta.garcia340@mail.com,Neuquen,Rosario,organico,,,Renault,Logan,financiado,nuevo,Ana Perez,43,si,si
L000190,2024-01-27,15:42:00,Sofia,Acosta,+5491133261368,sofia.acosta472@mail.com,CABA,Moron,meta_ads,CAMP037,Meta Ads - Peugeot Expert - trafico,Volkswagen,Taos,0km,cotizado,Ana Perez,23,no,si
L000191,2026-09-18,20:14:00,Lautaro,Martinez,+5491132807112,lautaro.martinez968@mail.com,CABA,Cordoba Centro,google_ads,CAMP027,Google Ads - Chevrolet Tracker - whatsapp,Chevrolet,Cruze,0km,calificado,Diego Acosta,29,si,si
L000192,2025-11-22,19:49:00,Franco,Ramirez,+5491138939426,franco.ramirez459@mail.com,Tucuman,Palermo,google_ads,CAMP008,Google Ads - Chevrolet Tracker - remarketing,Chevrolet,Tracker,usado,nuevo,Nicolas Ruiz,11,si,si
L000193,2026-02-11,13:47:00,Martina,Alvarez,+5491145389832,martina.alvarez367@mail.com,CABA,Palermo,google_ads,CAMP059,Meta Ads - Renault Alaskan - whatsapp,Ford,Kuga,financiado,nuevo,Sofia Torres,72,si,si
L000194,2025-03-22,20:09:00,Lucas,Rodriguez,+5491129694452,lucas.rodriguez735@mail.com,Neuquen,Mendoza Norte,organico,,,Renault,Kangoo,usado,sin_respuesta,Ana Perez,62,no,si
L000195,2025-01-08,10:23:00,Lautaro,Lopez,+5491168990346,lautaro.lopez775@mail.com,CABA,Mendoza Norte,whatsapp_directo,,,Fiat,Expert,0km,calificado,Camila Lopez,77,no,si
L000196,2026-08-18,09:00:00,Tomas,Martinez,+5491164215762,tomas.martinez216@mail.com,Salta,Palermo,google_ads,CAMP022,Google Ads - Toyota Hilux - lead_form,Fiat,Fastback,financiado,nuevo,Nicolas Ruiz,11,si,si
L000197,2024-03-13,16:32:00,Benjamin,Ramirez,+5491148540863,benjamin.ramirez737@mail.com,Buenos Aires,Cordoba Centro,organico,,,Toyota,Partner,usado,nuevo,Juan Perez,49,si,si
L000198,2025-12-20,12:36:00,Emma,Torres,+5491166232077,emma.torres57@mail.com,Santa Fe,Cordoba Centro,meta_ads,CAMP042,Meta Ads - Volkswagen Virtus - remarketing,Volkswagen,Virtus,0km,perdido,Juan Perez,69,si,si
L000199,2025-03-05,12:03:00,Catalina,Perez,+5491138100430,catalina.perez954@mail.com,Cordoba,Cordoba Centro,meta_ads,CAMP058,Meta Ads - Toyota Corolla Cross - lead_form,Toyota,Corolla Cross,plan_ahorro,cotizado,Diego Acosta,76,si,si
L000200,2025-04-08,08:53:00,Julieta,Ruiz,+5491168839462,julieta.ruiz699@mail.com,Santa Fe,Mendoza Norte,google_ads,CAMP030,Google Ads - Peugeot Partner - lead_form,Peugeot,Partner,0km,contactado,Camila Lopez,98,si,si
L000201,2025-04-23,10:25:00,Agustin,Torres,+5491139452585,agustin.torres239@mail.com,Entre Rios,Cordoba Centro,google_ads,CAMP001,Google Ads - Peugeot 208 - lead_form,Volkswagen,208,usado,calificado,Juan Perez,83,si,si
L000202,2026-07-31,18:24:00,Florencia,Sanchez,+5491140823452,florencia.sanchez836@mail.com,CABA,Palermo,meta_ads,CAMP037,Meta Ads - Peugeot Expert - trafico,Peugeot,Expert,usado,calificado,Lucas Gomez,3,no,si
L000203,2024-07-21,13:08:00,Joaquin,Benitez,+5491127128243,joaquin.benitez559@mail.com,Cordoba,Mendoza Norte,google_ads,CAMP024,Google Ads - Peugeot Partner - whatsapp,Peugeot,Partner,financiado,sin_respuesta,Lucas Gomez,89,si,si
L000204,2025-02-23,18:45:00,Emma,Ramirez,+5491144573640,emma.ramirez555@mail.com,Entre Rios,Palermo,google_ads,CAMP017,Google Ads - Chevrolet Onix - remarketing,Chevrolet,Cruze,0km,contactado,Nicolas Ruiz,57,no,si
L000205,2024-07-17,17:35:00,Mia,Fernandez,+5491130709637,mia.fernandez844@mail.com,Rio Negro,La Plata,google_ads,CAMP029,Google Ads - Ford Bronco Sport - whatsapp,Ford,Bronco Sport,plan_ahorro,nuevo,Lucas Gomez,42,no,si
L000206,2026-06-30,14:33:00,Camila,Fernandez,+5491166672740,camila.fernandez637@mail.com,Santa Fe,Mendoza Norte,meta_ads,CAMP056,Meta Ads - Renault Logan - whatsapp,Peugeot,Logan,0km,nuevo,Martina Silva,65,si,si
L000207,2025-05-12,11:26:00,Mateo,Fernandez,+5491134452501,mateo.fernandez970@mail.com,Neuquen,Cordoba Centro,meta_ads,CAMP028,Google Ads - Volkswagen Amarok - remarketing,Volkswagen,Amarok,plan_ahorro,contactado,Sofia Torres,78,si,si
L000208,2025-03-12,22:36:00,Mia,Perez,+5491131355501,mia.perez981@mail.com,Tucuman,Mendoza Norte,google_ads,CAMP014,Google Ads - Toyota Corolla Cross - lead_form,Toyota,Corolla Cross,plan_ahorro,contactado,Sofia Torres,73,no,si
L000209,2024-06-10,15:07:00,Tomas,Fernandez,+5491169060960,,Rio Negro,Palermo,meta_ads,CAMP031,Meta Ads - Volkswagen Polo - trafico,Peugeot,Polo,financiado,perdido,Sofia Torres,35,no,si
L000210,2024-07-11,17:43:00,Sofia,Romero,+5491153086667,sofia.romero42@mail.com,Tucuman,Moron,meta_ads,CAMP036,Meta Ads - Ford Territory - whatsapp,Ford,Territory,plan_ahorro,sin_respuesta,Juan Perez,15,si,si
L000211,2024-08-25,11:39:00,Valentina,Rodriguez,+5491145544431,valentina.rodriguez811@mail.com,Entre Rios,La Plata,google_ads,CAMP029,Google Ads - Ford Bronco Sport - whatsapp,Toyota,Bronco Sport,financiado,cotizado,Camila Lopez,89,no,no
L000212,2024-05-10,17:03:00,Camila,Lopez,+5491156975811,camila.lopez492@mail.com,Tucuman,Cordoba Centro,google_ads,CAMP013,Google Ads - Renault Logan - lead_form,Chevrolet,Logan,plan_ahorro,test_drive,Lucas Gomez,75,no,si
L000213,2025-03-03,19:01:00,Mateo,Gonzalez,+5491135591066,mateo.gonzalez743@mail.com,Neuquen,Palermo,google_ads,CAMP018,Google Ads - Toyota SW4 - trafico,Peugeot,208,financiado,contactado,Nicolas Ruiz,70,no,si
L000214,2024-03-15,16:23:00,Camila,Benitez,+5491120302590,camila.benitez953@mail.com,CABA,Cordoba Centro,meta_ads,CAMP033,Meta Ads - Volkswagen Nivus - trafico,Volkswagen,Nivus,usado,cotizado,Martina Silva,51,si,si
L000215,2024-02-17,10:52:00,Florencia,Torres,+5491161259418,florencia.torres21@mail.com,Mendoza,Palermo,google_ads,CAMP020,Google Ads - Chevrolet Tracker - lead_form,Chevrolet,Tracker,0km,test_drive,Lucas Gomez,59,no,si
L000216,2025-08-29,15:01:00,Catalina,Lopez,+5491139362261,catalina.lopez96@mail.com,Buenos Aires,Mendoza Norte,google_ads,CAMP019,Google Ads - Renault Alaskan - trafico,Renault,Alaskan,plan_ahorro,nuevo,Nicolas Ruiz,25,no,si
L000217,2025-11-08,19:57:00,Florencia,Lopez,+5491130340618,florencia.lopez844@mail.com,Buenos Aires,Rosario,google_ads,CAMP009,Google Ads - Volkswagen Amarok - trafico,Volkswagen,Virtus,financiado,contactado,Sofia Torres,84,si,si
L000218,2024-09-15,14:02:00,Sofia,Romero,,sofia.romero172@mail.com,Santa Fe,Moron,meta_ads,CAMP032,Meta Ads - Fiat Pulse - lead_form,Fiat,Pulse,financiado,sin_respuesta,Juan Perez,18,no,si
L000219,2024-10-19,11:14:00,Julieta,Diaz,+5491152135779,julieta.diaz153@mail.com,Mendoza,Rosario,google_ads,CAMP010,Google Ads - Renault Kangoo - whatsapp,Volkswagen,Virtus,usado,calificado,Martina Silva,81,no,si
L000220,2026-08-04,18:56:00,Lucas,Martinez,+5491164192627,lucas.martinez457@mail.com,Tucuman,Cordoba Centro,meta_ads,CAMP057,Meta Ads - Toyota Hilux - lead_form,Toyota,Hilux,usado,contactado,Sofia Torres,88,no,si
L000221,2026-04-19,19:36:00,Franco,Fernandez,+5491169045877,franco.fernandez812@mail.com,Cordoba,Moron,google_ads,CAMP005,Google Ads - Chevrolet Cruze - lead_form,Chevrolet,Cruze,usado,calificado,Sofia Torres,15,si,si
L000222,2024-12-30,15:49:00,Lucas,Sanchez,+5491129996114,lucas.sanchez32@mail.com,Mendoza,Cordoba Centro,google_ads,CAMP015,Google Ads - Ford Maverick - trafico,Fiat,Maverick,0km,perdido,Ana Perez,78,si,si
L000223,2025-03-29,12:18:00,Mateo,Romero,+5491143456738,mateo.romero352@mail.com,Mendoza,Rosario,google_ads,CAMP027,Google Ads - Chevrolet Tracker - whatsapp,Chevrolet,Tracker,plan_ahorro,contactado,Martina Silva,77,no,si
L000224,2024-05-30,13:23:00,Camila,Perez,+5491137027754,camila.perez546@mail.com,Rio Negro,Rosario,meta_ads,CAMP032,Meta Ads - Fiat Pulse - lead_form,Fiat,Pulse,usado,contactado,Juan Perez,70,no,si
L000225,2024-07-19,13:24:00,Agustin,Torres,+5491134467578,agustin.torres117@mail.com,Entre Rios,La Plata,organico,,,Toyota,Cruze,financiado,nuevo,Diego Acosta,57,si,si
L000226,2026-04-20,14:10:00,Mateo,Sanchez,+5491135434604,mateo.sanchez809@mail.com,Tucuman,Moron,google_ads,CAMP007,Google Ads - Volkswagen Nivus - lead_form,Toyota,Nivus,0km,sin_respuesta,Lucas Gomez,27,no,si
L000227,2024-04-25,18:08:00,Tomas,Fernandez,+5491160694337,martina.acosta808@mail.com,CABA,Rosario,google_ads,CAMP020,Google Ads - Chevrolet Tracker - lead_form,Toyota,Hilux,usado,contactado,Martina Silva,5,si,no
L000228,2024-08-21,14:14:00,Julieta,Rodriguez,+5491146629477,julieta.rodriguez552@mail.com,CABA,Mendoza Norte,whatsapp_directo,,,Chevrolet,Tracker,financiado,calificado,Ana Perez,80,no,si
L000229,2026-09-11,17:36:00,Florencia,Acosta,+5491140987924,florencia.acosta978@mail.com,Tucuman,Cordoba Centro,meta_ads,CAMP035,Meta Ads - Peugeot 3008 - whatsapp,Peugeot,Expert,0km,calificado,Lucas Gomez,3,si,si
L000230,2024-11-08,15:23:00,Benjamin,Torres,+5491120954336,benjamin.torres836@mail.com,Santa Fe,Avellaneda,meta_ads,CAMP034,Meta Ads - Volkswagen Amarok - remarketing,Volkswagen,Amarok,financiado,cotizado,Sofia Torres,65,no,si
L000231,2025-11-07,20:12:00,Mateo,Sanchez,+5491168703201,mateo.sanchez961@mail.com,Santa Fe,Avellaneda,organico,,,Fiat,Fastback,usado,test_drive,Camila Lopez,78,si,si
L000232,2025-07-25,21:44:00,Martina,Fernandez,,martina.fernandez96@mail.com,Mendoza,La Plata,meta_ads,CAMP043,Meta Ads - Chevrolet Onix - remarketing,Chevrolet,Onix,plan_ahorro,sin_respuesta,Martina Silva,25,no,si
L000233,2026-08-15,08:12:00,Julieta,Gonzalez,+5491123474982,julieta.gonzalez540@mail.com,Cordoba,Avellaneda,meta_ads,CAMP060,Meta Ads - Volkswagen Amarok - whatsapp,Volkswagen,Amarok,financiado,nuevo,Ana Perez,96,si,si
L000234,2026-03-01,11:07:00,Bruno,Fernandez,+5491133502987,bruno.fernandez711@mail.com,CABA,Moron,meta_ads,CAMP033,Meta Ads - Volkswagen Nivus - trafico,Ford,Territory,usado,sin_respuesta,Nicolas Ruiz,13,si,si
L000235,2024-11-14,20:05:00,Franco,Martinez,+5491135984598,franco.martinez756@mail.com,CABA,Rosario,google_ads,CAMP001,Google Ads - Peugeot 208 - lead_form,Peugeot,208,financiado,calificado,Martina Silva,96,si,si
L000236,2024-03-11,21:47:00,Valentina,Lopez,,valentina.lopez776@mail.com,Entre Rios,La Plata,google_ads,CAMP011,Google Ads - Peugeot 3008 - trafico,Peugeot,208,plan_ahorro,nuevo,Juan Perez,87,si,si
L000237,2025-10-17,21:15:00,Lautaro,Acosta,+5491165162837,lautaro.acosta416@mail.com,Buenos Aires,Palermo,meta_ads,CAMP044,Meta Ads - Fiat Fastback - remarketing,Fiat,Fastback,0km,perdido,Sofia Torres,43,si,si
L000238,2026-05-28,15:05:00,Lucas,Martinez,+5491134409016,lucas.martinez393@mail.com,Mendoza,Mendoza Norte,meta_ads,CAMP047,Meta Ads - Renault Logan - lead_form,Peugeot,Logan,financiado,contactado,Martina Silva,83,no,si
L000239,2026-04-10,12:52:00,Lucas,Acosta,+5491144993819,lucas.acosta41@mail.com,Mendoza,Cordoba Centro,google_ads,CAMP025,Google Ads - Ford Maverick - whatsapp,Ford,Maverick,usado,cotizado,Lucas Gomez,64,no,si
L000240,2026-05-21,19:50:00,Mateo,Ruiz,+5491125483744,mateo.ruiz447@mail.com,Neuquen,Avellaneda,meta_ads,CAMP057,Meta Ads - Toyota Hilux - lead_form,Toyota,Hilux,0km,test_drive,Juan Perez,26,no,si
L000241,2026-06-27,15:52:00,Catalina,Romero,+5491155610634,catalina.romero247@mail.com,CABA,Palermo,meta_ads,CAMP054,Meta Ads - Chevrolet S10 - remarketing,Chevrolet,S10,usado,calificado,Lucas Gomez,1,si,si
L000242,2025-03-28,16:27:00,Benjamin,Sanchez,+5491165471381,benjamin.sanchez875@mail.com,Cordoba,Avellaneda,organico,,,Chevrolet,Spin,plan_ahorro,perdido,Martina Silva,85,si,si
L000243,2026-07-19,11:57:00,Mateo,Gonzalez,+5491128161266,mateo.gonzalez265@mail.com,CABA,Moron,meta_ads,CAMP019,Google Ads - Renault Alaskan - trafico,Volkswagen,Alaskan,financiado,cotizado,Camila Lopez,44,no,si
L000244,2026-01-15,09:01:00,Lucas,Alvarez,+5491128339328,lucas.alvarez498@mail.com,Salta,Moron,google_ads,CAMP001,Google Ads - Peugeot 208 - lead_form,Toyota,208,usado,contactado,Nicolas Ruiz,90,si,si
L000245,2025-03-21,19:35:00,Julieta,Gonzalez,+5491130066915,julieta.gonzalez846@mail.com,Rio Negro,Moron,google_ads,CAMP007,Google Ads - Volkswagen Nivus - lead_form,Volkswagen,Nivus,plan_ahorro,perdido,Lucas Gomez,81,si,si
L000246,2025-03-10,14:58:00,Martina,Martinez,+5491138812642,martina.martinez504@mail.com,Salta,Moron,meta_ads,CAMP057,Meta Ads - Toyota Hilux - lead_form,Toyota,Corolla Cross,financiado,sin_respuesta,Camila Lopez,55,no,si
L000247,2024-06-10,19:19:00,Valentina,Garcia,+5491156919102,valentina.garcia977@mail.com,Neuquen,Cordoba Centro,whatsapp_directo,,,Ford,Expert,plan_ahorro,contactado,Martina Silva,43,no,si
L000248,2025-01-23,14:32:00,Lautaro,Garcia,+5491122740483,lautaro.garcia49@mail.com,Santa Fe,Moron,google_ads,CAMP030,Google Ads - Peugeot Partner - lead_form,Peugeot,Partner,usado,nuevo,Lucas Gomez,31,no,si
L000249,2024-06-26,08:21:00,Emma,Sanchez,+5491141009880,emma.sanchez163@mail.com,Rio Negro,Avellaneda,google_ads,CAMP017,Google Ads - Chevrolet Onix - remarketing,Toyota,Corolla Cross,financiado,nuevo,Juan Perez,59,si,si
L000250,2026-05-20,15:36:00,Benjamin,Rodriguez,+5491138016577,benjamin.rodriguez196@mail.com,CABA,Rosario,whatsapp_directo,,,Volkswagen,Polo,0km,contactado,Lucas Gomez,17,si,si
L000251,2024-07-18,22:51:00,Lucia,Rodriguez,+5491158253569,lucia.rodriguez627@mail.com,Neuquen,Mendoza Norte,meta_ads,CAMP057,Meta Ads - Toyota Hilux - lead_form,Toyota,Hilux,usado,contactado,Juan Perez,16,si,si
L000252,2024-03-13,12:45:00,Tomas,Rodriguez,+5491148983682,tomas.rodriguez399@mail.com,Neuquen,Avellaneda,google_ads,CAMP013,Google Ads - Renault Logan - lead_form,Renault,Logan,0km,calificado,Camila Lopez,42,si,si
L000253,2024-05-15,09:50:00,Mia,Perez,+5491152378500,mia.perez39@mail.com,Mendoza,Palermo,google_ads,CAMP006,Google Ads - Toyota Corolla - whatsapp,Ford,Maverick,plan_ahorro,contactado,Martina Silva,31,no,si
L000254,2026-02-07,17:13:00,Santiago,Torres,+5491138192453,santiago.torres935@mail.com,Tucuman,Rosario,meta_ads,CAMP052,Meta Ads - Volkswagen Taos - whatsapp,Volkswagen,Polo,financiado,contactado,Camila Lopez,31,si,si
L000255,2024-04-29,11:31:00,Benjamin,Perez,+5491148868014,benjamin.perez48@mail.com,Neuquen,Palermo,meta_ads,CAMP042,Meta Ads - Volkswagen Virtus - remarketing,Volkswagen,Taos,usado,sin_respuesta,Ana Perez,81,no,si
L000256,2025-04-26,15:27:00,Catalina,Rodriguez,+5491136236087,catalina.rodriguez93@mail.com,CABA,La Plata,google_ads,CAMP016,Google Ads - Renault Kangoo - remarketing,Renault,Kangoo,0km,calificado,Sofia Torres,50,no,si
L000257,2024-12-09,19:38:00,Mateo,Romero,+5491158499119,mateo.romero193@mail.com,Buenos Aires,Rosario,google_ads,CAMP022,Google Ads - Toyota Hilux - lead_form,Toyota,Hilux,financiado,sin_respuesta,Lucas Gomez,47,si,si
L000258,2025-03-25,22:21:00,Lucas,Ramirez,+5491164022331,lucas.ramirez178@mail.com,Rio Negro,Moron,meta_ads,CAMP036,Meta Ads - Ford Territory - whatsapp,Ford,Territory,0km,nuevo,Sofia Torres,93,no,no
L000259,2024-02-14,17:41:00,Julieta,Ruiz,+5491121680117,julieta.ruiz238@mail.com,Buenos Aires,Rosario,meta_ads,CAMP055,Meta Ads - Toyota Corolla - trafico,Toyota,Corolla,financiado,calificado,Lucas Gomez,54,si,si
L000260,2026-07-08,11:11:00,Lucia,Torres,+5491131581069,lucia.torres547@mail.com,Neuquen,Moron,meta_ads,CAMP060,Meta Ads - Volkswagen Amarok - whatsapp,Volkswagen,Amarok,plan_ahorro,nuevo,Sofia Torres,48,si,si
L000261,2026-09-23,13:26:00,Sofia,Ramirez,+5491157015640,sofia.ramirez117@mail.com,Rio Negro,Moron,google_ads,CAMP038,Meta Ads - Peugeot Expert - remarketing,Peugeot,Partner,0km,contactado,Juan Perez,89,no,si
L000262,2025-10-31,09:08:00,Santiago,Ramirez,+5491121101648,santiago.ramirez686@mail.com,Tucuman,La Plata,google_ads,CAMP029,Google Ads - Ford Bronco Sport - whatsapp,Ford,Bronco Sport,0km,test_drive,Camila Lopez,4,si,si
L000263,2026-01-09,13:38:00,Catalina,Acosta,+5491124491534,catalina.acosta320@mail.com,Neuquen,Mendoza Norte,whatsapp_directo,,,Volkswagen,Amarok,plan_ahorro,calificado,Ana Perez,3,si,si
L000264,2025-11-26,12:44:00,Lautaro,Ramirez,+5491140362862,lautaro.ramirez816@mail.com,Salta,La Plata,google_ads,CAMP008,Google Ads - Chevrolet Tracker - remarketing,Chevrolet,Tracker,0km,cotizado,Lucas Gomez,52,no,si
L000265,2024-11-13,20:51:00,Julieta,Alvarez,+5491124311729,julieta.alvarez145@mail.com,Cordoba,Cordoba Centro,google_ads,CAMP010,Google Ads - Renault Kangoo - whatsapp,Renault,Kangoo,0km,perdido,Martina Silva,49,si,si
L000266,2026-06-04,22:07:00,Lucia,Benitez,+5491139260668,lucia.benitez394@mail.com,Santa Fe,La Plata,meta_ads,CAMP053,Meta Ads - Chevrolet Spin - lead_form,Chevrolet,Spin,0km,cotizado,Sofia Torres,100,si,si
L000267,2026-01-21,21:08:00,Valentina,Rodriguez,+5491162807388,valentina.rodriguez665@mail.com,Entre Rios,Palermo,google_ads,CAMP018,Google Ads - Toyota SW4 - trafico,Toyota,SW4,financiado,nuevo,Lucas Gomez,35,si,si
L000268,2026-09-20,14:40:00,Emma,Diaz,+5491124529117,emma.diaz598@mail.com,Santa Fe,Palermo,meta_ads,CAMP007,Google Ads - Volkswagen Nivus - lead_form,Volkswagen,Nivus,usado,sin_respuesta,Sofia Torres,75,no,si
L000269,2025-06-08,16:21:00,Florencia,Torres,+5491128591228,florencia.torres112@mail.com,Cordoba,Avellaneda,google_ads,CAMP030,Google Ads - Peugeot Partner - lead_form,Peugeot,Partner,usado,sin_respuesta,Nicolas Ruiz,16,si,si
L000270,2026-05-18,21:00:00,Lucia,Benitez,+5491159058854,lucia.benitez709@mail.com,Mendoza,Mendoza Norte,google_ads,CAMP012,Google Ads - Ford Territory - whatsapp,Ford,Territory,usado,calificado,Lucas Gomez,91,si,si
L000271,2024-02-06,13:53:00,Joaquin,Diaz,+5491136407911,joaquin.diaz776@mail.com,Buenos Aires,Avellaneda,organico,,,Chevrolet,Onix,usado,test_drive,Juan Perez,90,no,si
L000272,2025-03-24,08:56:00,Franco,Acosta,+5491147820520,franco.acosta854@mail.com,CABA,Cordoba Centro,google_ads,CAMP001,Google Ads - Peugeot 208 - lead_form,Peugeot,Partner,usado,contactado,Ana Perez,97,si,si
L000273,2025-05-12,09:07:00,Catalina,Perez,+5491129916774,catalina.perez769@mail.com,Neuquen,Avellaneda,google_ads,CAMP057,Meta Ads - Toyota Hilux - lead_form,Toyota,SW4,0km,cotizado,Lucas Gomez,100,no,si
L000274,2026-08-17,15:31:00,Martina,Acosta,+5491144615132,martina.acosta641@mail.com,Cordoba,Palermo,google_ads,CAMP003,Google Ads - Volkswagen Virtus - lead_form,Volkswagen,Nivus,0km,cotizado,Camila Lopez,54,no,si
L000275,2024-12-08,15:05:00,Tomas,Gonzalez,+5491123367267,tomas.gonzalez818@mail.com,Neuquen,Palermo,meta_ads,CAMP043,Meta Ads - Chevrolet Onix - remarketing,Chevrolet,Tracker,financiado,nuevo,Martina Silva,59,no,si
L000276,2025-09-17,21:04:00,Benjamin,Fernandez,+5491166882249,benjamin.fernandez643@mail.com,Salta,La Plata,meta_ads,CAMP044,Meta Ads - Fiat Fastback - remarketing,Ford,Fastback,0km,cotizado,Sofia Torres,100,si,si
L000277,2025-06-03,10:57:00,Camila,Rodriguez,+5491121672505,camila.rodriguez901@mail.com,Entre Rios,Moron,meta_ads,CAMP008,Google Ads - Chevrolet Tracker - remarketing,Chevrolet,Tracker,financiado,contactado,Juan Perez,52,si,si
L000278,2026-03-05,08:59:00,Lautaro,Rodriguez,+5491123318682,lautaro.rodriguez96@mail.com,Rio Negro,Avellaneda,meta_ads,CAMP027,Google Ads - Chevrolet Tracker - whatsapp,Chevrolet,Tracker,financiado,perdido,Camila Lopez,52,no,si
L000279,2026-04-01,09:41:00,Joaquin,Torres,+5491152382232,joaquin.torres170@mail.com,Santa Fe,Cordoba Centro,meta_ads,CAMP058,Meta Ads - Toyota Corolla Cross - lead_form,Toyota,Corolla Cross,financiado,cotizado,Diego Acosta,10,no,si
L000280,2025-11-25,19:01:00,Mia,Martinez,+5491152551324,mia.martinez175@mail.com,Neuquen,Avellaneda,meta_ads,CAMP032,Meta Ads - Fiat Pulse - lead_form,Peugeot,2008,plan_ahorro,contactado,Nicolas Ruiz,16,si,si
L000281,2025-01-03,19:52:00,Florencia,Lopez,+5491131721406,florencia.lopez640@mail.com,Mendoza,Cordoba Centro,meta_ads,CAMP045,Meta Ads - Chevrolet S10 - lead_form,Chevrolet,Onix,financiado,perdido,Lucas Gomez,28,si,si
L000282,2026-06-22,10:03:00,Lautaro,Acosta,+5491166155841,lautaro.acosta88@mail.com,Mendoza,Rosario,google_ads,CAMP013,Google Ads - Renault Logan - lead_form,Renault,Logan,plan_ahorro,nuevo,Nicolas Ruiz,66,no,si
L000283,2026-07-23,17:26:00,Lucia,Torres,+5491136768206,lucia.torres334@mail.com,Neuquen,Avellaneda,google_ads,CAMP039,Meta Ads - Chevrolet Cruze - trafico,Volkswagen,Cruze,usado,test_drive,Ana Perez,2,si,si
L000284,2025-02-04,21:45:00,Mia,Rodriguez,+5491154771179,mia.rodriguez72@mail.com,CABA,Rosario,google_ads,CAMP015,Google Ads - Ford Maverick - trafico,Ford,Maverick,financiado,contactado,Juan Perez,70,si,si
L000285,2025-06-23,13:28:00,Lucia,Ruiz,+5491137734777,lucia.ruiz924@mail.com,Tucuman,Avellaneda,google_ads,CAMP028,Google Ads - Volkswagen Amarok - remarketing,Volkswagen,Amarok,0km,perdido,Ana Perez,6,si,no
L000286,2025-03-14,17:04:00,Sofia,Benitez,+5491141414496,sofia.benitez456@mail.com,Cordoba,Moron,meta_ads,CAMP056,Meta Ads - Renault Logan - whatsapp,Chevrolet,S10,plan_ahorro,sin_respuesta,Martina Silva,80,si,si
L000287,2024-07-26,19:56:00,Tomas,Romero,+5491150297507,tomas.romero258@mail.com,Tucuman,Cordoba Centro,google_ads,CAMP023,Google Ads - Fiat Pulse - remarketing,Renault,Pulse,financiado,nuevo,Camila Lopez,68,no,si
L000288,2024-06-24,12:01:00,Tomas,Torres,+5491131356280,tomas.torres893@mail.com,Cordoba,Avellaneda,meta_ads,CAMP053,Meta Ads - Chevrolet Spin - lead_form,Chevrolet,Spin,0km,calificado,Lucas Gomez,18,si,si
L000289,2025-08-17,17:19:00,Martina,Torres,+5491122431809,martina.torres110@mail.com,Buenos Aires,Moron,meta_ads,CAMP048,Meta Ads - Ford Kuga - whatsapp,Ford,Kuga,usado,nuevo,Ana Perez,8,no,si
L000290,2026-04-26,21:06:00,Martina,Garcia,+5491154185305,martina.garcia208@mail.com,Buenos Aires,Palermo,google_ads,CAMP029,Google Ads - Ford Bronco Sport - whatsapp,Ford,Bronco Sport,financiado,nuevo,Juan Perez,4,si,si
L000291,2024-03-06,15:29:00,Florencia,Sanchez,+5491140033775,florencia.sanchez739@mail.com,Neuquen,Avellaneda,meta_ads,CAMP040,Meta Ads - Volkswagen Virtus - remarketing,Volkswagen,Virtus,financiado,calificado,Sofia Torres,96,no,si
L000292,2026-07-24,18:08:00,Martina,Benitez,+5491157217631,martina.benitez180@mail.com,Rio Negro,Cordoba Centro,google_ads,CAMP014,Google Ads - Toyota Corolla Cross - lead_form,Toyota,Hilux,0km,nuevo,Ana Perez,52,no,no
L000293,2024-10-24,18:23:00,Camila,Diaz,+5491144545088,camila.diaz678@mail.com,Salta,Mendoza Norte,google_ads,CAMP026,Google Ads - Peugeot Partner - lead_form,Peugeot,Partner,financiado,calificado,Nicolas Ruiz,13,si,si
L000294,2025-01-09,22:18:00,Joaquin,Ruiz,+5491151526753,joaquin.ruiz281@mail.com,Mendoza,Avellaneda,google_ads,CAMP014,Google Ads - Toyota Corolla Cross - lead_form,Toyota,Corolla Cross,0km,contactado,Nicolas Ruiz,21,si,si
L000295,2026-08-12,10:39:00,Franco,Garcia,+5491134716239,franco.garcia900@mail.com,CABA,Rosario,google_ads,CAMP024,Google Ads - Peugeot Partner - whatsapp,Peugeot,Partner,plan_ahorro,contactado,Camila Lopez,1,no,si
L000296,2025-11-18,20:45:00,Mia,Martinez,+5491139312597,mia.martinez833@mail.com,Buenos Aires,Cordoba Centro,google_ads,CAMP060,Meta Ads - Volkswagen Amarok - whatsapp,Volkswagen,Amarok,financiado,perdido,Juan Perez,14,no,si
L000297,2024-01-23,09:22:00,Mateo,Torres,+5491166899208,mateo.torres164@mail.com,Cordoba,La Plata,meta_ads,CAMP059,Meta Ads - Renault Alaskan - whatsapp,Renault,Alaskan,plan_ahorro,calificado,Ana Perez,60,si,no
L000298,2024-03-25,11:49:00,Valentina,Diaz,,valentina.diaz820@mail.com,Cordoba,Mendoza Norte,google_ads,CAMP028,Google Ads - Volkswagen Amarok - remarketing,Renault,Amarok,usado,perdido,Nicolas Ruiz,50,si,si
L000299,2025-10-19,11:26:00,Bruno,Fernandez,+5491127007399,bruno.fernandez809@mail.com,Neuquen,Palermo,google_ads,CAMP007,Google Ads - Volkswagen Nivus - lead_form,Peugeot,3008,financiado,nuevo,Juan Perez,15,no,si
L000300,2026-03-16,09:27:00,Agustin,Garcia,+5491146922085,agustin.garcia389@mail.com,Salta,Avellaneda,google_ads,CAMP028,Google Ads - Volkswagen Amarok - remarketing,Fiat,Amarok,financiado,calificado,Diego Acosta,75,no,si
L000301,2024-08-08,13:07:00,Lautaro,Fernandez,,bruno.ramirez998@mail.com,Entre Rios,Mendoza Norte,google_ads,CAMP029,Google Ads - Ford Bronco Sport - whatsapp,Toyota,Hilux,financiado,sin_respuesta,Ana Perez,78,no,si
L000302,2024-08-12,14:31:00,Benjamin,Romero,+5491158081044,benjamin.romero636@mail.com,Salta,La Plata,meta_ads,CAMP030,Google Ads - Peugeot Partner - lead_form,Peugeot,Partner,0km,nuevo,Juan Perez,65,no,si
L000303,2025-07-08,21:30:00,Lucas,Gonzalez,+5491147362932,lucas.gonzalez109@mail.com,Santa Fe,La Plata,google_ads,CAMP020,Google Ads - Chevrolet Tracker - lead_form,Chevrolet,Onix,0km,nuevo,Lucas Gomez,35,no,si
L000304,2026-09-24,18:22:00,Emma,Martinez,+5491153061030,emma.martinez569@mail.com,Entre Rios,Cordoba Centro,meta_ads,CAMP055,Meta Ads - Toyota Corolla - trafico,Fiat,Corolla,usado,perdido,Nicolas Ruiz,92,si,si
L000305,2026-01-11,22:46:00,Franco,Ramirez,+5491137847950,franco.ramirez163@mail.com,Cordoba,Rosario,meta_ads,CAMP057,Meta Ads - Toyota Hilux - lead_form,Toyota,Hilux,financiado,nuevo,Lucas Gomez,1,si,si
L000306,2025-12-29,11:31:00,Agustin,Alvarez,+5491132825455,agustin.alvarez622@mail.com,Neuquen,Rosario,meta_ads,CAMP034,Meta Ads - Volkswagen Amarok - remarketing,Volkswagen,Amarok,financiado,cotizado,Nicolas Ruiz,21,no,si
L000307,2024-11-10,10:52:00,Julieta,Acosta,+5491149704135,julieta.acosta217@mail.com,Santa Fe,Moron,meta_ads,CAMP053,Meta Ads - Chevrolet Spin - lead_form,Volkswagen,Spin,usado,nuevo,Juan Perez,87,no,si
L000308,2026-08-05,21:44:00,Lucas,Benitez,+5491146901498,,Mendoza,Cordoba Centro,google_ads,CAMP003,Google Ads - Volkswagen Virtus - lead_form,Volkswagen,Amarok,financiado,contactado,Ana Perez,83,no,si
L000309,2024-08-22,15:09:00,Agustin,Ruiz,+5491122976951,agustin.ruiz742@mail.com,Entre Rios,Moron,google_ads,CAMP008,Google Ads - Chevrolet Tracker - remarketing,Chevrolet,Tracker,plan_ahorro,nuevo,Lucas Gomez,26,no,si
L000310,2025-09-07,21:37:00,Tomas,Gonzalez,+5491146994714,tomas.gonzalez568@mail.com,Tucuman,Rosario,organico,,,Peugeot,208,0km,nuevo,Nicolas Ruiz,83,no,si
L000311,2026-03-11,18:18:00,Camila,Benitez,+5491141634203,camila.benitez23@mail.com,Santa Fe,Avellaneda,meta_ads,CAMP044,Meta Ads - Fiat Fastback - remarketing,Fiat,Fastback,usado,contactado,Camila Lopez,2,si,si
L000312,2026-07-08,15:52:00,Lucia,Rodriguez,+5491145201832,lucia.rodriguez923@mail.com,Tucuman,Cordoba Centro,google_ads,CAMP018,Google Ads - Toyota SW4 - trafico,Toyota,Hilux,plan_ahorro,cotizado,Diego Acosta,68,no,si
L000313,2026-03-27,14:28:00,Mateo,Rodriguez,+5491142031160,mateo.rodriguez386@mail.com,Mendoza,Palermo,google_ads,CAMP004,Google Ads - Peugeot Expert - lead_form,Peugeot,3008,plan_ahorro,contactado,Camila Lopez,64,no,si
L000314,2026-01-12,22:01:00,Tomas,Lopez,,tomas.lopez774@mail.com,Rio Negro,Moron,organico,,,Renault,Alaskan,financiado,perdido,Camila Lopez,34,no,si
L000315,2024-09-10,21:18:00,Lucia,Lopez,+5491158259010,lucia.lopez404@mail.com,Santa Fe,La Plata,google_ads,CAMP041,Meta Ads - Toyota Corolla - lead_form,Chevrolet,Corolla,plan_ahorro,contactado,Sofia Torres,96,no,si
L000316,2025-12-30,15:56:00,Sofia,Martinez,+5491130186115,sofia.martinez438@mail.com,Entre Rios,Cordoba Centro,whatsapp_directo,,,Fiat,Cruze,usado,cotizado,Camila Lopez,49,si,si
L000317,2024-10-11,17:45:00,Catalina,Fernandez,+5491140268094,catalina.fernandez536@mail.com,Neuquen,Moron,meta_ads,CAMP055,Meta Ads - Toyota Corolla - trafico,Peugeot,3008,financiado,cotizado,Lucas Gomez,39,no,si
L000318,2026-09-11,15:17:00,Bruno,Sanchez,+5491165633486,bruno.sanchez391@mail.com,Buenos Aires,Avellaneda,meta_ads,CAMP043,Meta Ads - Chevrolet Onix - remarketing,Toyota,Onix,usado,calificado,Juan Perez,55,no,si
L000319,2024-09-30,17:03:00,Mateo,Ruiz,+5491157899652,mateo.ruiz304@mail.com,Mendoza,Palermo,google_ads,CAMP017,Google Ads - Chevrolet Onix - remarketing,Chevrolet,Onix,0km,cotizado,Camila Lopez,18,si,si
L000320,2024-12-01,09:46:00,Sofia,Acosta,+5491122119200,sofia.acosta601@mail.com,Cordoba,Rosario,meta_ads,CAMP045,Meta Ads - Chevrolet S10 - lead_form,Chevrolet,S10,0km,contactado,Martina Silva,43,no,si
L000321,2024-08-07,18:02:00,Martina,Garcia,+5491148457712,martina.garcia425@mail.com,Neuquen,Cordoba Centro,google_ads,CAMP022,Google Ads - Toyota Hilux - lead_form,Toyota,Yaris,plan_ahorro,calificado,Camila Lopez,53,si,si
L000322,2025-09-20,09:40:00,Catalina,Torres,+5491140384140,catalina.torres71@mail.com,Cordoba,Palermo,meta_ads,CAMP049,Meta Ads - Fiat Cronos - trafico,Fiat,Cronos,0km,nuevo,Diego Acosta,5,si,si
L000323,2024-04-02,09:41:00,Tomas,Martinez,+5491151118792,tomas.martinez950@mail.com,Mendoza,Palermo,meta_ads,CAMP057,Meta Ads - Toyota Hilux - lead_form,Ford,Hilux,0km,cotizado,Sofia Torres,46,si,si
L000324,2025-04-28,17:44:00,Franco,Gonzalez,+5491161492822,franco.gonzalez26@mail.com,Tucuman,Avellaneda,meta_ads,CAMP035,Meta Ads - Peugeot 3008 - whatsapp,Peugeot,Expert,financiado,test_drive,Ana Perez,43,si,no
L000325,2025-05-28,20:35:00,Agustin,Romero,+5491126295406,agustin.romero888@mail.com,Buenos Aires,Palermo,meta_ads,CAMP048,Meta Ads - Ford Kuga - whatsapp,Renault,Kuga,usado,contactado,Martina Silva,27,si,si
L000326,2025-06-30,16:21:00,Julieta,Rodriguez,+5491131759134,julieta.rodriguez623@mail.com,Entre Rios,Rosario,meta_ads,CAMP036,Meta Ads - Ford Territory - whatsapp,Ford,Territory,financiado,contactado,Diego Acosta,24,no,si
L000327,2026-02-20,22:50:00,Julieta,Martinez,+5491155150685,julieta.martinez717@mail.com,Cordoba,Cordoba Centro,meta_ads,CAMP052,Meta Ads - Volkswagen Taos - whatsapp,Volkswagen,Taos,0km,contactado,Lucas Gomez,91,si,si
L000328,2026-05-04,19:40:00,Florencia,Sanchez,+5491157942612,florencia.sanchez742@mail.com,Neuquen,Palermo,meta_ads,CAMP046,Meta Ads - Peugeot 208 - trafico,Peugeot,208,usado,contactado,Camila Lopez,12,no,si
L000329,2026-07-13,14:59:00,Bruno,Martinez,+5491128326800,bruno.martinez818@mail.com,Entre Rios,Cordoba Centro,google_ads,CAMP001,Google Ads - Peugeot 208 - lead_form,Volkswagen,208,financiado,nuevo,Ana Perez,7,no,si
L000330,2024-12-01,18:18:00,Emma,Torres,+5491145886214,,Rio Negro,La Plata,meta_ads,CAMP044,Meta Ads - Fiat Fastback - remarketing,Fiat,Fastback,plan_ahorro,sin_respuesta,Camila Lopez,91,si,si
L000331,2024-12-11,17:20:00,Santiago,Torres,+5491129996114,lucas.sanchez32@mail.com,Entre Rios,Cordoba Centro,google_ads,CAMP054,Meta Ads - Chevrolet S10 - remarketing,Chevrolet,Spin,0km,test_drive,Diego Acosta,49,si,si
L000332,2024-05-11,21:15:00,Lucas,Torres,+5491169204229,lucas.torres100@mail.com,CABA,Cordoba Centro,meta_ads,CAMP053,Meta Ads - Chevrolet Spin - lead_form,Chevrolet,Cruze,financiado,nuevo,Ana Perez,31,si,si
L000333,2024-10-09,14:18:00,Florencia,Ramirez,+5491157157226,florencia.ramirez669@mail.com,Buenos Aires,Palermo,google_ads,CAMP011,Google Ads - Peugeot 3008 - trafico,Peugeot,3008,0km,calificado,Lucas Gomez,1,no,si
L000334,2025-07-30,09:21:00,Sofia,Garcia,+5491139043862,sofia.garcia789@mail.com,Rio Negro,Palermo,meta_ads,CAMP058,Meta Ads - Toyota Corolla Cross - lead_form,Toyota,Corolla Cross,usado,sin_respuesta,Sofia Torres,26,no,si
L000335,2025-03-25,13:56:00,Valentina,Sanchez,+5491163806662,valentina.sanchez642@mail.com,Salta,Avellaneda,google_ads,CAMP006,Google Ads - Toyota Corolla - whatsapp,Toyota,Corolla,usado,sin_respuesta,Sofia Torres,76,no,si
L000336,2024-10-18,21:57:00,Benjamin,Ruiz,+5491157480755,benjamin.ruiz981@mail.com,Cordoba,Cordoba Centro,meta_ads,CAMP032,Meta Ads - Fiat Pulse - lead_form,Fiat,Pulse,financiado,contactado,Nicolas Ruiz,49,si,si
L000337,2024-03-22,08:27:00,Emma,Ramirez,+5491132523929,martina.diaz507@mail.com,Mendoza,Avellaneda,meta_ads,CAMP044,Meta Ads - Fiat Fastback - remarketing,Renault,Fastback,usado,nuevo,Ana Perez,45,no,si
L000338,2025-02-17,10:21:00,Tomas,Martinez,+5491145849244,tomas.martinez876@mail.com,Neuquen,Mendoza Norte,meta_ads,CAMP047,Meta Ads - Renault Logan - lead_form,Renault,Logan,usado,perdido,Nicolas Ruiz,5,si,si
L000339,2024-05-31,11:27:00,Mateo,Fernandez,+5491151819713,mateo.fernandez486@mail.com,Rio Negro,Avellaneda,meta_ads,CAMP041,Meta Ads - Toyota Corolla - lead_form,Volkswagen,Corolla,0km,nuevo,Juan Perez,38,si,si
L000340,2024-12-16,17:31:00,Sofia,Ramirez,+5491160368992,sofia.ramirez907@mail.com,CABA,La Plata,google_ads,CAMP007,Google Ads - Volkswagen Nivus - lead_form,Volkswagen,Nivus,usado,contactado,Diego Acosta,47,si,si
L000341,2026-03-27,11:00:00,Julieta,Ramirez,+5491133052125,julieta.ramirez341@mail.com,Rio Negro,Mendoza Norte,google_ads,CAMP002,Google Ads - Peugeot Partner - whatsapp,Peugeot,Expert,plan_ahorro,cotizado,Camila Lopez,98,no,si
L000342,2025-04-21,20:23:00,Agustin,Romero,+5491130443904,agustin.romero140@mail.com,Buenos Aires,La Plata,google_ads,CAMP016,Google Ads - Renault Kangoo - remarketing,Fiat,Kangoo,0km,contactado,Nicolas Ruiz,15,si,si
L000343,2024-03-24,10:30:00,Benjamin,Fernandez,+5491140914905,benjamin.fernandez340@mail.com,Mendoza,Palermo,meta_ads,CAMP040,Meta Ads - Volkswagen Virtus - remarketing,Volkswagen,Virtus,plan_ahorro,perdido,Sofia Torres,56,no,si
L000344,2025-01-13,18:06:00,Mateo,Garcia,+5491162280207,mateo.garcia10@mail.com,Mendoza,Rosario,google_ads,CAMP024,Google Ads - Peugeot Partner - whatsapp,Peugeot,3008,financiado,calificado,Martina Silva,78,no,si
L000345,2024-05-14,18:27:00,Benjamin,Lopez,+5491131107402,benjamin.lopez783@mail.com,Neuquen,Mendoza Norte,google_ads,CAMP013,Google Ads - Renault Logan - lead_form,Renault,Logan,0km,cotizado,Sofia Torres,90,si,si
L000346,2026-02-23,09:30:00,Bruno,Sanchez,+5491169307323,bruno.sanchez434@mail.com,Cordoba,Palermo,meta_ads,CAMP056,Meta Ads - Renault Logan - whatsapp,Toyota,SW4,plan_ahorro,calificado,Lucas Gomez,69,no,si
L000347,2026-07-11,18:10:00,Valentina,Rodriguez,+5491124054766,valentina.rodriguez326@mail.com,Cordoba,Avellaneda,google_ads,CAMP057,Meta Ads - Toyota Hilux - lead_form,Renault,Hilux,financiado,contactado,Sofia Torres,75,si,si
L000348,2024-06-18,15:27:00,Emma,Rodriguez,+5491134881785,emma.rodriguez516@mail.com,Mendoza,Cordoba Centro,google_ads,CAMP029,Google Ads - Ford Bronco Sport - whatsapp,Ford,Bronco Sport,plan_ahorro,cotizado,Martina Silva,91,si,si
L000349,2024-07-23,12:35:00,Sofia,Garcia,+5491162983826,sofia.garcia422@mail.com,Mendoza,Avellaneda,google_ads,CAMP021,Google Ads - Toyota Hilux - trafico,Fiat,Hilux,plan_ahorro,test_drive,Lucas Gomez,37,no,si
L000350,2025-11-20,16:32:00,Joaquin,Torres,+5491135353237,joaquin.torres516@mail.com,Tucuman,Cordoba Centro,organico,,,Renault,Logan,0km,sin_respuesta,Ana Perez,29,no,si
L000351,2026-08-13,09:07:00,Emma,Torres,+5491134198693,emma.torres722@mail.com,Buenos Aires,Avellaneda,meta_ads,CAMP044,Meta Ads - Fiat Fastback - remarketing,Fiat,Fastback,0km,cotizado,Nicolas Ruiz,19,si,si
L000352,2026-05-25,17:29:00,Lautaro,Ramirez,+5491129354474,lautaro.ramirez366@mail.com,Santa Fe,Mendoza Norte,google_ads,CAMP007,Google Ads - Volkswagen Nivus - lead_form,Fiat,Nivus,0km,sin_respuesta,Ana Perez,19,si,si
L000353,2024-05-26,21:48:00,Franco,Lopez,+5491120114267,franco.lopez57@mail.com,Entre Rios,Cordoba Centro,google_ads,CAMP007,Google Ads - Volkswagen Nivus - lead_form,Volkswagen,Virtus,financiado,sin_respuesta,Lucas Gomez,2,no,si
L000354,2024-02-07,13:33:00,Catalina,Rodriguez,+5491123842645,catalina.rodriguez555@mail.com,Buenos Aires,Moron,google_ads,CAMP019,Google Ads - Renault Alaskan - trafico,Renault,Alaskan,usado,sin_respuesta,Nicolas Ruiz,49,si,si
L000355,2024-09-04,14:59:00,Tomas,Ramirez,+5491158454035,tomas.ramirez358@mail.com,Tucuman,Rosario,meta_ads,CAMP057,Meta Ads - Toyota Hilux - lead_form,Chevrolet,Cruze,usado,contactado,Ana Perez,47,no,si
L000356,2025-01-05,17:43:00,Emma,Acosta,+5491160345377,emma.acosta90@mail.com,CABA,Mendoza Norte,meta_ads,CAMP034,Meta Ads - Volkswagen Amarok - remarketing,Volkswagen,Virtus,financiado,calificado,Juan Perez,22,no,si
L000357,2024-07-09,13:50:00,Florencia,Ruiz,+5491148044179,florencia.ruiz150@mail.com,CABA,La Plata,meta_ads,CAMP024,Google Ads - Peugeot Partner - whatsapp,Peugeot,Partner,0km,calificado,Lucas Gomez,18,si,si
L000358,2024-10-18,16:20:00,Franco,Garcia,+5491128746476,franco.garcia150@mail.com,Entre Rios,Cordoba Centro,meta_ads,CAMP036,Meta Ads - Ford Territory - whatsapp,Ford,Territory,usado,calificado,Lucas Gomez,64,no,si
L000359,2026-04-22,15:29:00,Tomas,Rodriguez,+5491143571276,tomas.rodriguez239@mail.com,CABA,Rosario,whatsapp_directo,,,Volkswagen,Nivus,usado,calificado,Juan Perez,81,si,si
L000360,2025-02-18,17:59:00,Valentina,Perez,+5491147431022,valentina.perez454@mail.com,Entre Rios,Cordoba Centro,meta_ads,CAMP053,Meta Ads - Chevrolet Spin - lead_form,Renault,Spin,plan_ahorro,perdido,Camila Lopez,95,no,si
L000361,2024-07-09,22:39:00,Franco,Martinez,+5491131700916,franco.martinez202@mail.com,Rio Negro,Palermo,google_ads,CAMP006,Google Ads - Toyota Corolla - whatsapp,Toyota,Corolla,usado,cotizado,Sofia Torres,7,no,si
L000362,2025-10-01,15:28:00,Lucia,Diaz,+5491124915092,lucia.diaz278@mail.com,Mendoza,Moron,google_ads,CAMP010,Google Ads - Renault Kangoo - whatsapp,Renault,Kangoo,plan_ahorro,calificado,Lucas Gomez,65,si,si
L000363,2026-01-09,17:24:00,Franco,Rodriguez,+5491159334595,franco.rodriguez779@mail.com,Mendoza,Moron,meta_ads,CAMP049,Meta Ads - Fiat Cronos - trafico,Fiat,Cronos,0km,contactado,Juan Perez,46,no,no
L000364,2024-12-09,22:01:00,Mateo,Garcia,+5491143575648,mateo.garcia330@mail.com,Santa Fe,Palermo,meta_ads,CAMP053,Meta Ads - Chevrolet Spin - lead_form,Volkswagen,Spin,financiado,nuevo,Nicolas Ruiz,94,no,si
L000365,2025-11-09,18:21:00,Valentina,Perez,+5491136770938,valentina.perez137@mail.com,Salta,Mendoza Norte,google_ads,CAMP004,Google Ads - Peugeot Expert - lead_form,Peugeot,3008,usado,perdido,Camila Lopez,27,si,si
L000366,2025-09-30,12:32:00,Julieta,Acosta,+5491138211305,julieta.acosta230@mail.com,Entre Rios,Cordoba Centro,meta_ads,CAMP056,Meta Ads - Renault Logan - whatsapp,Renault,Alaskan,usado,sin_respuesta,Nicolas Ruiz,51,si,si
L000367,2025-10-26,15:04:00,Santiago,Ramirez,+5491122666796,santiago.ramirez705@mail.com,Salta,Mendoza Norte,meta_ads,CAMP044,Meta Ads - Fiat Fastback - remarketing,Fiat,Pulse,0km,cotizado,Camila Lopez,87,no,si
L000368,2024-03-27,14:51:00,Sofia,Ramirez,+5491150067768,sofia.ramirez206@mail.com,Salta,Rosario,google_ads,CAMP015,Google Ads - Ford Maverick - trafico,Ford,Maverick,financiado,perdido,Nicolas Ruiz,69,no,si
L000369,2024-03-19,17:07:00,Catalina,Lopez,+5491131528925,catalina.lopez463@mail.com,Rio Negro,La Plata,meta_ads,CAMP054,Meta Ads - Chevrolet S10 - remarketing,Chevrolet,Cruze,plan_ahorro,calificado,Diego Acosta,66,si,si
L000370,2024-03-07,16:59:00,Valentina,Diaz,+5491161936688,valentina.diaz104@mail.com,Tucuman,La Plata,meta_ads,CAMP039,Meta Ads - Chevrolet Cruze - trafico,Chevrolet,Cruze,usado,contactado,Nicolas Ruiz,31,si,si
L000371,2025-11-21,18:31:00,Sofia,Rodriguez,+5491122335531,sofia.rodriguez241@mail.com,CABA,Rosario,organico,,,Toyota,Corolla Cross,plan_ahorro,calificado,Lucas Gomez,93,no,no
L000372,2024-02-23,10:40:00,Lucas,Rodriguez,+5491162601638,lucas.rodriguez9@mail.com,CABA,Moron,google_ads,CAMP013,Google Ads - Renault Logan - lead_form,Renault,Logan,financiado,contactado,Ana Perez,71,si,si
L000373,2026-04-26,18:31:00,Santiago,Perez,+5491123625244,santiago.perez509@mail.com,Buenos Aires,Mendoza Norte,google_ads,CAMP009,Google Ads - Volkswagen Amarok - trafico,Volkswagen,Amarok,financiado,calificado,Sofia Torres,19,no,si
L000374,2024-04-13,09:43:00,Florencia,Lopez,+5491166622289,florencia.lopez170@mail.com,Neuquen,Palermo,google_ads,CAMP026,Google Ads - Peugeot Partner - lead_form,Peugeot,3008,usado,contactado,Ana Perez,70,si,si
L000375,2025-01-15,11:03:00,Mateo,Diaz,+5491121443792,mateo.diaz880@mail.com,Salta,Mendoza Norte,meta_ads,CAMP044,Meta Ads - Fiat Fastback - remarketing,Fiat,Cronos,0km,contactado,Sofia Torres,8,si,si
L000376,2024-03-14,10:14:00,Martina,Garcia,+5491166367070,martina.garcia960@mail.com,Mendoza,Moron,google_ads,CAMP027,Google Ads - Chevrolet Tracker - whatsapp,Chevrolet,Tracker,plan_ahorro,calificado,Martina Silva,85,si,si
L000377,2025-11-16,10:30:00,Franco,Lopez,,franco.lopez182@mail.com,Neuquen,Moron,google_ads,CAMP014,Google Ads - Toyota Corolla Cross - lead_form,Toyota,Corolla Cross,financiado,perdido,Diego Acosta,57,si,si
L000378,2024-03-10,09:58:00,Benjamin,Torres,+5491123692293,benjamin.torres695@mail.com,CABA,La Plata,google_ads,CAMP010,Google Ads - Renault Kangoo - whatsapp,Renault,Sandero,0km,nuevo,Lucas Gomez,34,si,no
L000379,2025-02-03,09:44:00,Franco,Garcia,+5491120438678,franco.garcia26@mail.com,Cordoba,Mendoza Norte,meta_ads,CAMP048,Meta Ads - Ford Kuga - whatsapp,Ford,Kuga,plan_ahorro,cotizado,Sofia Torres,46,si,si
L000380,2024-11-10,15:38:00,Lautaro,Gonzalez,+5491161916919,lautaro.gonzalez156@mail.com,Salta,Mendoza Norte,meta_ads,CAMP039,Meta Ads - Chevrolet Cruze - trafico,Ford,Cruze,usado,contactado,Martina Silva,81,si,si
L000381,2026-05-09,21:19:00,Lautaro,Acosta,+5491121646248,lautaro.acosta612@mail.com,Cordoba,Moron,meta_ads,CAMP048,Meta Ads - Ford Kuga - whatsapp,Ford,Kuga,0km,calificado,Juan Perez,8,si,si
L000382,2024-11-20,10:16:00,Martina,Alvarez,+5491145108423,martina.alvarez944@mail.com,Salta,Cordoba Centro,meta_ads,CAMP046,Meta Ads - Peugeot 208 - trafico,Peugeot,2008,usado,test_drive,Ana Perez,97,no,si
L000383,2026-02-16,19:11:00,Catalina,Gonzalez,+5491140717513,catalina.gonzalez789@mail.com,Buenos Aires,Rosario,google_ads,CAMP001,Google Ads - Peugeot 208 - lead_form,Peugeot,208,usado,sin_respuesta,Camila Lopez,16,si,si
L000384,2025-10-16,12:26:00,Valentina,Martinez,+5491168687582,valentina.martinez586@mail.com,Entre Rios,La Plata,meta_ads,CAMP045,Meta Ads - Chevrolet S10 - lead_form,Chevrolet,S10,financiado,perdido,Ana Perez,25,no,si
L000385,2024-04-17,13:28:00,Florencia,Perez,+5491166674195,florencia.perez860@mail.com,Mendoza,Cordoba Centro,google_ads,CAMP013,Google Ads - Renault Logan - lead_form,Renault,Logan,0km,contactado,Diego Acosta,57,no,no
L000386,2024-03-26,11:09:00,Joaquin,Ramirez,+5491139581956,joaquin.ramirez535@mail.com,Cordoba,Rosario,meta_ads,CAMP032,Meta Ads - Fiat Pulse - lead_form,Fiat,Pulse,plan_ahorro,cotizado,Camila Lopez,76,no,si
L000387,2025-06-30,18:40:00,Catalina,Ramirez,+5491120130893,catalina.ramirez601@mail.com,Cordoba,La Plata,meta_ads,CAMP052,Meta Ads - Volkswagen Taos - whatsapp,Toyota,Taos,usado,cotizado,Sofia Torres,26,si,si
L000388,2024-06-10,09:28:00,Lucas,Romero,+5491121340149,lucas.romero115@mail.com,Santa Fe,Cordoba Centro,google_ads,CAMP028,Google Ads - Volkswagen Amarok - remarketing,Volkswagen,Amarok,0km,perdido,Ana Perez,9,no,si
L000389,2025-12-12,21:37:00,Mia,Lopez,+5491142970071,mia.lopez676@mail.com,Entre Rios,Cordoba Centro,google_ads,CAMP014,Google Ads - Toyota Corolla Cross - lead_form,Toyota,Corolla Cross,financiado,contactado,Juan Perez,30,si,si
L000390,2025-02-01,11:50:00,Martina,Alvarez,+5491163243854,martina.alvarez886@mail.com,Mendoza,Avellaneda,meta_ads,CAMP049,Meta Ads - Fiat Cronos - trafico,Fiat,Fastback,0km,calificado,Ana Perez,88,no,si
L000391,2024-08-05,17:30:00,Franco,Ramirez,+5491167480776,franco.ramirez473@mail.com,CABA,Palermo,meta_ads,CAMP045,Meta Ads - Chevrolet S10 - lead_form,Chevrolet,S10,plan_ahorro,contactado,Sofia Torres,20,si,no
L000392,2025-05-19,22:54:00,Emma,Benitez,+5491150551453,emma.benitez899@mail.com,CABA,Rosario,google_ads,CAMP041,Meta Ads - Toyota Corolla - lead_form,Toyota,Yaris,plan_ahorro,cotizado,Nicolas Ruiz,54,si,si
L000393,2024-10-06,15:44:00,Catalina,Garcia,+5491122134190,catalina.garcia105@mail.com,Buenos Aires,Avellaneda,google_ads,CAMP028,Google Ads - Volkswagen Amarok - remarketing,Volkswagen,Virtus,plan_ahorro,calificado,Sofia Torres,94,si,si
L000394,2024-08-14,14:25:00,Lucas,Benitez,+5491168657841,lucas.benitez58@mail.com,Cordoba,Palermo,google_ads,CAMP024,Google Ads - Peugeot Partner - whatsapp,Peugeot,208,financiado,perdido,Martina Silva,64,si,si
L000395,2024-10-12,14:09:00,Bruno,Ramirez,+5491151580076,bruno.ramirez267@mail.com,Santa Fe,Cordoba Centro,meta_ads,CAMP057,Meta Ads - Toyota Hilux - lead_form,Toyota,Hilux,usado,contactado,Diego Acosta,18,no,si
L000396,2026-04-06,09:10:00,Lautaro,Torres,+5491149797715,lautaro.torres418@mail.com,CABA,Palermo,meta_ads,CAMP044,Meta Ads - Fiat Fastback - remarketing,Fiat,Fastback,plan_ahorro,perdido,Camila Lopez,42,no,si
L000397,2024-02-19,10:56:00,Tomas,Perez,+5491162087440,tomas.perez908@mail.com,Rio Negro,Mendoza Norte,google_ads,CAMP016,Google Ads - Renault Kangoo - remarketing,Ford,Kangoo,0km,cotizado,Juan Perez,84,no,si
L000398,2024-08-20,22:08:00,Sofia,Diaz,+5491131222158,sofia.diaz200@mail.com,Santa Fe,Rosario,google_ads,CAMP014,Google Ads - Toyota Corolla Cross - lead_form,Toyota,Corolla Cross,usado,calificado,Ana Perez,13,no,si
L000399,2024-07-25,11:37:00,Catalina,Ramirez,+5491155041488,catalina.ramirez830@mail.com,Tucuman,Mendoza Norte,google_ads,CAMP026,Google Ads - Peugeot Partner - lead_form,Peugeot,208,plan_ahorro,cotizado,Nicolas Ruiz,36,no,no
L000400,2025-12-12,20:03:00,Catalina,Diaz,+5491123718490,catalina.diaz829@mail.com,Tucuman,Cordoba Centro,meta_ads,CAMP032,Meta Ads - Fiat Pulse - lead_form,Fiat,Pulse,financiado,contactado,Ana Perez,33,si,si
L000401,2024-04-26,13:03:00,Lucas,Sanchez,+5491169649326,,Entre Rios,La Plata,meta_ads,CAMP052,Meta Ads - Volkswagen Taos - whatsapp,Volkswagen,Taos,usado,contactado,Nicolas Ruiz,32,no,si
L000402,2025-01-07,16:31:00,Catalina,Sanchez,+5491136311413,catalina.sanchez991@mail.com,Santa Fe,Rosario,meta_ads,CAMP044,Meta Ads - Fiat Fastback - remarketing,Peugeot,2008,usado,contactado,Diego Acosta,96,si,si
L000403,2025-07-16,16:34:00,Bruno,Torres,+5491158150661,bruno.torres766@mail.com,CABA,Moron,meta_ads,CAMP058,Meta Ads - Toyota Corolla Cross - lead_form,Toyota,Corolla Cross,plan_ahorro,calificado,Lucas Gomez,45,no,si
L000404,2025-02-17,15:02:00,Lautaro,Perez,+5491123510775,lautaro.perez39@mail.com,Mendoza,Mendoza Norte,google_ads,CAMP018,Google Ads - Toyota SW4 - trafico,Toyota,Hilux,financiado,calificado,Ana Perez,38,si,si
L000405,2024-02-15,15:27:00,Florencia,Lopez,+5491160519168,florencia.lopez145@mail.com,Santa Fe,Avellaneda,organico,,,Peugeot,Corolla,financiado,cotizado,Juan Perez,99,si,si
L000406,2024-09-17,12:37:00,Camila,Gonzalez,+5491133369112,camila.gonzalez465@mail.com,Buenos Aires,Cordoba Centro,meta_ads,CAMP060,Meta Ads - Volkswagen Amarok - whatsapp,Renault,Amarok,0km,calificado,Juan Perez,77,no,si
L000407,2025-04-11,19:04:00,Benjamin,Lopez,+5491121372774,benjamin.lopez517@mail.com,Santa Fe,La Plata,google_ads,CAMP022,Google Ads - Toyota Hilux - lead_form,Toyota,Corolla Cross,usado,nuevo,Martina Silva,41,no,si
L000408,2024-03-14,16:27:00,Lucas,Martinez,+5491124974646,lucas.martinez120@mail.com,Entre Rios,Rosario,google_ads,CAMP019,Google Ads - Renault Alaskan - trafico,Toyota,Alaskan,0km,contactado,Camila Lopez,56,si,si
L000409,2025-09-22,14:35:00,Bruno,Torres,+5491153280968,bruno.torres164@mail.com,Tucuman,Rosario,google_ads,CAMP001,Google Ads - Peugeot 208 - lead_form,Toyota,208,plan_ahorro,perdido,Diego Acosta,90,si,si
L000410,2026-09-15,11:18:00,Valentina,Alvarez,+5491133397088,valentina.alvarez748@mail.com,Rio Negro,Mendoza Norte,meta_ads,CAMP037,Meta Ads - Peugeot Expert - trafico,Peugeot,Expert,plan_ahorro,perdido,Martina Silva,82,si,si
L000411,2024-03-08,21:30:00,Camila,Romero,+5491143762389,camila.romero416@mail.com,Cordoba,La Plata,google_ads,CAMP035,Meta Ads - Peugeot 3008 - whatsapp,Fiat,Fastback,financiado,contactado,Sofia Torres,85,no,si
L000412,2024-08-18,19:57:00,Bruno,Fernandez,+5491149576111,bruno.fernandez893@mail.com,Cordoba,La Plata,meta_ads,CAMP047,Meta Ads - Renault Logan - lead_form,Renault,Logan,0km,calificado,Diego Acosta,24,si,si
L000413,2026-05-25,16:04:00,Benjamin,Ramirez,+5491127492548,benjamin.ramirez958@mail.com,Santa Fe,Mendoza Norte,meta_ads,CAMP031,Meta Ads - Volkswagen Polo - trafico,Volkswagen,Amarok,usado,sin_respuesta,Diego Acosta,68,si,si
L000414,2024-04-07,13:19:00,Lucia,Torres,+5491120834981,lucia.torres193@mail.com,Cordoba,Palermo,meta_ads,CAMP033,Meta Ads - Volkswagen Nivus - trafico,Volkswagen,Nivus,0km,contactado,Nicolas Ruiz,84,no,si
L000415,2025-02-08,16:19:00,Santiago,Rodriguez,+5491142067322,santiago.rodriguez469@mail.com,Santa Fe,Palermo,meta_ads,CAMP051,Meta Ads - Renault Logan - whatsapp,Renault,Logan,plan_ahorro,cotizado,Martina Silva,21,no,si
L000416,2024-03-27,20:52:00,Lucia,Ramirez,+5491143555277,lucia.ramirez350@mail.com,Santa Fe,Palermo,meta_ads,CAMP040,Meta Ads - Volkswagen Virtus - remarketing,Volkswagen,Virtus,usado,sin_respuesta,Ana Perez,4,no,si
L000417,2026-03-20,10:09:00,Sofia,Rodriguez,+5491140350863,sofia.rodriguez140@mail.com,Mendoza,La Plata,google_ads,CAMP026,Google Ads - Peugeot Partner - lead_form,Peugeot,Partner,0km,perdido,Sofia Torres,21,no,si
L000418,2024-02-19,19:03:00,Lucas,Diaz,+5491142562415,lucas.diaz21@mail.com,CABA,Cordoba Centro,google_ads,CAMP021,Google Ads - Toyota Hilux - trafico,Volkswagen,Hilux,plan_ahorro,cotizado,Juan Perez,42,si,si
L000419,2024-08-19,09:47:00,Tomas,Ruiz,+5491140562489,tomas.ruiz225@mail.com,Cordoba,Palermo,meta_ads,CAMP037,Meta Ads - Peugeot Expert - trafico,Peugeot,Expert,financiado,nuevo,Camila Lopez,84,no,si
L000420,2025-10-07,15:37:00,Mia,Ramirez,+5491129127295,mia.ramirez14@mail.com,Entre Rios,La Plata,google_ads,CAMP014,Google Ads - Toyota Corolla Cross - lead_form,Toyota,Corolla Cross,usado,calificado,Sofia Torres,72,si,si
L000421,2025-06-16,15:22:00,Agustin,Gonzalez,+5491128008748,agustin.gonzalez459@mail.com,Mendoza,La Plata,google_ads,CAMP017,Google Ads - Chevrolet Onix - remarketing,Chevrolet,Onix,plan_ahorro,contactado,Ana Perez,29,si,no
L000422,2025-10-09,18:38:00,Emma,Acosta,+5491132836498,emma.acosta438@mail.com,Neuquen,Cordoba Centro,meta_ads,CAMP057,Meta Ads - Toyota Hilux - lead_form,Renault,Kangoo,0km,calificado,Lucas Gomez,23,si,si
L000423,2024-01-22,13:39:00,Martina,Acosta,+5491135353237,joaquin.torres516@mail.com,Tucuman,Moron,meta_ads,CAMP037,Meta Ads - Peugeot Expert - trafico,Chevrolet,Expert,plan_ahorro,cotizado,Ana Perez,72,no,si
L000424,2026-04-01,08:33:00,Bruno,Perez,+5491121816528,bruno.perez315@mail.com,Mendoza,Cordoba Centro,google_ads,CAMP013,Google Ads - Renault Logan - lead_form,Renault,Logan,usado,perdido,Camila Lopez,3,no,si
L000425,2026-04-11,14:14:00,Catalina,Diaz,+5491134800991,catalina.diaz143@mail.com,Mendoza,Avellaneda,google_ads,CAMP004,Google Ads - Peugeot Expert - lead_form,Fiat,Expert,financiado,contactado,Camila Lopez,65,si,si
L000426,2026-04-22,18:38:00,Lucia,Benitez,+5491140608204,lucia.benitez937@mail.com,Entre Rios,Moron,google_ads,CAMP009,Google Ads - Volkswagen Amarok - trafico,Volkswagen,Amarok,plan_ahorro,contactado,Juan Perez,46,no,si
L000427,2025-06-25,18:53:00,Emma,Romero,+5491124826166,emma.romero194@mail.com,Mendoza,Mendoza Norte,whatsapp_directo,,,Chevrolet,S10,plan_ahorro,perdido,Nicolas Ruiz,17,no,si
L000428,2026-03-01,18:00:00,Sofia,Lopez,+5491129697089,sofia.lopez241@mail.com,Santa Fe,Avellaneda,meta_ads,CAMP045,Meta Ads - Chevrolet S10 - lead_form,Chevrolet,Tracker,usado,cotizado,Juan Perez,8,si,no
L000429,2025-03-20,21:33:00,Lucas,Rodriguez,+5491148418537,lucas.rodriguez867@mail.com,Mendoza,Palermo,meta_ads,CAMP048,Meta Ads - Ford Kuga - whatsapp,Ford,Kuga,0km,perdido,Camila Lopez,98,no,si
L000430,2025-04-18,22:25:00,Catalina,Ruiz,+5491132864346,catalina.ruiz681@mail.com,Mendoza,Avellaneda,meta_ads,CAMP042,Meta Ads - Volkswagen Virtus - remarketing,Volkswagen,Virtus,0km,cotizado,Juan Perez,70,no,si
L000431,2026-05-25,17:05:00,Sofia,Gonzalez,+5491168533055,sofia.gonzalez274@mail.com,Rio Negro,Rosario,meta_ads,CAMP056,Meta Ads - Renault Logan - whatsapp,Renault,Logan,plan_ahorro,test_drive,Martina Silva,95,si,si
L000432,2026-02-15,22:30:00,Mateo,Fernandez,+5491155064475,mateo.fernandez55@mail.com,Mendoza,Moron,google_ads,CAMP004,Google Ads - Peugeot Expert - lead_form,Chevrolet,Expert,plan_ahorro,cotizado,Martina Silva,92,no,si
L000433,2024-07-22,11:54:00,Santiago,Romero,+5491127440027,santiago.romero939@mail.com,Neuquen,Mendoza Norte,meta_ads,CAMP041,Meta Ads - Toyota Corolla - lead_form,Toyota,Corolla,usado,nuevo,Camila Lopez,37,si,si
L000434,2025-09-10,18:14:00,Valentina,Sanchez,+5491157032463,valentina.sanchez609@mail.com,Neuquen,Rosario,meta_ads,CAMP057,Meta Ads - Toyota Hilux - lead_form,Toyota,Hilux,plan_ahorro,contactado,Ana Perez,32,no,si
L000435,2024-03-18,09:02:00,Mia,Martinez,+5491159586350,mia.martinez667@mail.com,Buenos Aires,Cordoba Centro,google_ads,CAMP029,Google Ads - Ford Bronco Sport - whatsapp,Ford,Bronco Sport,plan_ahorro,contactado,Diego Acosta,35,si,si
L000436,2026-02-10,15:52:00,Santiago,Sanchez,+5491157263815,santiago.sanchez88@mail.com,Mendoza,La Plata,meta_ads,CAMP032,Meta Ads - Fiat Pulse - lead_form,Fiat,Pulse,plan_ahorro,cotizado,Ana Perez,99,no,si
L000437,2024-05-25,20:28:00,Mia,Sanchez,+5491146614931,mia.sanchez150@mail.com,Neuquen,Avellaneda,google_ads,CAMP016,Google Ads - Renault Kangoo - remarketing,Renault,Kangoo,0km,contactado,Juan Perez,22,no,si
L000438,2026-07-21,16:27:00,Catalina,Alvarez,+5491153603393,catalina.alvarez793@mail.com,Cordoba,Moron,google_ads,CAMP053,Meta Ads - Chevrolet Spin - lead_form,Chevrolet,Spin,usado,contactado,Diego Acosta,50,si,si
L000439,2025-07-04,21:12:00,Tomas,Perez,+5491168895187,tomas.perez300@mail.com,Mendoza,Avellaneda,meta_ads,CAMP044,Meta Ads - Fiat Fastback - remarketing,Fiat,Fastback,financiado,cotizado,Martina Silva,53,si,si
L000440,2024-09-17,18:55:00,Tomas,Lopez,+5491121221089,tomas.lopez868@mail.com,Salta,Cordoba Centro,google_ads,CAMP020,Google Ads - Chevrolet Tracker - lead_form,Chevrolet,Tracker,financiado,contactado,Ana Perez,9,si,si
L000441,2026-03-14,08:50:00,Mia,Torres,+5491163084365,mia.torres774@mail.com,Rio Negro,Avellaneda,meta_ads,CAMP032,Meta Ads - Fiat Pulse - lead_form,Chevrolet,Pulse,plan_ahorro,calificado,Diego Acosta,90,no,si
L000442,2025-04-20,15:08:00,Julieta,Alvarez,+5491141723413,julieta.alvarez867@mail.com,Cordoba,Avellaneda,google_ads,CAMP002,Google Ads - Peugeot Partner - whatsapp,Peugeot,Partner,0km,nuevo,Sofia Torres,53,no,si
L000443,2024-06-04,13:33:00,Emma,Benitez,+5491158494301,emma.benitez441@mail.com,Buenos Aires,Rosario,google_ads,CAMP003,Google Ads - Volkswagen Virtus - lead_form,Volkswagen,Virtus,usado,sin_respuesta,Sofia Torres,30,no,si
L000444,2026-08-18,11:28:00,Camila,Ruiz,+5491167386831,camila.ruiz715@mail.com,Salta,La Plata,google_ads,CAMP030,Google Ads - Peugeot Partner - lead_form,Renault,Duster,0km,cotizado,Martina Silva,1,no,no
L000445,2025-05-20,20:59:00,Tomas,Rodriguez,+5491136949129,tomas.rodriguez635@mail.com,Entre Rios,Avellaneda,whatsapp_directo,,,Volkswagen,Virtus,plan_ahorro,contactado,Lucas Gomez,96,si,si
L000446,2025-01-17,14:09:00,Florencia,Martinez,+5491150543374,florencia.martinez685@mail.com,Mendoza,Rosario,meta_ads,CAMP043,Meta Ads - Chevrolet Onix - remarketing,Chevrolet,Tracker,0km,calificado,Sofia Torres,56,no,si
L000447,2024-08-12,18:10:00,Joaquin,Rodriguez,+5491130131195,joaquin.rodriguez641@mail.com,Neuquen,Avellaneda,meta_ads,CAMP039,Meta Ads - Chevrolet Cruze - trafico,Chevrolet,Cruze,0km,sin_respuesta,Sofia Torres,12,si,si
L000448,2024-07-16,21:57:00,Franco,Torres,+5491125461396,franco.torres307@mail.com,Buenos Aires,Palermo,google_ads,CAMP003,Google Ads - Volkswagen Virtus - lead_form,Volkswagen,Virtus,0km,perdido,Camila Lopez,64,no,si
L000449,2025-07-11,16:46:00,Lautaro,Diaz,+5491151152191,lautaro.diaz426@mail.com,Mendoza,Cordoba Centro,google_ads,CAMP027,Google Ads - Chevrolet Tracker - whatsapp,Chevrolet,Tracker,financiado,nuevo,Nicolas Ruiz,65,no,si
L000450,2024-04-23,19:26:00,Lucas,Fernandez,+5491131270737,lucas.fernandez271@mail.com,Rio Negro,Cordoba Centro,whatsapp_directo,,,Volkswagen,Amarok,financiado,nuevo,Lucas Gomez,79,no,si
L000451,2024-10-23,15:25:00,Benjamin,Acosta,+5491135236663,benjamin.acosta209@mail.com,CABA,Avellaneda,organico,,,Ford,Maverick,0km,nuevo,Ana Perez,61,no,si
L000452,2025-01-11,20:48:00,Tomas,Fernandez,+5491138125504,tomas.fernandez926@mail.com,Tucuman,La Plata,meta_ads,CAMP042,Meta Ads - Volkswagen Virtus - remarketing,Volkswagen,Virtus,0km,contactado,Martina Silva,59,si,si
L000453,2026-05-17,21:22:00,Emma,Fernandez,,emma.fernandez1@mail.com,Tucuman,Moron,meta_ads,CAMP039,Meta Ads - Chevrolet Cruze - trafico,Chevrolet,Cruze,financiado,sin_respuesta,Juan Perez,92,si,si
L000454,2024-12-28,08:12:00,Martina,Martinez,+5491169925399,martina.martinez532@mail.com,Mendoza,Palermo,meta_ads,CAMP031,Meta Ads - Volkswagen Polo - trafico,Volkswagen,Polo,0km,nuevo,Camila Lopez,26,no,si
L000455,2024-01-10,21:50:00,Emma,Perez,+5491143026795,emma.perez771@mail.com,Rio Negro,Cordoba Centro,google_ads,CAMP006,Google Ads - Toyota Corolla - whatsapp,Toyota,Corolla,0km,sin_respuesta,Ana Perez,94,no,si
L000456,2025-06-05,16:19:00,Catalina,Diaz,+5491125741903,catalina.diaz616@mail.com,Buenos Aires,Mendoza Norte,google_ads,CAMP003,Google Ads - Volkswagen Virtus - lead_form,Volkswagen,Virtus,plan_ahorro,sin_respuesta,Sofia Torres,57,no,si
L000457,2026-01-10,17:20:00,Camila,Garcia,+5491164467216,camila.garcia750@mail.com,Rio Negro,La Plata,google_ads,CAMP002,Google Ads - Peugeot Partner - whatsapp,Peugeot,Partner,plan_ahorro,nuevo,Nicolas Ruiz,68,si,si
L000458,2024-05-09,09:34:00,Emma,Fernandez,+5491151264301,emma.fernandez926@mail.com,Entre Rios,Avellaneda,google_ads,CAMP025,Google Ads - Ford Maverick - whatsapp,Ford,Maverick,financiado,perdido,Camila Lopez,80,no,si
L000459,2026-01-09,14:34:00,Benjamin,Acosta,+5491166181976,benjamin.acosta611@mail.com,Salta,Mendoza Norte,meta_ads,CAMP031,Meta Ads - Volkswagen Polo - trafico,Fiat,Strada,0km,test_drive,Diego Acosta,95,no,si
L000460,2024-05-01,21:58:00,Franco,Benitez,+5491157076982,franco.benitez838@mail.com,Salta,Palermo,google_ads,CAMP010,Google Ads - Renault Kangoo - whatsapp,Renault,Logan,0km,contactado,Ana Perez,43,si,si
L000461,2024-10-18,22:03:00,Agustin,Diaz,+5491128299189,agustin.diaz759@mail.com,Tucuman,Cordoba Centro,meta_ads,CAMP033,Meta Ads - Volkswagen Nivus - trafico,Volkswagen,Nivus,usado,nuevo,Diego Acosta,75,no,si
L000462,2025-07-20,15:15:00,Camila,Alvarez,+5491128997167,camila.alvarez386@mail.com,Salta,Avellaneda,meta_ads,CAMP050,Meta Ads - Chevrolet Tracker - lead_form,Chevrolet,Tracker,financiado,perdido,Camila Lopez,3,no,si
L000463,2024-02-06,21:25:00,Santiago,Fernandez,+5491164973150,santiago.fernandez483@mail.com,Buenos Aires,Palermo,google_ads,CAMP030,Google Ads - Peugeot Partner - lead_form,Peugeot,Partner,0km,test_drive,Diego Acosta,56,si,si
L000464,2025-08-09,19:21:00,Lucas,Perez,+5491148940650,lucas.perez503@mail.com,Mendoza,Rosario,meta_ads,CAMP042,Meta Ads - Volkswagen Virtus - remarketing,Volkswagen,Virtus,0km,cotizado,Lucas Gomez,97,no,si
L000465,2024-04-01,12:42:00,Lautaro,Garcia,+5491131935586,lautaro.garcia117@mail.com,Buenos Aires,Cordoba Centro,whatsapp_directo,,,Toyota,Hilux,usado,calificado,Martina Silva,85,no,si
L000466,2026-07-17,20:08:00,Agustin,Sanchez,+5491141489318,agustin.sanchez298@mail.com,Neuquen,Mendoza Norte,google_ads,CAMP018,Google Ads - Toyota SW4 - trafico,Chevrolet,Spin,financiado,calificado,Martina Silva,33,si,si
L000467,2026-06-12,11:32:00,Santiago,Acosta,+5491138604146,santiago.acosta135@mail.com,Entre Rios,Palermo,meta_ads,CAMP038,Meta Ads - Peugeot Expert - remarketing,Fiat,Fastback,usado,cotizado,Martina Silva,68,si,si
L000468,2024-08-15,09:18:00,Julieta,Gonzalez,+5491161884723,julieta.gonzalez825@mail.com,Buenos Aires,La Plata,meta_ads,CAMP053,Meta Ads - Chevrolet Spin - lead_form,Chevrolet,Spin,usado,sin_respuesta,Nicolas Ruiz,50,si,si
L000469,2024-08-10,17:59:00,Bruno,Romero,+5491143038932,bruno.romero647@mail.com,Rio Negro,Moron,meta_ads,CAMP038,Meta Ads - Peugeot Expert - remarketing,Peugeot,Expert,0km,contactado,Diego Acosta,21,si,si
L000470,2024-12-15,10:55:00,Emma,Gonzalez,+5491145672473,,Santa Fe,La Plata,meta_ads,CAMP044,Meta Ads - Fiat Fastback - remarketing,Fiat,Fastback,0km,test_drive,Ana Perez,31,si,si
L000471,2025-02-04,22:21:00,Santiago,Fernandez,+5491142080822,santiago.fernandez693@mail.com,Salta,Avellaneda,meta_ads,CAMP060,Meta Ads - Volkswagen Amarok - whatsapp,Volkswagen,Nivus,usado,perdido,Martina Silva,86,no,si
L000472,2025-09-20,11:40:00,Franco,Fernandez,+5491153909655,franco.fernandez316@mail.com,Neuquen,Moron,meta_ads,CAMP053,Meta Ads - Chevrolet Spin - lead_form,Chevrolet,Spin,plan_ahorro,cotizado,Ana Perez,32,si,si
L000473,2025-04-21,18:51:00,Mateo,Perez,+5491139059791,mateo.perez419@mail.com,CABA,La Plata,google_ads,CAMP025,Google Ads - Ford Maverick - whatsapp,Renault,Maverick,plan_ahorro,calificado,Camila Lopez,9,si,si
L000474,2025-05-19,14:34:00,Julieta,Benitez,+5491132070444,julieta.benitez217@mail.com,Salta,Rosario,meta_ads,CAMP059,Meta Ads - Renault Alaskan - whatsapp,Fiat,Alaskan,financiado,contactado,Juan Perez,20,no,si
L000475,2026-08-01,19:19:00,Agustin,Benitez,+5491167480348,agustin.benitez57@mail.com,Cordoba,Palermo,google_ads,CAMP022,Google Ads - Toyota Hilux - lead_form,Volkswagen,Hilux,0km,sin_respuesta,Nicolas Ruiz,14,no,si
L000476,2025-06-01,18:58:00,Mia,Alvarez,+5491136400800,mia.alvarez993@mail.com,CABA,Moron,meta_ads,CAMP039,Meta Ads - Chevrolet Cruze - trafico,Chevrolet,Tracker,financiado,test_drive,Camila Lopez,65,si,no
L000477,2026-07-23,21:48:00,Lautaro,Torres,,lautaro.torres362@mail.com,Salta,Palermo,google_ads,CAMP015,Google Ads - Ford Maverick - trafico,Ford,Kuga,plan_ahorro,perdido,Nicolas Ruiz,84,si,si
L000478,2024-05-01,09:00:00,Tomas,Ramirez,+5491162463420,tomas.ramirez955@mail.com,CABA,Palermo,google_ads,CAMP026,Google Ads - Peugeot Partner - lead_form,Peugeot,Partner,plan_ahorro,nuevo,Ana Perez,6,no,si
L000479,2026-06-11,17:15:00,Julieta,Acosta,+5491143555752,julieta.acosta820@mail.com,Tucuman,Mendoza Norte,google_ads,CAMP018,Google Ads - Toyota SW4 - trafico,Toyota,SW4,plan_ahorro,nuevo,Lucas Gomez,48,no,si
L000480,2025-08-16,17:54:00,Lautaro,Diaz,+5491130010613,lautaro.diaz666@mail.com,Entre Rios,Rosario,google_ads,CAMP016,Google Ads - Renault Kangoo - remarketing,Renault,Kangoo,plan_ahorro,contactado,Juan Perez,97,no,si
L000481,2024-04-01,08:50:00,Emma,Ruiz,+5491134176857,emma.ruiz935@mail.com,Santa Fe,Avellaneda,google_ads,CAMP021,Google Ads - Toyota Hilux - trafico,Toyota,Hilux,plan_ahorro,test_drive,Juan Perez,72,no,si
L000482,2026-07-24,18:43:00,Camila,Alvarez,+5491128963203,camila.alvarez532@mail.com,Salta,Avellaneda,google_ads,CAMP056,Meta Ads - Renault Logan - whatsapp,Renault,Logan,usado,calificado,Lucas Gomez,40,si,no
L000483,2026-01-02,12:10:00,Lucas,Rodriguez,+5491120777351,lucas.rodriguez669@mail.com,Neuquen,Cordoba Centro,google_ads,CAMP056,Meta Ads - Renault Logan - whatsapp,Renault,Logan,0km,nuevo,Juan Perez,70,si,si
L000484,2024-09-24,20:27:00,Bruno,Acosta,+5491164365186,bruno.acosta517@mail.com,Buenos Aires,La Plata,google_ads,CAMP016,Google Ads - Renault Kangoo - remarketing,Renault,Kangoo,0km,test_drive,Nicolas Ruiz,16,si,si
L000485,2026-08-06,14:39:00,Catalina,Fernandez,+5491149161778,catalina.fernandez662@mail.com,Salta,La Plata,google_ads,CAMP030,Google Ads - Peugeot Partner - lead_form,Peugeot,Partner,plan_ahorro,contactado,Martina Silva,21,si,si
L000486,2024-08-21,20:20:00,Lucia,Diaz,+5491146826891,lucia.diaz71@mail.com,Mendoza,Cordoba Centro,meta_ads,CAMP055,Meta Ads - Toyota Corolla - trafico,Chevrolet,S10,plan_ahorro,nuevo,Juan Perez,9,si,si
L000487,2024-10-28,13:54:00,Lucia,Fernandez,+5491144387599,lucia.fernandez955@mail.com,Buenos Aires,Rosario,organico,,,Peugeot,208,usado,contactado,Lucas Gomez,30,si,si
L000488,2025-06-23,21:06:00,Mia,Rodriguez,+5491140248511,mia.rodriguez846@mail.com,CABA,Palermo,whatsapp_directo,,,Fiat,Fastback,financiado,cotizado,Martina Silva,56,si,si
L000489,2025-06-08,14:18:00,Julieta,Diaz,+5491169915867,julieta.diaz908@mail.com,CABA,Palermo,google_ads,CAMP025,Google Ads - Ford Maverick - whatsapp,Ford,Maverick,plan_ahorro,sin_respuesta,Sofia Torres,38,no,si
L000490,2024-05-17,09:54:00,Mia,Martinez,+5491161745933,mia.martinez268@mail.com,Neuquen,La Plata,google_ads,CAMP052,Meta Ads - Volkswagen Taos - whatsapp,Volkswagen,Taos,plan_ahorro,perdido,Juan Perez,21,no,si
L000491,2026-03-25,11:13:00,Mia,Diaz,+5491166922784,mia.diaz565@mail.com,Rio Negro,Moron,google_ads,CAMP016,Google Ads - Renault Kangoo - remarketing,Renault,Logan,usado,contactado,Nicolas Ruiz,33,no,si
L000492,2026-03-09,15:49:00,Franco,Benitez,+5491127501899,franco.benitez407@mail.com,Tucuman,La Plata,google_ads,CAMP012,Google Ads - Ford Territory - whatsapp,Chevrolet,Territory,usado,cotizado,Martina Silva,40,no,si
L000493,2025-04-28,13:47:00,Bruno,Acosta,+5491143921094,bruno.acosta863@mail.com,Mendoza,La Plata,google_ads,CAMP003,Google Ads - Volkswagen Virtus - lead_form,Volkswagen,Virtus,usado,cotizado,Camila Lopez,64,no,no
L000494,2024-08-10,18:11:00,Lucas,Diaz,+5491167469714,lucas.diaz605@mail.com,Rio Negro,Avellaneda,google_ads,CAMP007,Google Ads - Volkswagen Nivus - lead_form,Volkswagen,Amarok,plan_ahorro,contactado,Diego Acosta,42,no,si
L000495,2025-08-21,19:14:00,Mateo,Lopez,+5491161899031,mateo.lopez293@mail.com,Neuquen,Mendoza Norte,meta_ads,CAMP038,Meta Ads - Peugeot Expert - remarketing,Peugeot,Partner,usado,calificado,Camila Lopez,4,si,si
L000496,2025-05-19,22:40:00,Bruno,Acosta,+5491153266700,bruno.acosta675@mail.com,Mendoza,Moron,google_ads,CAMP018,Google Ads - Toyota SW4 - trafico,Toyota,SW4,plan_ahorro,perdido,Camila Lopez,11,no,si
L000497,2026-07-03,21:01:00,Franco,Diaz,+5491126919628,franco.diaz850@mail.com,Tucuman,Mendoza Norte,organico,,,Fiat,Cronos,usado,perdido,Diego Acosta,18,si,si
L000498,2025-04-18,13:52:00,Valentina,Torres,+5491150527505,valentina.torres185@mail.com,Santa Fe,Avellaneda,google_ads,CAMP009,Google Ads - Volkswagen Amarok - trafico,Volkswagen,Virtus,financiado,nuevo,Lucas Gomez,52,si,si
L000499,2024-09-20,17:50:00,Florencia,Romero,+5491143166837,florencia.romero659@mail.com,Buenos Aires,Cordoba Centro,meta_ads,CAMP052,Meta Ads - Volkswagen Taos - whatsapp,Volkswagen,Taos,0km,contactado,Diego Acosta,41,no,si
L000500,2024-02-26,20:36:00,Franco,Benitez,+5491135876411,franco.benitez822@mail.com,Neuquen,Rosario,google_ads,CAMP004,Google Ads - Peugeot Expert - lead_form,Fiat,Fastback,usado,test_drive,Ana Perez,45,no,si
L000501,2026-07-30,09:59:00,Bruno,Acosta,+5491147389948,bruno.acosta151@mail.com,Cordoba,Rosario,whatsapp_directo,,,Ford,Maverick,usado,test_drive,Camila Lopez,32,si,si
L000502,2025-02-19,22:54:00,Lucia,Rodriguez,+5491149527018,lucia.rodriguez505@mail.com,Salta,Rosario,meta_ads,CAMP037,Meta Ads - Peugeot Expert - trafico,Fiat,Pulse,0km,perdido,Camila Lopez,65,si,si
L000503,2024-08-09,15:18:00,Lucas,Acosta,+5491152570693,lucas.acosta224@mail.com,Cordoba,Rosario,google_ads,CAMP018,Google Ads - Toyota SW4 - trafico,Toyota,SW4,financiado,nuevo,Sofia Torres,25,no,si
L000504,2025-04-26,08:46:00,Emma,Fernandez,+5491138307788,emma.fernandez26@mail.com,Tucuman,Cordoba Centro,meta_ads,CAMP036,Meta Ads - Ford Territory - whatsapp,Ford,Territory,0km,cotizado,Diego Acosta,28,si,si
L000505,2025-03-27,18:40:00,Tomas,Acosta,+5491142708220,tomas.acosta196@mail.com,Santa Fe,Avellaneda,google_ads,CAMP020,Google Ads - Chevrolet Tracker - lead_form,Chevrolet,Tracker,plan_ahorro,test_drive,Diego Acosta,49,si,si
L000506,2025-06-21,17:17:00,Valentina,Garcia,+5491129598286,valentina.garcia959@mail.com,CABA,Avellaneda,meta_ads,CAMP054,Meta Ads - Chevrolet S10 - remarketing,Chevrolet,Onix,usado,perdido,Sofia Torres,73,no,si
L000507,2025-10-09,12:21:00,Agustin,Acosta,+5491156414535,agustin.acosta238@mail.com,Mendoza,Cordoba Centro,meta_ads,CAMP041,Meta Ads - Toyota Corolla - lead_form,Toyota,Hilux,0km,contactado,Camila Lopez,63,si,si
L000508,2026-04-01,19:25:00,Martina,Lopez,+5491161078178,martina.lopez418@mail.com,Mendoza,La Plata,meta_ads,CAMP044,Meta Ads - Fiat Fastback - remarketing,Renault,Fastback,plan_ahorro,perdido,Nicolas Ruiz,32,no,si
L000509,2025-06-14,18:56:00,Franco,Garcia,+5491132144419,franco.garcia458@mail.com,Entre Rios,La Plata,google_ads,CAMP016,Google Ads - Renault Kangoo - remarketing,Renault,Duster,financiado,nuevo,Juan Perez,63,si,si
L000510,2024-11-15,16:05:00,Valentina,Acosta,+5491149377963,valentina.acosta40@mail.com,CABA,Rosario,meta_ads,CAMP053,Meta Ads - Chevrolet Spin - lead_form,Chevrolet,S10,plan_ahorro,cotizado,Camila Lopez,30,no,si
L000511,2026-01-31,21:54:00,Lucia,Ruiz,+5491124782616,lucia.ruiz134@mail.com,Buenos Aires,Rosario,google_ads,CAMP010,Google Ads - Renault Kangoo - whatsapp,Renault,Logan,usado,nuevo,Martina Silva,69,no,si
L000512,2024-04-16,19:43:00,Martina,Romero,+5491158528874,martina.romero982@mail.com,Tucuman,Rosario,google_ads,CAMP013,Google Ads - Renault Logan - lead_form,Renault,Logan,0km,nuevo,Lucas Gomez,69,no,si
L000513,2024-02-26,18:44:00,Benjamin,Fernandez,+5491141751045,benjamin.fernandez647@mail.com,Salta,Palermo,meta_ads,CAMP033,Meta Ads - Volkswagen Nivus - trafico,Toyota,Nivus,financiado,perdido,Lucas Gomez,20,no,si
L000514,2024-03-04,08:49:00,Camila,Torres,+5491169279607,camila.torres738@mail.com,Entre Rios,Cordoba Centro,google_ads,CAMP010,Google Ads - Renault Kangoo - whatsapp,Chevrolet,S10,0km,cotizado,Camila Lopez,41,no,si
L000515,2024-07-12,21:22:00,Joaquin,Diaz,+5491144255492,joaquin.diaz429@mail.com,Mendoza,Rosario,meta_ads,CAMP057,Meta Ads - Toyota Hilux - lead_form,Toyota,Hilux,0km,contactado,Diego Acosta,29,no,si
L000516,2025-03-08,10:40:00,Santiago,Alvarez,+5491165921937,santiago.alvarez162@mail.com,Entre Rios,La Plata,google_ads,CAMP021,Google Ads - Toyota Hilux - trafico,Toyota,Yaris,usado,nuevo,Martina Silva,75,si,si
L000517,2024-10-16,10:28:00,Catalina,Diaz,+5491138264556,catalina.diaz427@mail.com,Mendoza,Avellaneda,meta_ads,CAMP044,Meta Ads - Fiat Fastback - remarketing,Fiat,Fastback,0km,nuevo,Juan Perez,51,no,si
L000518,2024-09-15,22:24:00,Franco,Diaz,+5491151152958,franco.diaz819@mail.com,Entre Rios,Cordoba Centro,meta_ads,CAMP042,Meta Ads - Volkswagen Virtus - remarketing,Volkswagen,Polo,plan_ahorro,cotizado,Nicolas Ruiz,45,no,si
L000519,2024-05-29,22:01:00,Catalina,Romero,+5491165037310,catalina.romero487@mail.com,Tucuman,La Plata,google_ads,CAMP006,Google Ads - Toyota Corolla - whatsapp,Toyota,Corolla,usado,calificado,Martina Silva,88,no,si
L000520,2025-06-29,09:03:00,Franco,Fernandez,+5491162200881,franco.fernandez861@mail.com,Mendoza,Rosario,whatsapp_directo,,,Chevrolet,Spin,plan_ahorro,contactado,Martina Silva,49,si,si
L000521,2024-02-06,21:09:00,Valentina,Acosta,+5491166423033,valentina.acosta794@mail.com,Cordoba,Mendoza Norte,meta_ads,CAMP048,Meta Ads - Ford Kuga - whatsapp,Toyota,Yaris,0km,cotizado,Juan Perez,65,si,si
L000522,2025-03-30,19:42:00,Franco,Perez,+5491120759485,franco.perez724@mail.com,Neuquen,Cordoba Centro,meta_ads,CAMP032,Meta Ads - Fiat Pulse - lead_form,Renault,Pulse,plan_ahorro,cotizado,Martina Silva,55,si,si
L000523,2024-03-24,14:23:00,Camila,Torres,+5491142863006,camila.torres919@mail.com,Rio Negro,Avellaneda,google_ads,CAMP028,Google Ads - Volkswagen Amarok - remarketing,Volkswagen,Amarok,financiado,cotizado,Martina Silva,71,no,si
L000524,2025-11-03,16:02:00,Lucia,Acosta,+5491163362360,benjamin.ruiz77@mail.com,Cordoba,La Plata,google_ads,CAMP008,Google Ads - Chevrolet Tracker - remarketing,Renault,Kangoo,financiado,perdido,Ana Perez,77,no,si
L000525,2025-03-12,12:56:00,Julieta,Romero,+5491124875242,julieta.romero532@mail.com,Entre Rios,Cordoba Centro,google_ads,CAMP036,Meta Ads - Ford Territory - whatsapp,Ford,Territory,0km,nuevo,Martina Silva,76,si,si
L000526,2026-02-27,21:04:00,Sofia,Acosta,+5491160327997,sofia.acosta826@mail.com,Santa Fe,Mendoza Norte,google_ads,CAMP013,Google Ads - Renault Logan - lead_form,Renault,Logan,plan_ahorro,calificado,Juan Perez,20,si,si
L000527,2025-05-16,15:52:00,Agustin,Benitez,+5491143142790,agustin.benitez70@mail.com,Neuquen,La Plata,google_ads,CAMP028,Google Ads - Volkswagen Amarok - remarketing,Chevrolet,Cruze,0km,cotizado,Nicolas Ruiz,80,si,si
L000528,2026-09-05,08:21:00,Catalina,Sanchez,+5491161404222,catalina.sanchez978@mail.com,Santa Fe,Palermo,meta_ads,CAMP040,Meta Ads - Volkswagen Virtus - remarketing,Volkswagen,Virtus,usado,calificado,Nicolas Ruiz,49,si,si
L000529,2025-03-15,16:33:00,Martina,Alvarez,+5491125082803,martina.alvarez85@mail.com,Salta,Rosario,google_ads,CAMP019,Google Ads - Renault Alaskan - trafico,Renault,Alaskan,usado,sin_respuesta,Juan Perez,7,si,si
L000530,2024-06-22,12:22:00,Mateo,Sanchez,+5491145273327,mateo.sanchez40@mail.com,Tucuman,La Plata,meta_ads,CAMP054,Meta Ads - Chevrolet S10 - remarketing,Chevrolet,S10,financiado,contactado,Camila Lopez,100,si,si
L000531,2024-01-19,16:58:00,Lucas,Benitez,+5491142249654,lucas.benitez520@mail.com,Cordoba,La Plata,google_ads,CAMP020,Google Ads - Chevrolet Tracker - lead_form,Chevrolet,Tracker,financiado,perdido,Diego Acosta,76,no,si
L000532,2025-09-10,13:39:00,Valentina,Fernandez,+5491159655158,valentina.fernandez155@mail.com,Tucuman,La Plata,google_ads,CAMP029,Google Ads - Ford Bronco Sport - whatsapp,Ford,Bronco Sport,financiado,contactado,Nicolas Ruiz,32,no,si
L000533,2026-08-27,09:26:00,Joaquin,Lopez,+5491151124498,joaquin.lopez32@mail.com,Tucuman,Palermo,meta_ads,CAMP060,Meta Ads - Volkswagen Amarok - whatsapp,Volkswagen,Amarok,0km,sin_respuesta,Juan Perez,7,si,si
L000534,2025-02-08,12:21:00,Lucia,Martinez,+5491156981055,lucia.martinez992@mail.com,Santa Fe,Mendoza Norte,google_ads,CAMP029,Google Ads - Ford Bronco Sport - whatsapp,Ford,Bronco Sport,plan_ahorro,nuevo,Diego Acosta,44,no,si
L000535,2026-04-10,18:35:00,Tomas,Acosta,+5491143206308,tomas.acosta778@mail.com,Rio Negro,Rosario,meta_ads,CAMP041,Meta Ads - Toyota Corolla - lead_form,Toyota,Corolla,usado,contactado,Ana Perez,12,no,si
L000536,2024-05-31,16:26:00,Mia,Garcia,+5491144640169,mia.garcia694@mail.com,Tucuman,Palermo,whatsapp_directo,,,Chevrolet,Amarok,financiado,cotizado,Camila Lopez,4,si,si
L000537,2025-02-15,13:23:00,Agustin,Alvarez,+5491126351313,agustin.alvarez84@mail.com,Tucuman,Cordoba Centro,meta_ads,CAMP006,Google Ads - Toyota Corolla - whatsapp,Toyota,Corolla,0km,contactado,Ana Perez,87,si,si
L000538,2024-01-31,08:34:00,Mia,Garcia,+5491162918974,mia.garcia108@mail.com,Mendoza,Rosario,meta_ads,CAMP042,Meta Ads - Volkswagen Virtus - remarketing,Volkswagen,Amarok,usado,contactado,Ana Perez,4,no,no
L000539,2025-09-15,17:43:00,Franco,Martinez,+5491136362036,franco.martinez433@mail.com,Entre Rios,Rosario,google_ads,CAMP047,Meta Ads - Renault Logan - lead_form,Renault,Logan,financiado,cotizado,Juan Perez,22,si,si
L000540,2025-01-27,08:17:00,Florencia,Lopez,+5491148993955,florencia.lopez339@mail.com,Rio Negro,Avellaneda,meta_ads,CAMP052,Meta Ads - Volkswagen Taos - whatsapp,Volkswagen,Taos,0km,nuevo,Diego Acosta,26,no,si
L000541,2024-02-02,08:42:00,Franco,Acosta,+5491125396633,franco.acosta497@mail.com,Tucuman,Moron,google_ads,CAMP043,Meta Ads - Chevrolet Onix - remarketing,Chevrolet,Onix,plan_ahorro,sin_respuesta,Ana Perez,84,si,si
L000542,2026-08-23,11:08:00,Valentina,Torres,+5491132565574,valentina.torres604@mail.com,Tucuman,Moron,google_ads,CAMP029,Google Ads - Ford Bronco Sport - whatsapp,Ford,Bronco Sport,plan_ahorro,cotizado,Nicolas Ruiz,83,si,si
L000543,2025-12-03,13:32:00,Mateo,Garcia,+5491165441907,mateo.garcia310@mail.com,Santa Fe,Avellaneda,google_ads,CAMP011,Google Ads - Peugeot 3008 - trafico,Volkswagen,3008,0km,contactado,Nicolas Ruiz,52,si,si
L000544,2025-05-18,08:38:00,Tomas,Benitez,+5491163954497,tomas.benitez270@mail.com,Salta,Palermo,meta_ads,CAMP009,Google Ads - Volkswagen Amarok - trafico,Peugeot,Amarok,0km,contactado,Ana Perez,95,no,si
L000545,2025-07-23,22:12:00,Mia,Ramirez,+5491145558659,mia.ramirez493@mail.com,Mendoza,Rosario,meta_ads,CAMP047,Meta Ads - Renault Logan - lead_form,Renault,Alaskan,usado,calificado,Nicolas Ruiz,45,no,si
L000546,2025-04-11,09:13:00,Mateo,Rodriguez,+5491133368468,mateo.rodriguez203@mail.com,Neuquen,Avellaneda,google_ads,CAMP015,Google Ads - Ford Maverick - trafico,Ford,Maverick,financiado,test_drive,Diego Acosta,4,no,si
L000547,2024-08-13,20:30:00,Martina,Lopez,+5491146514081,martina.lopez242@mail.com,Salta,Mendoza Norte,google_ads,CAMP004,Google Ads - Peugeot Expert - lead_form,Peugeot,Partner,plan_ahorro,perdido,Diego Acosta,88,no,si
L000548,2025-02-26,14:50:00,Camila,Gonzalez,+5491136442562,camila.gonzalez274@mail.com,CABA,Avellaneda,google_ads,CAMP016,Google Ads - Renault Kangoo - remarketing,Volkswagen,Kangoo,financiado,cotizado,Nicolas Ruiz,24,si,si
L000549,2025-09-15,08:01:00,Franco,Acosta,+5491121748333,franco.acosta134@mail.com,Entre Rios,Rosario,meta_ads,CAMP040,Meta Ads - Volkswagen Virtus - remarketing,Volkswagen,Virtus,financiado,contactado,Diego Acosta,11,si,si
L000550,2025-08-05,14:29:00,Tomas,Gonzalez,+5491158571790,tomas.gonzalez798@mail.com,Salta,Cordoba Centro,google_ads,CAMP012,Google Ads - Ford Territory - whatsapp,Ford,Territory,plan_ahorro,perdido,Camila Lopez,36,no,si
L000551,2026-08-24,22:37:00,Lautaro,Fernandez,+5491134152451,lautaro.fernandez898@mail.com,Cordoba,Mendoza Norte,meta_ads,CAMP044,Meta Ads - Fiat Fastback - remarketing,Fiat,Fastback,plan_ahorro,perdido,Sofia Torres,23,si,si
L000552,2024-10-26,19:58:00,Camila,Sanchez,+5491122503163,camila.sanchez906@mail.com,Cordoba,Cordoba Centro,meta_ads,CAMP035,Meta Ads - Peugeot 3008 - whatsapp,Volkswagen,3008,plan_ahorro,nuevo,Camila Lopez,1,si,si
L000553,2025-09-02,15:22:00,Joaquin,Benitez,+5491163106221,joaquin.benitez188@mail.com,Cordoba,Palermo,google_ads,CAMP009,Google Ads - Volkswagen Amarok - trafico,Volkswagen,Amarok,0km,nuevo,Martina Silva,42,no,si
L000554,2024-03-26,11:33:00,Julieta,Garcia,+5491134952562,julieta.garcia836@mail.com,Rio Negro,Moron,google_ads,CAMP014,Google Ads - Toyota Corolla Cross - lead_form,Toyota,Corolla Cross,plan_ahorro,cotizado,Nicolas Ruiz,64,si,si
L000555,2026-09-25,15:24:00,Mia,Ramirez,+5491135853786,mia.ramirez15@mail.com,Santa Fe,Mendoza Norte,google_ads,CAMP015,Google Ads - Ford Maverick - trafico,Ford,Maverick,usado,nuevo,Diego Acosta,18,no,si
L000556,2025-03-26,21:00:00,Catalina,Fernandez,+5491135536864,catalina.fernandez972@mail.com,Santa Fe,La Plata,meta_ads,CAMP039,Meta Ads - Chevrolet Cruze - trafico,Fiat,Pulse,plan_ahorro,cotizado,Camila Lopez,79,no,si
L000557,2024-09-11,12:10:00,Martina,Sanchez,+5491159547497,martina.sanchez541@mail.com,Entre Rios,Moron,google_ads,CAMP020,Google Ads - Chevrolet Tracker - lead_form,Chevrolet,Tracker,usado,cotizado,Nicolas Ruiz,93,no,si
L000558,2025-08-23,20:49:00,Catalina,Diaz,+5491120798182,catalina.diaz812@mail.com,Salta,Moron,meta_ads,CAMP060,Meta Ads - Volkswagen Amarok - whatsapp,Volkswagen,Virtus,financiado,calificado,Nicolas Ruiz,65,si,si
L000559,2026-03-07,16:56:00,Valentina,Rodriguez,+5491139249663,valentina.rodriguez658@mail.com,Tucuman,Rosario,meta_ads,CAMP035,Meta Ads - Peugeot 3008 - whatsapp,Peugeot,3008,0km,nuevo,Diego Acosta,46,no,si
L000560,2025-05-03,19:42:00,Martina,Acosta,+5491121001518,martina.acosta245@mail.com,Salta,Mendoza Norte,meta_ads,CAMP059,Meta Ads - Renault Alaskan - whatsapp,Volkswagen,Virtus,plan_ahorro,cotizado,Martina Silva,30,no,si
L000561,2024-05-18,14:13:00,Catalina,Rodriguez,+5491148559519,catalina.rodriguez566@mail.com,Neuquen,Mendoza Norte,google_ads,CAMP001,Google Ads - Peugeot 208 - lead_form,Toyota,208,usado,nuevo,Martina Silva,35,no,si
L000562,2026-09-06,20:57:00,Martina,Alvarez,+5491164661731,martina.alvarez503@mail.com,Santa Fe,Moron,google_ads,CAMP012,Google Ads - Ford Territory - whatsapp,Ford,Territory,plan_ahorro,cotizado,Lucas Gomez,62,si,si
L000563,2025-07-16,14:06:00,Lautaro,Rodriguez,,lautaro.rodriguez593@mail.com,Rio Negro,Avellaneda,organico,,,Chevrolet,Tracker,plan_ahorro,cotizado,Nicolas Ruiz,52,si,si
L000564,2024-10-20,10:24:00,Julieta,Benitez,+5491140624275,julieta.benitez5@mail.com,CABA,Avellaneda,meta_ads,CAMP033,Meta Ads - Volkswagen Nivus - trafico,Fiat,Cronos,financiado,cotizado,Ana Perez,3,no,si
L000565,2024-01-27,16:25:00,Valentina,Martinez,+5491133042457,valentina.martinez149@mail.com,Entre Rios,Cordoba Centro,google_ads,CAMP007,Google Ads - Volkswagen Nivus - lead_form,Volkswagen,Nivus,0km,sin_respuesta,Ana Perez,100,si,si
L000566,2025-07-08,19:11:00,Joaquin,Romero,+5491124946115,joaquin.romero717@mail.com,Cordoba,Cordoba Centro,google_ads,CAMP020,Google Ads - Chevrolet Tracker - lead_form,Chevrolet,Tracker,financiado,nuevo,Ana Perez,55,si,si
L000567,2024-07-04,15:33:00,Sofia,Torres,+5491129680676,sofia.torres705@mail.com,Cordoba,Avellaneda,meta_ads,CAMP036,Meta Ads - Ford Territory - whatsapp,Toyota,Territory,financiado,nuevo,Juan Perez,42,no,si
L000568,2025-12-26,13:37:00,Catalina,Ruiz,+5491135042495,catalina.ruiz461@mail.com,Rio Negro,Palermo,organico,,,Chevrolet,Tracker,0km,calificado,Juan Perez,89,si,si
L000569,2026-07-08,15:09:00,Julieta,Perez,+5491134606439,julieta.perez490@mail.com,Neuquen,Mendoza Norte,organico,,,Volkswagen,Polo,financiado,cotizado,Nicolas Ruiz,22,no,si
L000570,2024-08-27,10:02:00,Florencia,Sanchez,+5491146772295,florencia.sanchez316@mail.com,Cordoba,Rosario,google_ads,CAMP008,Google Ads - Chevrolet Tracker - remarketing,Chevrolet,Tracker,usado,nuevo,Ana Perez,62,no,si
L000571,2026-06-28,12:21:00,Sofia,Romero,+5491125979489,sofia.romero657@mail.com,Entre Rios,Rosario,meta_ads,CAMP038,Meta Ads - Peugeot Expert - remarketing,Peugeot,Expert,0km,contactado,Martina Silva,31,si,si
L000572,2024-03-26,19:49:00,Emma,Martinez,+5491142995195,emma.martinez871@mail.com,Buenos Aires,Moron,organico,,,Fiat,Fastback,usado,perdido,Sofia Torres,28,si,si
L000573,2025-06-23,19:49:00,Bruno,Martinez,+5491122393048,bruno.martinez358@mail.com,Buenos Aires,Moron,google_ads,CAMP004,Google Ads - Peugeot Expert - lead_form,Fiat,Fastback,plan_ahorro,nuevo,Martina Silva,92,si,si
L000574,2024-06-04,19:41:00,Lucas,Acosta,+5491124073869,lucas.acosta430@mail.com,Buenos Aires,Moron,google_ads,CAMP019,Google Ads - Renault Alaskan - trafico,Renault,Alaskan,financiado,nuevo,Camila Lopez,38,si,si
L000575,2024-04-19,15:41:00,Camila,Martinez,+5491140970268,camila.martinez178@mail.com,Rio Negro,Cordoba Centro,meta_ads,CAMP040,Meta Ads - Volkswagen Virtus - remarketing,Volkswagen,Polo,usado,contactado,Lucas Gomez,87,si,si
L000576,2025-01-08,15:54:00,Florencia,Ruiz,+5491120894893,florencia.ruiz637@mail.com,Buenos Aires,La Plata,google_ads,CAMP003,Google Ads - Volkswagen Virtus - lead_form,Volkswagen,Virtus,usado,nuevo,Ana Perez,73,no,si
L000577,2025-03-31,17:52:00,Benjamin,Fernandez,+5491143578867,benjamin.fernandez175@mail.com,Entre Rios,Mendoza Norte,google_ads,CAMP011,Google Ads - Peugeot 3008 - trafico,Peugeot,Partner,financiado,nuevo,Lucas Gomez,61,no,si
L000578,2026-07-04,14:17:00,Mateo,Alvarez,+5491147350603,mateo.alvarez247@mail.com,Neuquen,Rosario,google_ads,CAMP023,Google Ads - Fiat Pulse - remarketing,Fiat,Pulse,plan_ahorro,calificado,Ana Perez,37,no,si
L000579,2024-01-06,18:46:00,Franco,Alvarez,+5491135286592,franco.alvarez396@mail.com,Rio Negro,Mendoza Norte,google_ads,CAMP025,Google Ads - Ford Maverick - whatsapp,Fiat,Toro,plan_ahorro,sin_respuesta,Martina Silva,72,si,si
L000580,2026-09-14,11:07:00,Julieta,Sanchez,+5491143537788,julieta.sanchez789@mail.com,Buenos Aires,Rosario,meta_ads,CAMP031,Meta Ads - Volkswagen Polo - trafico,Volkswagen,Virtus,usado,contactado,Juan Perez,96,si,si
L000581,2024-10-19,21:37:00,Franco,Perez,+5491158330591,franco.perez764@mail.com,Rio Negro,Cordoba Centro,organico,,,Renault,Logan,0km,cotizado,Ana Perez,31,si,si
L000582,2026-04-28,15:25:00,Agustin,Fernandez,+5491154453322,agustin.fernandez343@mail.com,Rio Negro,Palermo,google_ads,CAMP015,Google Ads - Ford Maverick - trafico,Ford,Maverick,financiado,test_drive,Sofia Torres,37,si,si
L000583,2024-01-31,10:25:00,Julieta,Fernandez,+5491139528024,julieta.fernandez986@mail.com,CABA,Palermo,meta_ads,CAMP049,Meta Ads - Fiat Cronos - trafico,Ford,Cronos,plan_ahorro,nuevo,Sofia Torres,20,no,si
L000584,2024-10-14,09:15:00,Joaquin,Lopez,+5491149743571,joaquin.lopez315@mail.com,Salta,Cordoba Centro,meta_ads,CAMP032,Meta Ads - Fiat Pulse - lead_form,Fiat,Pulse,usado,contactado,Diego Acosta,70,si,si
L000585,2025-11-07,21:24:00,Camila,Acosta,+5491133799124,camila.acosta252@mail.com,Buenos Aires,La Plata,meta_ads,CAMP050,Meta Ads - Chevrolet Tracker - lead_form,Chevrolet,Tracker,financiado,calificado,Ana Perez,37,si,si
L000586,2026-07-24,20:22:00,Martina,Gonzalez,+5491141145887,martina.gonzalez966@mail.com,CABA,La Plata,google_ads,CAMP006,Google Ads - Toyota Corolla - whatsapp,Toyota,Corolla,financiado,cotizado,Lucas Gomez,33,si,si
L000587,2025-03-15,16:09:00,Julieta,Rodriguez,+5491152293662,julieta.rodriguez963@mail.com,Buenos Aires,Palermo,meta_ads,CAMP033,Meta Ads - Volkswagen Nivus - trafico,Volkswagen,Nivus,usado,perdido,Ana Perez,6,si,si
L000588,2026-01-08,15:39:00,Agustin,Alvarez,+5491121523425,agustin.alvarez588@mail.com,Santa Fe,Cordoba Centro,organico,,,Chevrolet,Cruze,usado,sin_respuesta,Camila Lopez,33,no,si
L000589,2025-03-07,22:49:00,Julieta,Rodriguez,+5491134825490,julieta.rodriguez918@mail.com,Cordoba,Rosario,meta_ads,CAMP041,Meta Ads - Toyota Corolla - lead_form,Toyota,Corolla,usado,contactado,Martina Silva,24,si,si
L000590,2024-11-20,18:20:00,Lucas,Acosta,+5491166439062,lucas.acosta39@mail.com,CABA,Rosario,google_ads,CAMP030,Google Ads - Peugeot Partner - lead_form,Peugeot,Partner,0km,contactado,Juan Perez,20,si,si
L000591,2025-01-03,20:32:00,Agustin,Benitez,+5491168832007,agustin.benitez790@mail.com,Rio Negro,Palermo,google_ads,CAMP026,Google Ads - Peugeot Partner - lead_form,Renault,Sandero,usado,perdido,Ana Perez,66,no,si
L000592,2024-08-03,14:32:00,Valentina,Ruiz,+5491167191519,valentina.ruiz436@mail.com,Entre Rios,Cordoba Centro,meta_ads,CAMP033,Meta Ads - Volkswagen Nivus - trafico,Volkswagen,Nivus,financiado,contactado,Diego Acosta,57,no,si
L000593,2025-08-23,22:22:00,Santiago,Ramirez,+5491157480755,benjamin.ruiz981@mail.com,CABA,Palermo,meta_ads,CAMP050,Meta Ads - Chevrolet Tracker - lead_form,Volkswagen,Tracker,usado,test_drive,Lucas Gomez,93,no,si
L000594,2024-07-28,20:23:00,Emma,Perez,+5491124705528,emma.perez362@mail.com,Salta,Avellaneda,google_ads,CAMP017,Google Ads - Chevrolet Onix - remarketing,Chevrolet,Onix,plan_ahorro,sin_respuesta,Nicolas Ruiz,39,no,si
L000595,2024-10-27,11:56:00,Mateo,Romero,+5491124243633,mateo.romero753@mail.com,Rio Negro,La Plata,meta_ads,CAMP036,Meta Ads - Ford Territory - whatsapp,Ford,Territory,0km,calificado,Lucas Gomez,100,si,si
L000596,2025-05-04,18:52:00,Martina,Ruiz,+5491160022779,martina.ruiz364@mail.com,Tucuman,Avellaneda,google_ads,CAMP023,Google Ads - Fiat Pulse - remarketing,Fiat,Pulse,plan_ahorro,cotizado,Camila Lopez,98,si,si
L000597,2024-02-22,08:04:00,Bruno,Gonzalez,+5491137323157,bruno.gonzalez759@mail.com,Entre Rios,Avellaneda,google_ads,CAMP028,Google Ads - Volkswagen Amarok - remarketing,Volkswagen,Taos,plan_ahorro,perdido,Lucas Gomez,91,no,si
L000598,2024-10-13,13:40:00,Mia,Diaz,+5491135711884,mia.diaz320@mail.com,Buenos Aires,Avellaneda,google_ads,CAMP012,Google Ads - Ford Territory - whatsapp,Ford,Maverick,usado,cotizado,Camila Lopez,98,no,si
L000599,2025-12-29,20:22:00,Sofia,Lopez,+5491123302956,sofia.lopez446@mail.com,Cordoba,Palermo,meta_ads,CAMP049,Meta Ads - Fiat Cronos - trafico,Fiat,Fastback,0km,nuevo,Ana Perez,91,no,si
L000600,2024-02-03,21:05:00,Emma,Acosta,+5491121528265,emma.acosta662@mail.com,Mendoza,Cordoba Centro,meta_ads,CAMP039,Meta Ads - Chevrolet Cruze - trafico,Chevrolet,Cruze,usado,perdido,Martina Silva,36,si,si
L000601,2024-07-06,11:38:00,Franco,Alvarez,+5491141869127,franco.alvarez923@mail.com,Rio Negro,Moron,google_ads,CAMP002,Google Ads - Peugeot Partner - whatsapp,Chevrolet,Partner,usado,calificado,Camila Lopez,1,no,si
L000602,2025-11-10,11:53:00,Bruno,Lopez,+5491137840766,bruno.lopez778@mail.com,Tucuman,Avellaneda,google_ads,CAMP009,Google Ads - Volkswagen Amarok - trafico,Volkswagen,Taos,plan_ahorro,cotizado,Diego Acosta,53,si,si
L000603,2026-08-28,20:13:00,Julieta,Benitez,+5491161492960,julieta.benitez571@mail.com,Rio Negro,Avellaneda,google_ads,CAMP011,Google Ads - Peugeot 3008 - trafico,Peugeot,3008,financiado,perdido,Nicolas Ruiz,7,si,si
L000604,2024-07-06,16:19:00,Benjamin,Acosta,+5491138987534,benjamin.acosta735@mail.com,Mendoza,Cordoba Centro,google_ads,CAMP042,Meta Ads - Volkswagen Virtus - remarketing,Volkswagen,Virtus,financiado,calificado,Ana Perez,46,si,si
L000605,2026-05-19,16:09:00,Santiago,Rodriguez,+5491131271233,santiago.rodriguez351@mail.com,Tucuman,Mendoza Norte,whatsapp_directo,,,Peugeot,3008,financiado,perdido,Nicolas Ruiz,15,si,si
L000606,2026-06-04,11:12:00,Camila,Alvarez,+5491140232103,camila.alvarez44@mail.com,Mendoza,Mendoza Norte,google_ads,CAMP011,Google Ads - Peugeot 3008 - trafico,Volkswagen,3008,0km,perdido,Lucas Gomez,54,no,no
L000607,2025-12-02,09:39:00,Julieta,Rodriguez,+5491161901319,julieta.rodriguez916@mail.com,Salta,La Plata,meta_ads,CAMP054,Meta Ads - Chevrolet S10 - remarketing,Chevrolet,Onix,plan_ahorro,test_drive,Diego Acosta,10,si,si
L000608,2025-12-13,20:49:00,Lucia,Ruiz,+5491141648890,lucia.ruiz267@mail.com,Santa Fe,Avellaneda,meta_ads,CAMP057,Meta Ads - Toyota Hilux - lead_form,Peugeot,Hilux,usado,calificado,Ana Perez,51,si,si
L000609,2024-11-20,17:20:00,Mateo,Acosta,+5491152370015,mateo.acosta617@mail.com,CABA,Mendoza Norte,meta_ads,CAMP044,Meta Ads - Fiat Fastback - remarketing,Toyota,Fastback,plan_ahorro,sin_respuesta,Juan Perez,82,si,si
L000610,2024-07-06,12:51:00,Mateo,Acosta,+5491153115619,mateo.acosta342@mail.com,Salta,Rosario,google_ads,CAMP026,Google Ads - Peugeot Partner - lead_form,Peugeot,208,0km,cotizado,Martina Silva,26,si,si
L000611,2025-12-18,08:46:00,Santiago,Acosta,+5491168756787,santiago.acosta771@mail.com,Tucuman,La Plata,google_ads,CAMP002,Google Ads - Peugeot Partner - whatsapp,Peugeot,Partner,financiado,cotizado,Diego Acosta,17,no,si
L000612,2026-03-18,21:10:00,Mateo,Lopez,+5491130712008,mateo.lopez750@mail.com,Cordoba,Mendoza Norte,meta_ads,CAMP055,Meta Ads - Toyota Corolla - trafico,Renault,Corolla,0km,perdido,Juan Perez,2,si,si
L000613,2025-11-30,15:00:00,Emma,Fernandez,+5491146560821,emma.fernandez623@mail.com,Santa Fe,Moron,google_ads,CAMP010,Google Ads - Renault Kangoo - whatsapp,Renault,Kangoo,0km,sin_respuesta,Sofia Torres,78,no,si
L000614,2024-05-04,17:45:00,Lucas,Acosta,+5491162689197,lucas.acosta299@mail.com,Buenos Aires,Mendoza Norte,google_ads,CAMP015,Google Ads - Ford Maverick - trafico,Ford,Maverick,0km,contactado,Camila Lopez,46,no,si
L000615,2026-07-28,16:40:00,Valentina,Torres,+5491128799620,valentina.torres756@mail.com,Neuquen,Palermo,google_ads,CAMP018,Google Ads - Toyota SW4 - trafico,Toyota,SW4,financiado,test_drive,Martina Silva,46,si,si
L000616,2025-09-01,10:51:00,Camila,Gonzalez,+5491142067322,santiago.rodriguez469@mail.com,Cordoba,Palermo,meta_ads,CAMP058,Meta Ads - Toyota Corolla Cross - lead_form,Toyota,Corolla Cross,plan_ahorro,perdido,Nicolas Ruiz,66,no,si
L000617,2025-07-23,21:58:00,Lautaro,Torres,+5491149994067,lautaro.torres952@mail.com,Santa Fe,Avellaneda,google_ads,CAMP011,Google Ads - Peugeot 3008 - trafico,Peugeot,3008,financiado,contactado,Camila Lopez,11,si,si
L000618,2024-04-25,13:04:00,Santiago,Torres,+5491122889325,santiago.torres689@mail.com,Santa Fe,Palermo,google_ads,CAMP010,Google Ads - Renault Kangoo - whatsapp,Renault,Kangoo,financiado,nuevo,Martina Silva,78,no,si
L000619,2025-11-12,14:11:00,Mia,Benitez,+5491121110356,mia.benitez487@mail.com,Buenos Aires,Moron,meta_ads,CAMP051,Meta Ads - Renault Logan - whatsapp,Ford,Logan,plan_ahorro,nuevo,Diego Acosta,18,no,si
L000620,2026-09-06,12:07:00,Martina,Alvarez,+5491152546908,martina.alvarez364@mail.com,Entre Rios,Rosario,google_ads,CAMP010,Google Ads - Renault Kangoo - whatsapp,Fiat,Kangoo,0km,perdido,Sofia Torres,42,no,si
L000621,2025-03-21,16:33:00,Franco,Martinez,+5491160864492,franco.martinez151@mail.com,Neuquen,Mendoza Norte,google_ads,CAMP004,Google Ads - Peugeot Expert - lead_form,Peugeot,3008,financiado,contactado,Camila Lopez,10,si,si
L000622,2026-05-22,20:00:00,Santiago,Acosta,+5491138080416,santiago.acosta628@mail.com,CABA,La Plata,meta_ads,CAMP056,Meta Ads - Renault Logan - whatsapp,Renault,Logan,0km,perdido,Ana Perez,20,si,si
L000623,2025-01-17,20:59:00,Joaquin,Garcia,+5491127729999,joaquin.garcia901@mail.com,Cordoba,Rosario,google_ads,CAMP008,Google Ads - Chevrolet Tracker - remarketing,Chevrolet,Cruze,plan_ahorro,calificado,Sofia Torres,39,no,si
L000624,2025-04-06,16:37:00,Lautaro,Lopez,+5491141249737,lautaro.lopez813@mail.com,Rio Negro,La Plata,google_ads,CAMP002,Google Ads - Peugeot Partner - whatsapp,Peugeot,Partner,plan_ahorro,contactado,Lucas Gomez,40,si,si
L000625,2025-05-27,19:13:00,Sofia,Lopez,+5491130836078,sofia.lopez2@mail.com,Neuquen,Palermo,whatsapp_directo,,,Peugeot,2008,0km,perdido,Lucas Gomez,39,no,si
L000626,2024-06-30,15:37:00,Lucia,Martinez,+5491162792724,lucia.martinez927@mail.com,Santa Fe,Rosario,google_ads,CAMP016,Google Ads - Renault Kangoo - remarketing,Renault,Kangoo,plan_ahorro,nuevo,Nicolas Ruiz,66,no,si
L000627,2025-05-10,09:41:00,Julieta,Ramirez,+5491120780018,julieta.ramirez622@mail.com,Mendoza,Cordoba Centro,meta_ads,CAMP057,Meta Ads - Toyota Hilux - lead_form,Toyota,Hilux,0km,nuevo,Nicolas Ruiz,28,si,no
L000628,2025-08-05,18:28:00,Valentina,Alvarez,+5491166817796,valentina.alvarez485@mail.com,Santa Fe,Palermo,google_ads,CAMP016,Google Ads - Renault Kangoo - remarketing,Renault,Kangoo,0km,nuevo,Diego Acosta,87,no,si
L000629,2025-12-01,19:24:00,Julieta,Alvarez,+5491155699431,julieta.alvarez136@mail.com,Buenos Aires,Cordoba Centro,google_ads,CAMP027,Google Ads - Chevrolet Tracker - whatsapp,Chevrolet,Tracker,0km,calificado,Nicolas Ruiz,5,si,si
L000630,2025-08-17,13:23:00,Benjamin,Diaz,+5491120513301,benjamin.diaz750@mail.com,Buenos Aires,Moron,meta_ads,CAMP052,Meta Ads - Volkswagen Taos - whatsapp,Ford,Taos,financiado,contactado,Nicolas Ruiz,21,si,si
L000631,2024-03-14,15:30:00,Franco,Gonzalez,+5491160840143,franco.gonzalez993@mail.com,CABA,Palermo,google_ads,CAMP038,Meta Ads - Peugeot Expert - remarketing,Chevrolet,Tracker,usado,nuevo,Juan Perez,60,si,si
L000632,2025-02-18,15:31:00,Catalina,Acosta,+5491146625454,catalina.acosta448@mail.com,Mendoza,Rosario,google_ads,CAMP022,Google Ads - Toyota Hilux - lead_form,Toyota,Hilux,plan_ahorro,nuevo,Sofia Torres,14,no,si
L000633,2025-04-05,22:34:00,Joaquin,Garcia,+5491139662470,joaquin.garcia963@mail.com,Buenos Aires,Cordoba Centro,google_ads,CAMP024,Google Ads - Peugeot Partner - whatsapp,Peugeot,3008,0km,calificado,Lucas Gomez,24,no,si
L000634,2025-11-14,19:46:00,Benjamin,Torres,+5491131141399,benjamin.torres400@mail.com,Mendoza,Mendoza Norte,google_ads,CAMP018,Google Ads - Toyota SW4 - trafico,Toyota,SW4,0km,contactado,Nicolas Ruiz,14,si,si
L000635,2026-01-12,11:04:00,Valentina,Romero,+5491143879135,valentina.romero443@mail.com,Cordoba,Cordoba Centro,meta_ads,CAMP060,Meta Ads - Volkswagen Amarok - whatsapp,Volkswagen,Amarok,0km,contactado,Nicolas Ruiz,68,si,si
L000636,2024-06-05,22:41:00,Bruno,Martinez,+5491147204943,bruno.martinez790@mail.com,CABA,Cordoba Centro,google_ads,CAMP007,Google Ads - Volkswagen Nivus - lead_form,Ford,Nivus,plan_ahorro,contactado,Lucas Gomez,9,si,si
L000637,2026-06-03,13:35:00,Sofia,Martinez,+5491130476159,sofia.martinez451@mail.com,Mendoza,Mendoza Norte,google_ads,CAMP039,Meta Ads - Chevrolet Cruze - trafico,Renault,Cruze,usado,test_drive,Diego Acosta,90,si,si
L000638,2025-07-08,09:44:00,Sofia,Garcia,+5491136009672,sofia.garcia123@mail.com,Santa Fe,Avellaneda,meta_ads,CAMP060,Meta Ads - Volkswagen Amarok - whatsapp,Fiat,Amarok,financiado,cotizado,Diego Acosta,63,si,si
L000639,2026-06-28,14:09:00,Martina,Fernandez,+5491137965754,martina.fernandez847@mail.com,Rio Negro,Rosario,meta_ads,CAMP059,Meta Ads - Renault Alaskan - whatsapp,Renault,Alaskan,plan_ahorro,calificado,Lucas Gomez,72,no,si
L000640,2026-01-12,18:55:00,Bruno,Benitez,+5491148996436,bruno.benitez298@mail.com,Neuquen,Cordoba Centro,organico,,,Volkswagen,Virtus,plan_ahorro,contactado,Lucas Gomez,76,si,si
L000641,2025-12-07,10:42:00,Catalina,Ruiz,,catalina.ruiz153@mail.com,Entre Rios,Palermo,meta_ads,CAMP032,Meta Ads - Fiat Pulse - lead_form,Renault,Pulse,0km,calificado,Nicolas Ruiz,80,si,si
L000642,2024-05-21,22:31:00,Martina,Lopez,+5491152877080,martina.lopez35@mail.com,Salta,Rosario,google_ads,CAMP003,Google Ads - Volkswagen Virtus - lead_form,Volkswagen,Virtus,financiado,contactado,Nicolas Ruiz,61,no,si
L000643,2024-05-18,15:49:00,Santiago,Martinez,+5491123120110,santiago.martinez512@mail.com,CABA,Rosario,google_ads,CAMP024,Google Ads - Peugeot Partner - whatsapp,Peugeot,Partner,0km,sin_respuesta,Camila Lopez,87,si,no
L000644,2024-05-12,22:31:00,Mateo,Rodriguez,+5491150297178,mateo.rodriguez491@mail.com,Neuquen,La Plata,google_ads,CAMP028,Google Ads - Volkswagen Amarok - remarketing,Volkswagen,Amarok,plan_ahorro,nuevo,Lucas Gomez,88,no,si
L000645,2024-02-22,12:21:00,Catalina,Diaz,+5491162383502,catalina.diaz821@mail.com,CABA,Moron,meta_ads,CAMP054,Meta Ads - Chevrolet S10 - remarketing,Chevrolet,S10,financiado,contactado,Sofia Torres,46,si,si
L000646,2026-02-04,15:15:00,Julieta,Torres,+5491131912513,julieta.torres506@mail.com,Buenos Aires,Moron,meta_ads,CAMP036,Meta Ads - Ford Territory - whatsapp,Ford,Territory,plan_ahorro,perdido,Martina Silva,41,no,si
L000647,2026-04-29,09:35:00,Sofia,Fernandez,+5491125277728,sofia.fernandez155@mail.com,Neuquen,Cordoba Centro,google_ads,CAMP030,Google Ads - Peugeot Partner - lead_form,Peugeot,Partner,plan_ahorro,contactado,Ana Perez,51,si,si
L000648,2025-11-22,14:32:00,Mia,Benitez,+5491124253645,mia.benitez2@mail.com,Salta,Avellaneda,meta_ads,CAMP034,Meta Ads - Volkswagen Amarok - remarketing,Volkswagen,Nivus,financiado,contactado,Nicolas Ruiz,39,si,si
L000649,2024-07-29,09:50:00,Franco,Benitez,+5491120776592,franco.benitez933@mail.com,Santa Fe,La Plata,google_ads,CAMP012,Google Ads - Ford Territory - whatsapp,Ford,Territory,usado,nuevo,Juan Perez,23,no,si
L000650,2025-02-16,12:09:00,Mateo,Romero,+5491120699212,mateo.romero727@mail.com,Neuquen,Palermo,whatsapp_directo,,,Renault,Logan,plan_ahorro,calificado,Sofia Torres,60,si,si
L000651,2026-02-25,14:06:00,Lautaro,Perez,+5491136180712,lautaro.perez924@mail.com,Buenos Aires,Mendoza Norte,google_ads,CAMP005,Google Ads - Chevrolet Cruze - lead_form,Volkswagen,Cruze,usado,test_drive,Camila Lopez,71,no,si
L000652,2025-12-12,21:22:00,Lucia,Gonzalez,+5491131326689,lucia.gonzalez886@mail.com,Cordoba,Avellaneda,meta_ads,CAMP040,Meta Ads - Volkswagen Virtus - remarketing,Volkswagen,Virtus,plan_ahorro,test_drive,Sofia Torres,88,no,si
L000653,2026-04-01,19:39:00,Lucia,Ruiz,+5491124183310,lucia.ruiz462@mail.com,Salta,Mendoza Norte,whatsapp_directo,,,Renault,Alaskan,0km,contactado,Diego Acosta,42,no,si
L000654,2026-03-21,18:00:00,Lucia,Benitez,+5491163356110,lucia.benitez332@mail.com,Mendoza,Avellaneda,google_ads,CAMP013,Google Ads - Renault Logan - lead_form,Renault,Kangoo,plan_ahorro,sin_respuesta,Martina Silva,42,no,si
L000655,2026-08-27,20:45:00,Camila,Torres,+5491152001691,camila.torres95@mail.com,Tucuman,Avellaneda,meta_ads,CAMP034,Meta Ads - Volkswagen Amarok - remarketing,Volkswagen,Amarok,plan_ahorro,calificado,Sofia Torres,3,no,si
L000656,2026-09-22,15:47:00,Lautaro,Martinez,+5491154300917,lautaro.martinez25@mail.com,Buenos Aires,Moron,google_ads,CAMP030,Google Ads - Peugeot Partner - lead_form,Peugeot,Partner,0km,cotizado,Ana Perez,88,no,si
L000657,2024-09-19,16:21:00,Catalina,Lopez,+5491151836298,catalina.lopez242@mail.com,Rio Negro,Rosario,meta_ads,CAMP060,Meta Ads - Volkswagen Amarok - whatsapp,Volkswagen,Amarok,plan_ahorro,calificado,Martina Silva,35,no,si
L000658,2025-02-03,20:43:00,Valentina,Fernandez,+5491127441159,valentina.fernandez753@mail.com,Entre Rios,Moron,google_ads,CAMP008,Google Ads - Chevrolet Tracker - remarketing,Chevrolet,Tracker,plan_ahorro,calificado,Diego Acosta,18,si,si
L000659,2024-03-24,20:58:00,Emma,Diaz,+5491148362371,emma.diaz252@mail.com,Rio Negro,Cordoba Centro,meta_ads,CAMP059,Meta Ads - Renault Alaskan - whatsapp,Renault,Alaskan,plan_ahorro,contactado,Martina Silva,57,no,si
L000660,2024-02-16,11:29:00,Agustin,Rodriguez,+5491166334897,agustin.rodriguez818@mail.com,CABA,Rosario,meta_ads,CAMP059,Meta Ads - Renault Alaskan - whatsapp,Renault,Alaskan,0km,contactado,Nicolas Ruiz,49,si,si
L000661,2025-09-16,12:27:00,Joaquin,Fernandez,+5491137426195,joaquin.fernandez656@mail.com,Cordoba,Cordoba Centro,whatsapp_directo,,,Ford,Kuga,financiado,sin_respuesta,Ana Perez,45,no,si
L000662,2024-03-17,21:57:00,Agustin,Benitez,+5491128341627,agustin.benitez192@mail.com,Mendoza,Palermo,google_ads,CAMP012,Google Ads - Ford Territory - whatsapp,Ford,Territory,plan_ahorro,sin_respuesta,Juan Perez,54,si,si
L000663,2024-09-10,15:45:00,Joaquin,Romero,+5491148205863,joaquin.romero50@mail.com,Mendoza,Palermo,meta_ads,CAMP043,Meta Ads - Chevrolet Onix - remarketing,Toyota,Onix,financiado,nuevo,Camila Lopez,67,no,si
L000664,2024-09-21,16:24:00,Joaquin,Torres,+5491158693516,joaquin.torres237@mail.com,Entre Rios,Moron,google_ads,CAMP018,Google Ads - Toyota SW4 - trafico,Chevrolet,SW4,plan_ahorro,contactado,Camila Lopez,70,si,si
L000665,2026-09-01,15:57:00,Julieta,Romero,+5491146181381,julieta.romero372@mail.com,Tucuman,Rosario,google_ads,CAMP012,Google Ads - Ford Territory - whatsapp,Ford,Territory,plan_ahorro,contactado,Camila Lopez,18,no,si
L000666,2024-08-09,15:01:00,Lucas,Sanchez,+5491139296720,lucas.sanchez842@mail.com,Santa Fe,La Plata,meta_ads,CAMP053,Meta Ads - Chevrolet Spin - lead_form,Chevrolet,Onix,plan_ahorro,sin_respuesta,Martina Silva,51,no,si
L000667,2024-12-30,17:14:00,Agustin,Lopez,+5491132670292,agustin.lopez637@mail.com,Santa Fe,Avellaneda,meta_ads,CAMP031,Meta Ads - Volkswagen Polo - trafico,Volkswagen,Polo,financiado,contactado,Camila Lopez,51,si,si
L000668,2025-09-29,10:51:00,Martina,Acosta,+5491130177268,martina.acosta792@mail.com,Tucuman,La Plata,google_ads,CAMP014,Google Ads - Toyota Corolla Cross - lead_form,Toyota,Corolla Cross,plan_ahorro,perdido,Lucas Gomez,45,si,si
L000669,2025-10-11,12:11:00,Camila,Lopez,+5491162005326,camila.lopez537@mail.com,CABA,Mendoza Norte,google_ads,CAMP028,Google Ads - Volkswagen Amarok - remarketing,Volkswagen,Amarok,financiado,nuevo,Ana Perez,79,si,si
L000670,2026-06-02,08:25:00,Mia,Romero,+5491158700050,mia.romero786@mail.com,Buenos Aires,La Plata,meta_ads,CAMP041,Meta Ads - Toyota Corolla - lead_form,Toyota,Corolla,financiado,perdido,Martina Silva,27,si,si
L000671,2024-03-15,08:15:00,Julieta,Torres,+5491150250753,julieta.torres606@mail.com,Cordoba,Palermo,google_ads,CAMP023,Google Ads - Fiat Pulse - remarketing,Fiat,Pulse,usado,calificado,Martina Silva,34,si,si
L000672,2025-11-26,12:40:00,Florencia,Torres,+5491166727760,florencia.torres316@mail.com,Neuquen,La Plata,google_ads,CAMP015,Google Ads - Ford Maverick - trafico,Ford,Maverick,plan_ahorro,contactado,Ana Perez,90,si,si
L000673,2024-01-07,19:59:00,Martina,Diaz,+5491124701982,martina.diaz120@mail.com,Santa Fe,La Plata,google_ads,CAMP019,Google Ads - Renault Alaskan - trafico,Volkswagen,Alaskan,0km,cotizado,Camila Lopez,90,si,si
L000674,2026-04-06,10:28:00,Valentina,Alvarez,+5491151060860,valentina.alvarez191@mail.com,Entre Rios,Palermo,google_ads,CAMP024,Google Ads - Peugeot Partner - whatsapp,Toyota,Corolla,usado,contactado,Nicolas Ruiz,29,si,si
L000675,2025-03-04,09:18:00,Catalina,Fernandez,+5491164234644,catalina.fernandez480@mail.com,Mendoza,Mendoza Norte,google_ads,CAMP008,Google Ads - Chevrolet Tracker - remarketing,Chevrolet,Cruze,usado,perdido,Nicolas Ruiz,29,no,si
L000676,2024-06-08,22:51:00,Valentina,Martinez,+5491134573421,valentina.martinez688@mail.com,Rio Negro,Moron,meta_ads,CAMP059,Meta Ads - Renault Alaskan - whatsapp,Renault,Alaskan,financiado,cotizado,Juan Perez,73,si,no
L000677,2025-07-18,22:54:00,Lautaro,Rodriguez,+5491134001285,lautaro.rodriguez720@mail.com,Entre Rios,La Plata,whatsapp_directo,,,Toyota,Hilux,0km,contactado,Juan Perez,65,no,si
L000678,2025-03-04,19:56:00,Camila,Perez,+5491149217214,camila.perez611@mail.com,Entre Rios,Cordoba Centro,meta_ads,CAMP033,Meta Ads - Volkswagen Nivus - trafico,Fiat,Nivus,plan_ahorro,contactado,Juan Perez,24,si,si
L000679,2026-07-04,11:56:00,Lucia,Lopez,+5491127959136,lucia.lopez851@mail.com,Salta,Mendoza Norte,google_ads,CAMP014,Google Ads - Toyota Corolla Cross - lead_form,Toyota,Corolla Cross,usado,perdido,Nicolas Ruiz,10,si,si
L000680,2025-12-02,12:38:00,Benjamin,Torres,+5491166660132,benjamin.torres690@mail.com,Santa Fe,La Plata,google_ads,CAMP013,Google Ads - Renault Logan - lead_form,Ford,Logan,0km,cotizado,Ana Perez,36,si,si
L000681,2026-04-05,14:17:00,Santiago,Sanchez,+5491163606960,santiago.sanchez7@mail.com,CABA,Rosario,google_ads,CAMP012,Google Ads - Ford Territory - whatsapp,Ford,Ranger,plan_ahorro,sin_respuesta,Ana Perez,30,no,si
L000682,2025-02-13,22:32:00,Catalina,Gonzalez,+5491149308942,catalina.gonzalez628@mail.com,Entre Rios,Palermo,meta_ads,CAMP043,Meta Ads - Chevrolet Onix - remarketing,Chevrolet,Onix,0km,nuevo,Sofia Torres,83,si,si
L000683,2025-08-13,09:42:00,Lucas,Romero,+5491139282953,lucas.romero66@mail.com,Neuquen,Mendoza Norte,meta_ads,CAMP058,Meta Ads - Toyota Corolla Cross - lead_form,Volkswagen,Corolla Cross,financiado,calificado,Sofia Torres,86,si,si
L000684,2025-09-11,13:14:00,Agustin,Fernandez,+5491124964902,agustin.fernandez663@mail.com,Cordoba,Cordoba Centro,google_ads,CAMP002,Google Ads - Peugeot Partner - whatsapp,Peugeot,Partner,usado,contactado,Lucas Gomez,34,si,si
L000685,2026-01-22,12:57:00,Sofia,Perez,+5491144630997,sofia.perez722@mail.com,Rio Negro,Mendoza Norte,meta_ads,CAMP058,Meta Ads - Toyota Corolla Cross - lead_form,Toyota,Corolla Cross,usado,cotizado,Camila Lopez,22,no,si
L000686,2026-07-06,22:58:00,Martina,Ramirez,+5491141330024,martina.ramirez914@mail.com,Rio Negro,Mendoza Norte,google_ads,CAMP007,Google Ads - Volkswagen Nivus - lead_form,Volkswagen,Nivus,usado,sin_respuesta,Ana Perez,70,no,si
L000687,2024-09-15,13:52:00,Franco,Rodriguez,+5491120832076,franco.rodriguez907@mail.com,Mendoza,Palermo,meta_ads,CAMP044,Meta Ads - Fiat Fastback - remarketing,Volkswagen,Fastback,financiado,cotizado,Sofia Torres,96,no,si
L000688,2025-03-08,11:10:00,Lucas,Benitez,+5491169894513,lucas.benitez512@mail.com,Entre Rios,Palermo,google_ads,CAMP030,Google Ads - Peugeot Partner - lead_form,Peugeot,Partner,usado,sin_respuesta,Nicolas Ruiz,82,no,si
L000689,2025-03-21,11:59:00,Bruno,Perez,+5491120296066,bruno.perez32@mail.com,Salta,Avellaneda,google_ads,CAMP022,Google Ads - Toyota Hilux - lead_form,Toyota,Hilux,plan_ahorro,nuevo,Ana Perez,31,si,si
L000690,2026-09-10,14:12:00,Lucia,Perez,+5491145916150,lucia.perez279@mail.com,CABA,Cordoba Centro,google_ads,CAMP009,Google Ads - Volkswagen Amarok - trafico,Volkswagen,Amarok,0km,sin_respuesta,Camila Lopez,55,no,si
L000691,2026-02-06,21:23:00,Santiago,Ruiz,+5491147285360,santiago.ruiz859@mail.com,Buenos Aires,Moron,meta_ads,CAMP060,Meta Ads - Volkswagen Amarok - whatsapp,Volkswagen,Amarok,financiado,sin_respuesta,Lucas Gomez,63,si,si
L000692,2024-01-13,20:56:00,Tomas,Martinez,+5491155993974,tomas.martinez274@mail.com,CABA,La Plata,google_ads,CAMP004,Google Ads - Peugeot Expert - lead_form,Chevrolet,Expert,plan_ahorro,perdido,Martina Silva,80,si,si
L000693,2024-07-19,14:33:00,Tomas,Gonzalez,+5491123514088,tomas.gonzalez11@mail.com,Entre Rios,La Plata,organico,,,Chevrolet,Partner,financiado,nuevo,Ana Perez,29,no,si
L000694,2026-07-21,18:33:00,Lucas,Martinez,+5491127717485,lucas.martinez844@mail.com,Entre Rios,Mendoza Norte,meta_ads,CAMP058,Meta Ads - Toyota Corolla Cross - lead_form,Toyota,Corolla Cross,usado,calificado,Camila Lopez,73,no,si
L000695,2026-09-10,20:57:00,Joaquin,Ramirez,+5491132597713,joaquin.ramirez874@mail.com,Santa Fe,Rosario,google_ads,CAMP030,Google Ads - Peugeot Partner - lead_form,Volkswagen,Nivus,0km,contactado,Diego Acosta,17,no,si
L000696,2025-04-13,09:47:00,Joaquin,Acosta,+5491141406247,joaquin.acosta543@mail.com,Tucuman,Moron,meta_ads,CAMP045,Meta Ads - Chevrolet S10 - lead_form,Chevrolet,S10,plan_ahorro,nuevo,Juan Perez,47,si,si
L000697,2025-05-17,20:00:00,Catalina,Romero,+5491154293487,catalina.romero840@mail.com,Santa Fe,Avellaneda,google_ads,CAMP024,Google Ads - Peugeot Partner - whatsapp,Peugeot,Partner,financiado,nuevo,Ana Perez,57,no,si
L000698,2025-06-23,20:23:00,Lucas,Martinez,+5491145036386,lucas.martinez682@mail.com,Tucuman,La Plata,meta_ads,CAMP031,Meta Ads - Volkswagen Polo - trafico,Renault,Polo,usado,nuevo,Martina Silva,23,si,si
L000699,2024-05-18,10:03:00,Lautaro,Alvarez,+5491139203263,lautaro.alvarez148@mail.com,Entre Rios,Cordoba Centro,meta_ads,CAMP045,Meta Ads - Chevrolet S10 - lead_form,Chevrolet,S10,0km,calificado,Martina Silva,35,si,si
L000700,2024-07-11,14:44:00,Valentina,Ramirez,+5491125276315,valentina.ramirez721@mail.com,Rio Negro,Avellaneda,meta_ads,CAMP036,Meta Ads - Ford Territory - whatsapp,Ford,Territory,financiado,calificado,Diego Acosta,62,si,si
L000701,2026-08-17,15:14:00,Catalina,Diaz,+5491152216939,catalina.diaz715@mail.com,Santa Fe,Rosario,meta_ads,CAMP046,Meta Ads - Peugeot 208 - trafico,Peugeot,Partner,0km,calificado,Martina Silva,16,si,si
L000702,2024-04-25,18:55:00,Tomas,Gonzalez,+5491132994653,tomas.gonzalez999@mail.com,Rio Negro,Mendoza Norte,google_ads,CAMP003,Google Ads - Volkswagen Virtus - lead_form,Volkswagen,Amarok,plan_ahorro,nuevo,Nicolas Ruiz,34,si,si
L000703,2026-09-09,16:25:00,Julieta,Alvarez,+5491125571956,julieta.alvarez383@mail.com,Mendoza,Moron,google_ads,CAMP008,Google Ads - Chevrolet Tracker - remarketing,Ford,Kuga,usado,sin_respuesta,Lucas Gomez,74,no,si
L000704,2025-05-01,12:58:00,Julieta,Fernandez,+5491157032214,julieta.fernandez670@mail.com,CABA,Rosario,google_ads,CAMP006,Google Ads - Toyota Corolla - whatsapp,Toyota,SW4,usado,cotizado,Ana Perez,25,si,no
L000705,2025-01-13,19:48:00,Emma,Perez,+5491160095332,emma.perez460@mail.com,Tucuman,Mendoza Norte,google_ads,CAMP015,Google Ads - Ford Maverick - trafico,Ford,Maverick,financiado,contactado,Ana Perez,1,no,si
L000706,2026-05-20,14:29:00,Lucas,Alvarez,+5491158108035,lucas.alvarez504@mail.com,CABA,La Plata,google_ads,CAMP019,Google Ads - Renault Alaskan - trafico,Renault,Alaskan,0km,perdido,Ana Perez,50,si,si
L000707,2026-02-13,11:22:00,Santiago,Sanchez,+5491129110824,santiago.sanchez167@mail.com,Mendoza,Avellaneda,meta_ads,CAMP048,Meta Ads - Ford Kuga - whatsapp,Ford,Kuga,usado,contactado,Juan Perez,93,no,si
L000708,2025-03-16,10:05:00,Lucas,Ruiz,+5491151915117,lucas.ruiz722@mail.com,Neuquen,Avellaneda,meta_ads,CAMP053,Meta Ads - Chevrolet Spin - lead_form,Ford,Spin,usado,contactado,Sofia Torres,41,no,si
L000709,2026-09-03,17:27:00,Lucas,Romero,+5491166312761,lucas.romero970@mail.com,CABA,Cordoba Centro,google_ads,CAMP011,Google Ads - Peugeot 3008 - trafico,Chevrolet,3008,financiado,calificado,Ana Perez,59,si,si
L000710,2024-01-05,14:48:00,Santiago,Acosta,+5491124679776,santiago.acosta643@mail.com,Tucuman,Avellaneda,google_ads,CAMP006,Google Ads - Toyota Corolla - whatsapp,Toyota,Corolla,plan_ahorro,perdido,Diego Acosta,94,si,si
L000711,2026-08-19,10:41:00,Florencia,Garcia,+5491157475178,florencia.garcia234@mail.com,Mendoza,Rosario,meta_ads,CAMP042,Meta Ads - Volkswagen Virtus - remarketing,Volkswagen,Polo,plan_ahorro,cotizado,Ana Perez,91,si,si
L000712,2026-01-03,15:42:00,Julieta,Romero,+5491155381095,julieta.romero944@mail.com,Rio Negro,Mendoza Norte,organico,,,Chevrolet,Onix,usado,calificado,Martina Silva,35,no,si
L000713,2025-02-13,17:26:00,Sofia,Ramirez,+5491142995195,emma.martinez871@mail.com,Salta,Palermo,meta_ads,CAMP042,Meta Ads - Volkswagen Virtus - remarketing,Volkswagen,Virtus,0km,calificado,Martina Silva,91,no,si
L000714,2025-09-19,19:18:00,Joaquin,Diaz,+5491149935075,joaquin.diaz413@mail.com,Entre Rios,Moron,meta_ads,CAMP047,Meta Ads - Renault Logan - lead_form,Renault,Logan,plan_ahorro,contactado,Martina Silva,95,si,si
L000715,2026-07-07,19:38:00,Joaquin,Alvarez,+5491125528037,joaquin.alvarez842@mail.com,Buenos Aires,La Plata,google_ads,CAMP006,Google Ads - Toyota Corolla - whatsapp,Toyota,Corolla,usado,nuevo,Juan Perez,21,no,si
L000716,2024-09-01,14:14:00,Catalina,Ruiz,+5491148726293,catalina.ruiz20@mail.com,Buenos Aires,La Plata,google_ads,CAMP008,Google Ads - Chevrolet Tracker - remarketing,Chevrolet,Tracker,plan_ahorro,contactado,Ana Perez,15,si,si
L000717,2024-10-29,15:07:00,Lucia,Lopez,+5491152212032,lucia.lopez428@mail.com,Santa Fe,La Plata,google_ads,CAMP004,Google Ads - Peugeot Expert - lead_form,Toyota,Hilux,financiado,nuevo,Juan Perez,80,si,si
L000718,2024-01-23,14:46:00,Lucas,Rodriguez,+5491164311882,lucas.rodriguez557@mail.com,Mendoza,La Plata,google_ads,CAMP020,Google Ads - Chevrolet Tracker - lead_form,Chevrolet,S10,financiado,sin_respuesta,Nicolas Ruiz,47,no,si
L000719,2025-12-14,21:12:00,Agustin,Diaz,+5491127909781,agustin.diaz333@mail.com,Buenos Aires,Cordoba Centro,meta_ads,CAMP045,Meta Ads - Chevrolet S10 - lead_form,Chevrolet,S10,financiado,contactado,Ana Perez,83,no,si
L000720,2025-07-16,21:11:00,Julieta,Martinez,+5491168543652,julieta.martinez384@mail.com,Mendoza,Palermo,meta_ads,CAMP040,Meta Ads - Volkswagen Virtus - remarketing,Volkswagen,Virtus,plan_ahorro,sin_respuesta,Ana Perez,84,no,si
L000721,2025-06-27,15:17:00,Lucas,Sanchez,+5491129764904,lucas.sanchez329@mail.com,Mendoza,Palermo,google_ads,CAMP013,Google Ads - Renault Logan - lead_form,Renault,Sandero,usado,cotizado,Lucas Gomez,26,si,si
L000722,2025-03-09,16:48:00,Sofia,Lopez,+5491157762268,sofia.lopez106@mail.com,CABA,La Plata,organico,,,Renault,Polo,plan_ahorro,sin_respuesta,Nicolas Ruiz,81,no,si
L000723,2024-03-05,08:20:00,Julieta,Ruiz,+5491167140570,julieta.ruiz242@mail.com,Salta,Avellaneda,meta_ads,CAMP048,Meta Ads - Ford Kuga - whatsapp,Ford,Kuga,0km,perdido,Juan Perez,51,si,si
L000724,2026-08-18,16:21:00,Mia,Benitez,+5491135610546,mia.benitez982@mail.com,Entre Rios,Avellaneda,google_ads,CAMP019,Google Ads - Renault Alaskan - trafico,Renault,Kangoo,financiado,test_drive,Juan Perez,47,si,si
L000725,2025-11-16,22:10:00,Bruno,Torres,+5491163912935,bruno.torres926@mail.com,Mendoza,Rosario,meta_ads,CAMP039,Meta Ads - Chevrolet Cruze - trafico,Chevrolet,Cruze,usado,cotizado,Nicolas Ruiz,93,no,si
L000726,2025-08-12,13:57:00,Lucia,Sanchez,+5491134635368,lucia.sanchez749@mail.com,Mendoza,La Plata,google_ads,CAMP026,Google Ads - Peugeot Partner - lead_form,Renault,Partner,0km,calificado,Martina Silva,61,si,si
L000727,2025-01-21,14:47:00,Emma,Ramirez,+5491152399431,emma.ramirez811@mail.com,Salta,Moron,meta_ads,CAMP026,Google Ads - Peugeot Partner - lead_form,Peugeot,Partner,plan_ahorro,calificado,Lucas Gomez,19,no,si
L000728,2026-01-27,08:50:00,Benjamin,Ramirez,+5491123757156,benjamin.ramirez405@mail.com,Tucuman,Moron,whatsapp_directo,,,Peugeot,Expert,plan_ahorro,sin_respuesta,Diego Acosta,53,no,si
L000729,2025-10-02,12:07:00,Camila,Ramirez,+5491125099392,camila.ramirez996@mail.com,Santa Fe,Rosario,google_ads,CAMP018,Google Ads - Toyota SW4 - trafico,Toyota,SW4,usado,contactado,Martina Silva,46,si,si
L000730,2024-03-27,19:10:00,Bruno,Gonzalez,+5491143106046,bruno.gonzalez36@mail.com,Salta,Palermo,google_ads,CAMP003,Google Ads - Volkswagen Virtus - lead_form,Volkswagen,Polo,financiado,cotizado,Sofia Torres,41,si,si
L000731,2024-04-21,11:18:00,Joaquin,Alvarez,+5491126781655,,Mendoza,Moron,meta_ads,CAMP034,Meta Ads - Volkswagen Amarok - remarketing,Volkswagen,Virtus,plan_ahorro,calificado,Camila Lopez,48,si,si
L000732,2025-07-24,13:02:00,Catalina,Romero,+5491143961128,catalina.romero604@mail.com,Buenos Aires,Rosario,google_ads,CAMP027,Google Ads - Chevrolet Tracker - whatsapp,Chevrolet,S10,0km,calificado,Camila Lopez,3,si,no
L000733,2025-06-14,08:08:00,Mia,Acosta,+5491153162615,mia.acosta444@mail.com,Entre Rios,Mendoza Norte,google_ads,CAMP028,Google Ads - Volkswagen Amarok - remarketing,Volkswagen,Amarok,financiado,test_drive,Camila Lopez,32,no,si
L000734,2026-05-02,14:24:00,Lucia,Sanchez,+5491126958759,lucia.sanchez697@mail.com,Rio Negro,Palermo,google_ads,CAMP023,Google Ads - Fiat Pulse - remarketing,Fiat,Fastback,0km,cotizado,Camila Lopez,22,no,si
L000735,2024-05-18,16:30:00,Catalina,Ruiz,+5491131199626,catalina.ruiz884@mail.com,Entre Rios,Avellaneda,google_ads,CAMP012,Google Ads - Ford Territory - whatsapp,Renault,Territory,financiado,perdido,Diego Acosta,78,si,no
L000736,2025-10-11,19:24:00,Martina,Perez,+5491125220067,martina.perez799@mail.com,Cordoba,Mendoza Norte,google_ads,CAMP030,Google Ads - Peugeot Partner - lead_form,Peugeot,Partner,0km,perdido,Juan Perez,10,si,si
L000737,2026-07-23,12:58:00,Catalina,Torres,+5491140095855,catalina.torres652@mail.com,Tucuman,Avellaneda,meta_ads,CAMP037,Meta Ads - Peugeot Expert - trafico,Peugeot,Expert,usado,cotizado,Sofia Torres,11,si,si
L000738,2026-06-19,10:46:00,Catalina,Torres,+5491123288450,catalina.torres385@mail.com,CABA,La Plata,google_ads,CAMP014,Google Ads - Toyota Corolla Cross - lead_form,Toyota,Hilux,plan_ahorro,cotizado,Juan Perez,40,si,si
L000739,2025-12-26,19:02:00,Santiago,Lopez,+5491169402281,santiago.lopez420@mail.com,Mendoza,Mendoza Norte,google_ads,CAMP024,Google Ads - Peugeot Partner - whatsapp,Peugeot,Partner,financiado,nuevo,Juan Perez,86,si,si
L000740,2024-08-25,14:16:00,Mia,Sanchez,+5491144268946,mia.sanchez501@mail.com,Cordoba,Cordoba Centro,organico,,,Volkswagen,Nivus,financiado,calificado,Diego Acosta,28,si,si
L000741,2025-04-27,12:33:00,Tomas,Lopez,+5491148367829,tomas.lopez539@mail.com,Entre Rios,Cordoba Centro,google_ads,CAMP019,Google Ads - Renault Alaskan - trafico,Renault,Alaskan,financiado,calificado,Lucas Gomez,89,no,si
L000742,2025-10-31,11:55:00,Santiago,Romero,+5491139070682,santiago.romero972@mail.com,Tucuman,Rosario,meta_ads,CAMP043,Meta Ads - Chevrolet Onix - remarketing,Chevrolet,Onix,0km,contactado,Ana Perez,7,no,si
L000743,2024-02-04,13:14:00,Julieta,Gonzalez,+5491136531566,,CABA,Palermo,meta_ads,CAMP031,Meta Ads - Volkswagen Polo - trafico,Peugeot,Polo,financiado,test_drive,Nicolas Ruiz,36,si,si
L000744,2024-10-09,12:15:00,Catalina,Lopez,+5491136492040,catalina.lopez206@mail.com,Salta,Palermo,meta_ads,CAMP031,Meta Ads - Volkswagen Polo - trafico,Volkswagen,Virtus,0km,sin_respuesta,Ana Perez,70,no,si
L000745,2026-02-28,18:55:00,Sofia,Ramirez,+5491121195496,sofia.ramirez26@mail.com,Rio Negro,Moron,whatsapp_directo,,,Fiat,Cronos,plan_ahorro,sin_respuesta,Camila Lopez,10,no,si
L000746,2025-01-27,20:35:00,Catalina,Acosta,+5491153693014,catalina.acosta133@mail.com,Cordoba,Moron,meta_ads,CAMP002,Google Ads - Peugeot Partner - whatsapp,Peugeot,Expert,usado,perdido,Camila Lopez,45,no,si
L000747,2024-11-17,13:29:00,Franco,Rodriguez,+5491135679428,franco.rodriguez9@mail.com,Buenos Aires,La Plata,google_ads,CAMP002,Google Ads - Peugeot Partner - whatsapp,Peugeot,Partner,0km,contactado,Diego Acosta,92,no,si
L000748,2024-07-13,21:48:00,Lucia,Lopez,,lucia.lopez376@mail.com,Buenos Aires,Avellaneda,google_ads,CAMP010,Google Ads - Renault Kangoo - whatsapp,Renault,Logan,usado,cotizado,Diego Acosta,9,no,si
L000749,2024-10-24,10:00:00,Tomas,Torres,+5491140056436,tomas.torres790@mail.com,Neuquen,Cordoba Centro,google_ads,CAMP024,Google Ads - Peugeot Partner - whatsapp,Fiat,Partner,usado,test_drive,Sofia Torres,100,no,si
L000750,2025-04-11,10:50:00,Martina,Benitez,+5491146311180,martina.benitez815@mail.com,Neuquen,Moron,meta_ads,CAMP014,Google Ads - Toyota Corolla Cross - lead_form,Toyota,Corolla Cross,0km,nuevo,Juan Perez,21,si,si
L000751,2024-10-26,08:39:00,Joaquin,Gonzalez,+5491128337704,joaquin.gonzalez556@mail.com,Buenos Aires,Palermo,google_ads,CAMP008,Google Ads - Chevrolet Tracker - remarketing,Chevrolet,Spin,0km,contactado,Ana Perez,22,no,si
L000752,2025-11-27,12:00:00,Martina,Gonzalez,+5491150078616,martina.gonzalez737@mail.com,Santa Fe,Cordoba Centro,meta_ads,CAMP038,Meta Ads - Peugeot Expert - remarketing,Peugeot,Expert,0km,contactado,Camila Lopez,87,si,si
L000753,2026-05-05,13:34:00,Sofia,Benitez,+5491123200094,sofia.benitez195@mail.com,Salta,Rosario,meta_ads,CAMP031,Meta Ads - Volkswagen Polo - trafico,Toyota,Corolla Cross,usado,contactado,Ana Perez,22,no,si
L000754,2025-11-17,17:46:00,Benjamin,Benitez,+5491139495957,benjamin.benitez185@mail.com,Salta,Avellaneda,google_ads,CAMP026,Google Ads - Peugeot Partner - lead_form,Ford,Partner,0km,nuevo,Sofia Torres,83,si,si
L000755,2024-07-28,21:37:00,Camila,Garcia,+5491126078925,camila.garcia222@mail.com,Santa Fe,Cordoba Centro,google_ads,CAMP021,Google Ads - Toyota Hilux - trafico,Toyota,Hilux,financiado,test_drive,Martina Silva,18,no,si
L000756,2024-09-09,13:24:00,Florencia,Diaz,+5491132885778,florencia.diaz421@mail.com,Cordoba,Cordoba Centro,google_ads,CAMP012,Google Ads - Ford Territory - whatsapp,Ford,Territory,financiado,nuevo,Martina Silva,32,no,si
L000757,2026-09-12,12:32:00,Tomas,Diaz,+5491140662793,tomas.diaz724@mail.com,Salta,Avellaneda,google_ads,CAMP014,Google Ads - Toyota Corolla Cross - lead_form,Toyota,Corolla Cross,plan_ahorro,perdido,Camila Lopez,26,no,si
L000758,2026-08-05,17:25:00,Valentina,Lopez,+5491151680687,valentina.lopez469@mail.com,Tucuman,Moron,whatsapp_directo,,,Chevrolet,Spin,0km,nuevo,Camila Lopez,47,si,si
L000759,2025-01-13,09:45:00,Mateo,Diaz,+5491122263858,mateo.diaz483@mail.com,CABA,Moron,meta_ads,CAMP013,Google Ads - Renault Logan - lead_form,Renault,Logan,plan_ahorro,calificado,Nicolas Ruiz,43,si,si
L000760,2025-06-03,17:06:00,Bruno,Benitez,+5491166991838,bruno.benitez596@mail.com,CABA,Rosario,google_ads,CAMP007,Google Ads - Volkswagen Nivus - lead_form,Volkswagen,Nivus,0km,cotizado,Juan Perez,58,no,si
L000761,2026-08-29,18:09:00,Florencia,Fernandez,+5491165530084,florencia.fernandez632@mail.com,Buenos Aires,Mendoza Norte,meta_ads,CAMP033,Meta Ads - Volkswagen Nivus - trafico,Ford,Nivus,financiado,contactado,Camila Lopez,76,no,si
L000762,2024-08-20,19:25:00,Mia,Ramirez,+5491130000743,mia.ramirez420@mail.com,Buenos Aires,Moron,meta_ads,CAMP060,Meta Ads - Volkswagen Amarok - whatsapp,Renault,Amarok,0km,contactado,Lucas Gomez,69,no,si
L000763,2024-08-30,21:06:00,Florencia,Gonzalez,+5491164006904,florencia.gonzalez511@mail.com,Mendoza,Palermo,google_ads,CAMP001,Google Ads - Peugeot 208 - lead_form,Peugeot,208,financiado,calificado,Camila Lopez,58,si,si
L000764,2025-04-20,12:24:00,Agustin,Perez,+5491152432765,agustin.perez966@mail.com,Cordoba,Avellaneda,meta_ads,CAMP043,Meta Ads - Chevrolet Onix - remarketing,Chevrolet,Onix,plan_ahorro,contactado,Ana Perez,83,no,si
L000765,2024-06-20,13:36:00,Bruno,Sanchez,+5491169593963,bruno.sanchez557@mail.com,Santa Fe,Palermo,google_ads,CAMP028,Google Ads - Volkswagen Amarok - remarketing,Volkswagen,Amarok,0km,test_drive,Camila Lopez,65,no,si
L000766,2025-03-28,12:54:00,Emma,Benitez,+5491141949825,emma.benitez123@mail.com,CABA,Mendoza Norte,google_ads,CAMP004,Google Ads - Peugeot Expert - lead_form,Peugeot,Expert,usado,nuevo,Sofia Torres,23,no,si
L000767,2025-02-18,21:11:00,Martina,Rodriguez,+5491128382868,martina.rodriguez477@mail.com,Rio Negro,Cordoba Centro,meta_ads,CAMP041,Meta Ads - Toyota Corolla - lead_form,Toyota,Corolla,0km,calificado,Martina Silva,54,si,si
L000768,2026-08-27,16:07:00,Agustin,Fernandez,+5491120337017,agustin.fernandez235@mail.com,CABA,Palermo,google_ads,CAMP003,Google Ads - Volkswagen Virtus - lead_form,Volkswagen,Taos,usado,cotizado,Nicolas Ruiz,40,no,si
L000769,2024-07-12,09:05:00,Lucas,Martinez,+5491126241366,lucas.martinez444@mail.com,Tucuman,Rosario,meta_ads,CAMP037,Meta Ads - Peugeot Expert - trafico,Peugeot,Expert,financiado,contactado,Lucas Gomez,26,no,si
L000770,2025-11-12,22:15:00,Camila,Acosta,+5491160725437,camila.acosta149@mail.com,Entre Rios,La Plata,google_ads,CAMP029,Google Ads - Ford Bronco Sport - whatsapp,Peugeot,Bronco Sport,usado,sin_respuesta,Sofia Torres,67,si,si
L000771,2025-10-13,21:10:00,Martina,Perez,+5491124545795,martina.perez95@mail.com,Tucuman,Palermo,meta_ads,CAMP049,Meta Ads - Fiat Cronos - trafico,Volkswagen,Cronos,plan_ahorro,cotizado,Nicolas Ruiz,36,si,si
L000772,2024-04-30,21:29:00,Sofia,Garcia,+5491159408196,sofia.garcia97@mail.com,CABA,Rosario,meta_ads,CAMP047,Meta Ads - Renault Logan - lead_form,Toyota,Logan,plan_ahorro,contactado,Sofia Torres,32,si,si
L000773,2024-11-24,11:47:00,Lucia,Perez,+5491129438904,lucia.perez934@mail.com,Entre Rios,Avellaneda,google_ads,CAMP010,Google Ads - Renault Kangoo - whatsapp,Renault,Kangoo,usado,cotizado,Ana Perez,60,si,si
L000774,2026-01-11,19:05:00,Catalina,Romero,+5491169055380,catalina.romero754@mail.com,Neuquen,Rosario,google_ads,CAMP022,Google Ads - Toyota Hilux - lead_form,Renault,Hilux,financiado,nuevo,Martina Silva,32,si,si
L000775,2025-01-16,18:13:00,Benjamin,Alvarez,+5491124223601,benjamin.alvarez325@mail.com,Tucuman,La Plata,google_ads,CAMP016,Google Ads - Renault Kangoo - remarketing,Renault,Sandero,financiado,perdido,Sofia Torres,10,no,si
L000776,2024-01-07,16:48:00,Lautaro,Romero,+5491144647343,lautaro.romero327@mail.com,CABA,Palermo,meta_ads,CAMP043,Meta Ads - Chevrolet Onix - remarketing,Ford,Onix,financiado,calificado,Lucas Gomez,92,no,si
L000777,2026-06-10,22:41:00,Lucia,Rodriguez,+5491159732731,lucia.rodriguez429@mail.com,Entre Rios,Cordoba Centro,meta_ads,CAMP052,Meta Ads - Volkswagen Taos - whatsapp,Volkswagen,Taos,usado,perdido,Camila Lopez,20,si,si
L000778,2024-04-22,15:33:00,Lautaro,Acosta,+5491149718270,lautaro.acosta417@mail.com,Salta,Moron,meta_ads,CAMP025,Google Ads - Ford Maverick - whatsapp,Ford,Maverick,0km,sin_respuesta,Juan Perez,73,si,si
L000779,2024-11-10,18:56:00,Benjamin,Gonzalez,,benjamin.gonzalez856@mail.com,CABA,Palermo,meta_ads,CAMP060,Meta Ads - Volkswagen Amarok - whatsapp,Volkswagen,Amarok,usado,contactado,Nicolas Ruiz,22,si,si
L000780,2024-04-15,16:58:00,Tomas,Sanchez,+5491138800547,tomas.sanchez109@mail.com,Cordoba,Avellaneda,meta_ads,CAMP051,Meta Ads - Renault Logan - whatsapp,Peugeot,Logan,0km,cotizado,Martina Silva,11,no,si
L000781,2025-07-18,20:45:00,Catalina,Torres,+5491123308459,catalina.torres398@mail.com,Santa Fe,Moron,google_ads,CAMP003,Google Ads - Volkswagen Virtus - lead_form,Volkswagen,Nivus,financiado,calificado,Lucas Gomez,91,no,si
L000782,2025-07-15,09:30:00,Lucas,Ruiz,+5491131107402,benjamin.lopez783@mail.com,Mendoza,Moron,google_ads,CAMP002,Google Ads - Peugeot Partner - whatsapp,Ford,Partner,financiado,calificado,Ana Perez,62,no,si
L000783,2024-12-06,14:56:00,Florencia,Romero,+5491164340139,florencia.romero621@mail.com,Santa Fe,Cordoba Centro,meta_ads,CAMP047,Meta Ads - Renault Logan - lead_form,Renault,Logan,0km,cotizado,Camila Lopez,4,si,si
L000784,2024-10-22,22:39:00,Catalina,Acosta,+5491121777556,catalina.acosta767@mail.com,Tucuman,Palermo,meta_ads,CAMP037,Meta Ads - Peugeot Expert - trafico,Peugeot,Expert,financiado,perdido,Nicolas Ruiz,97,no,si
L000785,2026-09-23,15:49:00,Lautaro,Torres,+5491134936059,lautaro.torres27@mail.com,Tucuman,Rosario,meta_ads,CAMP041,Meta Ads - Toyota Corolla - lead_form,Renault,Sandero,0km,contactado,Camila Lopez,32,si,si
L000786,2026-01-07,22:32:00,Santiago,Alvarez,+5491126026511,santiago.alvarez891@mail.com,Buenos Aires,La Plata,organico,,,Fiat,Cronos,usado,nuevo,Camila Lopez,96,no,si
L000787,2024-01-26,11:09:00,Santiago,Torres,+5491166572545,santiago.torres590@mail.com,Buenos Aires,Cordoba Centro,meta_ads,CAMP060,Meta Ads - Volkswagen Amarok - whatsapp,Volkswagen,Amarok,financiado,cotizado,Sofia Torres,52,no,no
L000788,2026-09-22,09:51:00,Julieta,Rodriguez,+5491130564472,julieta.rodriguez792@mail.com,Entre Rios,La Plata,google_ads,CAMP014,Google Ads - Toyota Corolla Cross - lead_form,Toyota,Corolla Cross,financiado,calificado,Lucas Gomez,29,si,si
L000789,2024-02-10,19:42:00,Sofia,Sanchez,+5491148159759,sofia.sanchez341@mail.com,Santa Fe,Palermo,meta_ads,CAMP042,Meta Ads - Volkswagen Virtus - remarketing,Volkswagen,Polo,0km,cotizado,Diego Acosta,59,si,si
L000790,2026-06-05,21:33:00,Agustin,Alvarez,+5491128463965,agustin.alvarez826@mail.com,Neuquen,Palermo,google_ads,CAMP018,Google Ads - Toyota SW4 - trafico,Toyota,SW4,usado,nuevo,Diego Acosta,97,no,si
L000791,2026-04-29,10:41:00,Agustin,Rodriguez,+5491165936653,agustin.rodriguez623@mail.com,Salta,Moron,meta_ads,CAMP031,Meta Ads - Volkswagen Polo - trafico,Volkswagen,Polo,plan_ahorro,calificado,Juan Perez,97,no,si
L000792,2024-09-30,09:38:00,Santiago,Alvarez,+5491131064531,santiago.alvarez769@mail.com,Salta,Avellaneda,meta_ads,CAMP031,Meta Ads - Volkswagen Polo - trafico,Volkswagen,Polo,financiado,perdido,Martina Silva,53,si,si
L000793,2025-03-20,09:52:00,Florencia,Ramirez,+5491151582798,florencia.ramirez151@mail.com,Entre Rios,La Plata,organico,,,Volkswagen,Nivus,financiado,calificado,Ana Perez,34,si,si
L000794,2025-06-07,22:38:00,Bruno,Ruiz,+5491149525423,bruno.ruiz708@mail.com,Tucuman,Moron,meta_ads,CAMP032,Meta Ads - Fiat Pulse - lead_form,Fiat,Pulse,0km,nuevo,Diego Acosta,61,si,si
L000795,2025-02-17,13:54:00,Sofia,Martinez,+5491144134025,sofia.martinez498@mail.com,Tucuman,Palermo,google_ads,CAMP011,Google Ads - Peugeot 3008 - trafico,Peugeot,3008,plan_ahorro,calificado,Camila Lopez,47,si,si
L000796,2024-02-28,09:55:00,Emma,Sanchez,+5491130623173,emma.sanchez106@mail.com,Tucuman,Rosario,meta_ads,CAMP013,Google Ads - Renault Logan - lead_form,Renault,Logan,usado,calificado,Ana Perez,42,no,si
L000797,2024-09-26,12:11:00,Catalina,Rodriguez,,catalina.rodriguez512@mail.com,Tucuman,Palermo,google_ads,CAMP024,Google Ads - Peugeot Partner - whatsapp,Peugeot,Expert,financiado,nuevo,Juan Perez,96,no,si
L000798,2025-11-15,17:29:00,Lautaro,Alvarez,+5491169170083,lautaro.alvarez129@mail.com,Tucuman,Cordoba Centro,google_ads,CAMP025,Google Ads - Ford Maverick - whatsapp,Fiat,Maverick,financiado,contactado,Lucas Gomez,32,si,si
L000799,2024-09-23,13:40:00,Valentina,Rodriguez,+5491139937124,valentina.rodriguez314@mail.com,CABA,Palermo,meta_ads,CAMP031,Meta Ads - Volkswagen Polo - trafico,Volkswagen,Polo,financiado,perdido,Ana Perez,25,si,no
L000800,2025-11-02,14:20:00,Agustin,Sanchez,+5491138557041,agustin.sanchez539@mail.com,Salta,Cordoba Centro,meta_ads,CAMP050,Meta Ads - Chevrolet Tracker - lead_form,Chevrolet,Tracker,financiado,calificado,Nicolas Ruiz,38,si,si
L000801,2025-07-21,15:33:00,Catalina,Romero,+5491124794754,catalina.romero205@mail.com,Rio Negro,Palermo,google_ads,CAMP017,Google Ads - Chevrolet Onix - remarketing,Chevrolet,Tracker,usado,sin_respuesta,Nicolas Ruiz,7,si,si
L000802,2025-06-02,22:45:00,Valentina,Ramirez,+5491166519843,valentina.ramirez45@mail.com,Buenos Aires,La Plata,google_ads,CAMP008,Google Ads - Chevrolet Tracker - remarketing,Chevrolet,Tracker,financiado,perdido,Camila Lopez,35,no,si
L000803,2026-08-25,08:56:00,Lucia,Garcia,+5491120010517,lucia.garcia353@mail.com,CABA,Palermo,meta_ads,CAMP050,Meta Ads - Chevrolet Tracker - lead_form,Chevrolet,Tracker,0km,nuevo,Martina Silva,54,si,si
L000804,2024-03-04,19:38:00,Santiago,Ruiz,+5491155977521,santiago.ruiz572@mail.com,CABA,Cordoba Centro,google_ads,CAMP012,Google Ads - Ford Territory - whatsapp,Toyota,Territory,0km,calificado,Sofia Torres,21,si,si
L000805,2026-01-23,12:49:00,Tomas,Alvarez,+5491146904861,tomas.alvarez317@mail.com,CABA,Rosario,google_ads,CAMP027,Google Ads - Chevrolet Tracker - whatsapp,Chevrolet,Tracker,financiado,contactado,Sofia Torres,19,no,si
L000806,2024-05-08,12:43:00,Camila,Torres,+5491128739527,camila.torres27@mail.com,Santa Fe,Moron,google_ads,CAMP010,Google Ads - Renault Kangoo - whatsapp,Renault,Kangoo,usado,calificado,Martina Silva,47,no,si
L000807,2025-10-21,12:19:00,Mia,Rodriguez,+5491128342277,mia.rodriguez803@mail.com,Buenos Aires,Rosario,whatsapp_directo,,,Volkswagen,Virtus,financiado,contactado,Camila Lopez,20,si,si
L000808,2026-01-14,18:36:00,Franco,Romero,+5491152202082,franco.romero662@mail.com,Santa Fe,La Plata,google_ads,CAMP021,Google Ads - Toyota Hilux - trafico,Toyota,Hilux,0km,nuevo,Juan Perez,87,no,si
L000809,2025-11-19,08:58:00,Mateo,Romero,+5491164895400,mateo.romero120@mail.com,Buenos Aires,Rosario,google_ads,CAMP011,Google Ads - Peugeot 3008 - trafico,Fiat,3008,plan_ahorro,sin_respuesta,Diego Acosta,59,si,si
L000810,2024-01-17,16:40:00,Lautaro,Torres,+5491159317797,lautaro.torres969@mail.com,Neuquen,Rosario,meta_ads,CAMP044,Meta Ads - Fiat Fastback - remarketing,Fiat,Toro,0km,nuevo,Nicolas Ruiz,16,si,si
L000811,2025-04-03,19:23:00,Martina,Ramirez,+5491125796612,martina.ramirez677@mail.com,Entre Rios,Moron,google_ads,CAMP022,Google Ads - Toyota Hilux - lead_form,Toyota,Hilux,usado,cotizado,Diego Acosta,89,si,si
L000812,2026-06-11,17:53:00,Florencia,Diaz,+5491130423429,florencia.diaz30@mail.com,Entre Rios,Cordoba Centro,google_ads,CAMP009,Google Ads - Volkswagen Amarok - trafico,Volkswagen,Amarok,plan_ahorro,perdido,Sofia Torres,36,si,si
L000813,2026-01-18,20:19:00,Florencia,Martinez,+5491163927779,florencia.martinez679@mail.com,Entre Rios,Mendoza Norte,organico,,,Peugeot,208,financiado,calificado,Nicolas Ruiz,2,si,si
L000814,2025-05-05,18:37:00,Joaquin,Lopez,+5491156358050,joaquin.lopez933@mail.com,Tucuman,Avellaneda,meta_ads,CAMP045,Meta Ads - Chevrolet S10 - lead_form,Volkswagen,S10,plan_ahorro,calificado,Lucas Gomez,5,si,si
L000815,2025-09-03,15:00:00,Bruno,Sanchez,+5491144706464,bruno.sanchez302@mail.com,Rio Negro,Moron,google_ads,CAMP015,Google Ads - Ford Maverick - trafico,Ford,Maverick,plan_ahorro,contactado,Sofia Torres,47,si,si
L000816,2024-06-23,19:36:00,Tomas,Gonzalez,+5491157939563,tomas.gonzalez124@mail.com,Tucuman,La Plata,meta_ads,CAMP056,Meta Ads - Renault Logan - whatsapp,Renault,Logan,plan_ahorro,calificado,Nicolas Ruiz,68,si,si
L000817,2024-06-02,16:48:00,Bruno,Acosta,+5491145258038,bruno.acosta538@mail.com,Buenos Aires,Palermo,meta_ads,CAMP034,Meta Ads - Volkswagen Amarok - remarketing,Volkswagen,Amarok,plan_ahorro,perdido,Lucas Gomez,89,si,si
L000818,2025-08-19,15:10:00,Benjamin,Ruiz,+5491169838889,benjamin.ruiz691@mail.com,Santa Fe,La Plata,google_ads,CAMP028,Google Ads - Volkswagen Amarok - remarketing,Chevrolet,Tracker,usado,contactado,Camila Lopez,20,no,si
L000819,2024-10-21,16:46:00,Mateo,Lopez,+5491162933221,mateo.lopez265@mail.com,Rio Negro,Avellaneda,meta_ads,CAMP033,Meta Ads - Volkswagen Nivus - trafico,Renault,Nivus,financiado,perdido,Ana Perez,47,si,si
L000820,2024-11-16,09:51:00,Lucia,Acosta,+5491124989170,lucia.acosta995@mail.com,CABA,Rosario,google_ads,CAMP020,Google Ads - Chevrolet Tracker - lead_form,Chevrolet,Tracker,0km,calificado,Ana Perez,98,si,si
L000821,2024-09-08,11:08:00,Mia,Torres,+5491126574140,mia.torres475@mail.com,Mendoza,Cordoba Centro,google_ads,CAMP004,Google Ads - Peugeot Expert - lead_form,Peugeot,Expert,plan_ahorro,cotizado,Juan Perez,100,si,si
L000822,2024-02-08,19:34:00,Franco,Diaz,+5491168310478,franco.diaz660@mail.com,Cordoba,Mendoza Norte,meta_ads,CAMP049,Meta Ads - Fiat Cronos - trafico,Toyota,SW4,0km,cotizado,Sofia Torres,97,no,si
L000823,2026-06-13,15:49:00,Santiago,Fernandez,+5491157286675,santiago.fernandez584@mail.com,Cordoba,Palermo,google_ads,CAMP030,Google Ads - Peugeot Partner - lead_form,Volkswagen,Amarok,financiado,nuevo,Martina Silva,88,si,si
L000824,2025-09-13,09:28:00,Tomas,Romero,+5491156608683,tomas.romero505@mail.com,Santa Fe,Avellaneda,google_ads,CAMP028,Google Ads - Volkswagen Amarok - remarketing,Volkswagen,Nivus,usado,cotizado,Martina Silva,4,no,si
L000825,2025-12-25,13:24:00,Sofia,Acosta,+5491139077767,sofia.acosta223@mail.com,Entre Rios,Avellaneda,google_ads,CAMP018,Google Ads - Toyota SW4 - trafico,Toyota,SW4,usado,contactado,Juan Perez,96,no,no
L000826,2026-07-02,13:02:00,Valentina,Torres,+5491121128356,valentina.torres167@mail.com,Salta,Rosario,google_ads,CAMP016,Google Ads - Renault Kangoo - remarketing,Ford,Kangoo,usado,contactado,Sofia Torres,45,si,si
L000827,2025-04-07,14:04:00,Sofia,Ruiz,+5491158136958,sofia.ruiz177@mail.com,Rio Negro,Moron,meta_ads,CAMP054,Meta Ads - Chevrolet S10 - remarketing,Ford,S10,0km,contactado,Diego Acosta,33,si,si
L000828,2025-10-28,20:41:00,Lautaro,Rodriguez,+5491123695859,lautaro.rodriguez147@mail.com,Buenos Aires,Avellaneda,meta_ads,CAMP035,Meta Ads - Peugeot 3008 - whatsapp,Peugeot,Expert,usado,nuevo,Nicolas Ruiz,20,si,si
L000829,2026-01-01,18:00:00,Joaquin,Lopez,+5491130773136,joaquin.lopez150@mail.com,Rio Negro,Mendoza Norte,meta_ads,CAMP033,Meta Ads - Volkswagen Nivus - trafico,Volkswagen,Taos,financiado,calificado,Camila Lopez,1,no,si
L000830,2024-10-24,18:23:00,Santiago,Acosta,+5491122522424,santiago.acosta506@mail.com,Entre Rios,Cordoba Centro,google_ads,CAMP026,Google Ads - Peugeot Partner - lead_form,Peugeot,Partner,usado,calificado,Nicolas Ruiz,32,si,si
L000831,2025-08-20,12:08:00,Franco,Ramirez,+5491169318496,franco.ramirez694@mail.com,Santa Fe,Palermo,meta_ads,CAMP040,Meta Ads - Volkswagen Virtus - remarketing,Volkswagen,Virtus,0km,sin_respuesta,Martina Silva,49,si,si
L000832,2024-10-04,13:01:00,Agustin,Ruiz,+5491167346749,agustin.ruiz507@mail.com,Tucuman,La Plata,google_ads,CAMP029,Google Ads - Ford Bronco Sport - whatsapp,Chevrolet,S10,plan_ahorro,contactado,Lucas Gomez,73,no,si
L000833,2024-12-10,13:19:00,Joaquin,Gonzalez,+5491155951744,joaquin.gonzalez374@mail.com,Entre Rios,Moron,google_ads,CAMP009,Google Ads - Volkswagen Amarok - trafico,Volkswagen,Amarok,financiado,test_drive,Diego Acosta,96,si,si
L000834,2026-07-28,16:35:00,Sofia,Torres,+5491140152612,sofia.torres670@mail.com,CABA,Rosario,google_ads,CAMP028,Google Ads - Volkswagen Amarok - remarketing,Ford,Amarok,usado,nuevo,Martina Silva,54,si,si
L000835,2025-10-24,21:40:00,Catalina,Gonzalez,+5491141654876,catalina.gonzalez468@mail.com,Salta,La Plata,meta_ads,CAMP031,Meta Ads - Volkswagen Polo - trafico,Peugeot,Partner,usado,cotizado,Nicolas Ruiz,98,no,si
L000836,2025-06-16,14:12:00,Mateo,Fernandez,+5491123476765,mateo.fernandez701@mail.com,CABA,Avellaneda,google_ads,CAMP007,Google Ads - Volkswagen Nivus - lead_form,Volkswagen,Nivus,financiado,perdido,Camila Lopez,93,no,si
L000837,2025-11-05,10:05:00,Bruno,Alvarez,+5491151187013,bruno.alvarez634@mail.com,Mendoza,Cordoba Centro,meta_ads,CAMP045,Meta Ads - Chevrolet S10 - lead_form,Chevrolet,S10,financiado,perdido,Martina Silva,82,si,si
L000838,2024-12-31,14:28:00,Martina,Gonzalez,+5491164900840,martina.gonzalez899@mail.com,Santa Fe,Palermo,whatsapp_directo,,,Renault,Logan,0km,cotizado,Sofia Torres,70,si,si
L000839,2026-01-18,13:27:00,Tomas,Ramirez,+5491120945462,tomas.ramirez43@mail.com,Neuquen,Avellaneda,google_ads,CAMP012,Google Ads - Ford Territory - whatsapp,Ford,Kuga,0km,nuevo,Lucas Gomez,4,no,si
L000840,2025-04-12,15:25:00,Camila,Lopez,+5491129958714,camila.lopez257@mail.com,Neuquen,Cordoba Centro,google_ads,CAMP022,Google Ads - Toyota Hilux - lead_form,Peugeot,Expert,financiado,nuevo,Sofia Torres,71,no,si
L000841,2024-12-05,20:06:00,Lucia,Torres,+5491131303424,lucia.torres942@mail.com,Rio Negro,Rosario,meta_ads,CAMP054,Meta Ads - Chevrolet S10 - remarketing,Chevrolet,S10,usado,cotizado,Ana Perez,36,si,si
L000842,2026-08-09,08:46:00,Lautaro,Torres,+5491120475360,lautaro.torres930@mail.com,Neuquen,Rosario,google_ads,CAMP007,Google Ads - Volkswagen Nivus - lead_form,Toyota,Nivus,0km,cotizado,Juan Perez,29,no,si
L000843,2026-07-23,12:03:00,Mia,Benitez,+5491149641162,mia.benitez161@mail.com,Buenos Aires,Mendoza Norte,meta_ads,CAMP043,Meta Ads - Chevrolet Onix - remarketing,Chevrolet,Onix,financiado,perdido,Martina Silva,42,no,si
L000844,2025-01-03,21:38:00,Mia,Martinez,+5491155842865,mia.martinez925@mail.com,Santa Fe,La Plata,google_ads,CAMP017,Google Ads - Chevrolet Onix - remarketing,Chevrolet,Onix,usado,test_drive,Diego Acosta,74,no,no
L000845,2024-04-19,16:59:00,Catalina,Perez,+5491153299335,catalina.perez686@mail.com,Buenos Aires,Mendoza Norte,google_ads,CAMP028,Google Ads - Volkswagen Amarok - remarketing,Volkswagen,Amarok,0km,contactado,Martina Silva,64,si,si
L000846,2025-02-10,10:52:00,Mia,Ruiz,+5491124537833,mia.ruiz760@mail.com,Rio Negro,Avellaneda,google_ads,CAMP016,Google Ads - Renault Kangoo - remarketing,Peugeot,Kangoo,usado,cotizado,Juan Perez,45,no,si
L000847,2024-11-28,15:18:00,Valentina,Lopez,+5491141421264,valentina.lopez177@mail.com,Salta,La Plata,meta_ads,CAMP058,Meta Ads - Toyota Corolla Cross - lead_form,Toyota,Corolla Cross,usado,calificado,Diego Acosta,66,si,si
L000848,2025-07-19,12:22:00,Agustin,Ruiz,+5491141664569,agustin.ruiz585@mail.com,CABA,Mendoza Norte,meta_ads,CAMP047,Meta Ads - Renault Logan - lead_form,Fiat,Logan,usado,cotizado,Martina Silva,91,si,si
L000849,2025-10-11,22:43:00,Bruno,Lopez,+5491137135603,bruno.lopez843@mail.com,Tucuman,Cordoba Centro,google_ads,CAMP017,Google Ads - Chevrolet Onix - remarketing,Chevrolet,Onix,0km,nuevo,Diego Acosta,77,no,si
L000850,2026-07-01,14:32:00,Mia,Perez,+5491150788280,mia.perez719@mail.com,Entre Rios,Avellaneda,google_ads,CAMP022,Google Ads - Toyota Hilux - lead_form,Toyota,Hilux,plan_ahorro,contactado,Martina Silva,35,si,si
L000851,2026-08-13,16:45:00,Valentina,Gonzalez,+5491146008189,valentina.gonzalez21@mail.com,Rio Negro,La Plata,google_ads,CAMP021,Google Ads - Toyota Hilux - trafico,Toyota,Hilux,usado,calificado,Sofia Torres,4,si,si
L000852,2024-08-08,16:57:00,Bruno,Garcia,+5491151459123,bruno.garcia224@mail.com,Entre Rios,Mendoza Norte,meta_ads,CAMP054,Meta Ads - Chevrolet S10 - remarketing,Chevrolet,S10,usado,contactado,Diego Acosta,64,si,si
L000853,2026-08-31,13:28:00,Mateo,Garcia,+5491143658748,mateo.garcia502@mail.com,Rio Negro,Avellaneda,meta_ads,CAMP046,Meta Ads - Peugeot 208 - trafico,Peugeot,208,0km,sin_respuesta,Juan Perez,43,si,si
L000854,2025-09-15,12:15:00,Valentina,Sanchez,+5491146349186,valentina.sanchez120@mail.com,Entre Rios,Rosario,google_ads,CAMP015,Google Ads - Ford Maverick - trafico,Ford,Bronco Sport,financiado,perdido,Martina Silva,21,si,no
L000855,2025-08-20,19:12:00,Martina,Benitez,+5491156765700,martina.benitez971@mail.com,CABA,Rosario,google_ads,CAMP027,Google Ads - Chevrolet Tracker - whatsapp,Chevrolet,Tracker,plan_ahorro,sin_respuesta,Camila Lopez,40,no,si
L000856,2025-08-31,13:57:00,Mia,Diaz,+5491154971281,mia.diaz153@mail.com,Salta,Rosario,meta_ads,CAMP036,Meta Ads - Ford Territory - whatsapp,Ford,Territory,usado,cotizado,Nicolas Ruiz,97,si,no
L000857,2026-04-30,18:59:00,Santiago,Martinez,+5491125817435,santiago.martinez335@mail.com,Cordoba,Palermo,meta_ads,CAMP057,Meta Ads - Toyota Hilux - lead_form,Toyota,Hilux,usado,test_drive,Camila Lopez,13,no,si
L000858,2025-05-30,10:03:00,Camila,Fernandez,+5491124305220,camila.fernandez880@mail.com,Mendoza,Cordoba Centro,google_ads,CAMP010,Google Ads - Renault Kangoo - whatsapp,Renault,Kangoo,0km,nuevo,Camila Lopez,13,si,si
L000859,2024-06-25,22:38:00,Emma,Benitez,+5491163059057,emma.benitez64@mail.com,Neuquen,La Plata,google_ads,CAMP028,Google Ads - Volkswagen Amarok - remarketing,Volkswagen,Amarok,0km,nuevo,Camila Lopez,45,si,si
L000860,2024-09-02,18:43:00,Julieta,Ramirez,+5491161236291,julieta.ramirez539@mail.com,Rio Negro,Rosario,meta_ads,CAMP042,Meta Ads - Volkswagen Virtus - remarketing,Toyota,Virtus,usado,nuevo,Camila Lopez,56,no,si
L000861,2025-08-14,22:43:00,Lucia,Fernandez,+5491130663446,lucia.fernandez559@mail.com,Buenos Aires,Rosario,google_ads,CAMP002,Google Ads - Peugeot Partner - whatsapp,Peugeot,Partner,financiado,perdido,Diego Acosta,86,no,si
L000862,2026-09-17,15:42:00,Sofia,Martinez,+5491166556487,sofia.martinez886@mail.com,Santa Fe,Palermo,meta_ads,CAMP049,Meta Ads - Fiat Cronos - trafico,Fiat,Cronos,0km,nuevo,Martina Silva,34,si,si
L000863,2026-09-10,14:29:00,Tomas,Lopez,+5491156725357,tomas.lopez219@mail.com,Cordoba,Palermo,google_ads,CAMP018,Google Ads - Toyota SW4 - trafico,Toyota,SW4,financiado,cotizado,Lucas Gomez,83,si,si
L000864,2025-05-10,17:51:00,Lucas,Acosta,+5491131610359,lucas.acosta958@mail.com,Tucuman,Cordoba Centro,meta_ads,CAMP046,Meta Ads - Peugeot 208 - trafico,Peugeot,208,0km,perdido,Ana Perez,85,si,si
L000865,2024-03-17,14:30:00,Catalina,Ramirez,+5491128893085,catalina.ramirez131@mail.com,Santa Fe,La Plata,meta_ads,CAMP059,Meta Ads - Renault Alaskan - whatsapp,Renault,Alaskan,plan_ahorro,nuevo,Nicolas Ruiz,81,no,si
L000866,2024-06-16,14:45:00,Sofia,Rodriguez,+5491129067567,sofia.rodriguez870@mail.com,Neuquen,Moron,google_ads,CAMP024,Google Ads - Peugeot Partner - whatsapp,Peugeot,Partner,0km,cotizado,Diego Acosta,9,no,si
L000867,2026-09-17,15:39:00,Lucia,Perez,+5491165912744,lucia.perez441@mail.com,Salta,Rosario,google_ads,CAMP029,Google Ads - Ford Bronco Sport - whatsapp,Renault,Bronco Sport,plan_ahorro,calificado,Camila Lopez,43,si,si
L000868,2024-01-20,14:22:00,Valentina,Lopez,+5491141525082,valentina.lopez709@mail.com,CABA,Cordoba Centro,google_ads,CAMP023,Google Ads - Fiat Pulse - remarketing,Fiat,Pulse,financiado,nuevo,Ana Perez,32,si,si
L000869,2025-01-05,21:52:00,Florencia,Perez,+5491166733309,florencia.perez638@mail.com,Cordoba,Cordoba Centro,meta_ads,CAMP054,Meta Ads - Chevrolet S10 - remarketing,Chevrolet,S10,0km,cotizado,Sofia Torres,93,no,si
L000870,2025-01-20,08:27:00,Camila,Benitez,+5491121680117,julieta.ruiz238@mail.com,Buenos Aires,Cordoba Centro,meta_ads,CAMP058,Meta Ads - Toyota Corolla Cross - lead_form,Toyota,Hilux,usado,contactado,Juan Perez,92,no,si
L000871,2025-02-09,14:56:00,Mia,Rodriguez,+5491162997784,mia.rodriguez83@mail.com,Neuquen,Rosario,google_ads,CAMP004,Google Ads - Peugeot Expert - lead_form,Peugeot,Expert,usado,calificado,Sofia Torres,84,si,si
L000872,2026-07-27,08:59:00,Sofia,Romero,+5491128593961,sofia.romero995@mail.com,Rio Negro,Mendoza Norte,meta_ads,CAMP055,Meta Ads - Toyota Corolla - trafico,Toyota,Corolla,plan_ahorro,calificado,Martina Silva,82,no,si
L000873,2026-08-11,12:52:00,Joaquin,Ruiz,+5491140496890,joaquin.ruiz571@mail.com,Santa Fe,La Plata,google_ads,CAMP030,Google Ads - Peugeot Partner - lead_form,Peugeot,Partner,plan_ahorro,sin_respuesta,Nicolas Ruiz,49,si,no
L000874,2026-07-07,16:35:00,Mia,Gonzalez,+5491123997382,mia.gonzalez887@mail.com,Cordoba,Cordoba Centro,google_ads,CAMP021,Google Ads - Toyota Hilux - trafico,Toyota,SW4,0km,nuevo,Camila Lopez,6,si,si
L000875,2024-09-12,10:04:00,Martina,Gonzalez,+5491131523809,martina.gonzalez179@mail.com,Neuquen,Palermo,meta_ads,CAMP059,Meta Ads - Renault Alaskan - whatsapp,Renault,Alaskan,usado,nuevo,Martina Silva,68,si,si
L000876,2026-08-12,22:14:00,Mia,Garcia,+5491148092249,mia.garcia251@mail.com,CABA,Mendoza Norte,meta_ads,CAMP048,Meta Ads - Ford Kuga - whatsapp,Ford,Kuga,0km,contactado,Martina Silva,27,si,si
L000877,2024-06-15,12:47:00,Valentina,Ruiz,+5491129257753,valentina.ruiz134@mail.com,Salta,La Plata,google_ads,CAMP021,Google Ads - Toyota Hilux - trafico,Toyota,Hilux,0km,contactado,Ana Perez,52,no,si
L000878,2025-12-01,21:47:00,Lautaro,Ramirez,+5491160878135,lautaro.ramirez26@mail.com,Cordoba,La Plata,google_ads,CAMP038,Meta Ads - Peugeot Expert - remarketing,Peugeot,Partner,financiado,cotizado,Ana Perez,35,no,si
L000879,2024-07-09,16:10:00,Sofia,Ramirez,+5491168435159,sofia.ramirez894@mail.com,Entre Rios,La Plata,meta_ads,CAMP036,Meta Ads - Ford Territory - whatsapp,Ford,Territory,usado,sin_respuesta,Diego Acosta,28,si,si
L000880,2024-10-23,08:58:00,Valentina,Fernandez,+5491132510469,valentina.fernandez394@mail.com,Salta,Moron,meta_ads,CAMP032,Meta Ads - Fiat Pulse - lead_form,Fiat,Pulse,financiado,calificado,Sofia Torres,26,si,si
L000881,2026-03-19,22:59:00,Martina,Martinez,+5491137694212,martina.martinez531@mail.com,Cordoba,La Plata,google_ads,CAMP027,Google Ads - Chevrolet Tracker - whatsapp,Chevrolet,Tracker,0km,contactado,Camila Lopez,81,no,no
L000882,2026-03-03,14:24:00,Tomas,Torres,+5491138284544,tomas.torres121@mail.com,Buenos Aires,La Plata,meta_ads,CAMP054,Meta Ads - Chevrolet S10 - remarketing,Chevrolet,S10,usado,contactado,Diego Acosta,24,si,si
L000883,2026-02-24,12:39:00,Lautaro,Perez,+5491165972733,lautaro.perez766@mail.com,Mendoza,Moron,meta_ads,CAMP043,Meta Ads - Chevrolet Onix - remarketing,Chevrolet,Onix,usado,contactado,Ana Perez,33,no,si
L000884,2024-05-29,16:39:00,Sofia,Ramirez,+5491165809904,sofia.ramirez504@mail.com,CABA,Rosario,google_ads,CAMP018,Google Ads - Toyota SW4 - trafico,Toyota,SW4,financiado,contactado,Camila Lopez,93,si,si
L000885,2025-12-10,12:45:00,Agustin,Sanchez,+5491164302271,agustin.sanchez811@mail.com,CABA,Palermo,meta_ads,CAMP041,Meta Ads - Toyota Corolla - lead_form,Toyota,Corolla,usado,cotizado,Martina Silva,2,si,si
L000886,2025-03-20,21:20:00,Bruno,Alvarez,+5491126883659,bruno.alvarez161@mail.com,Rio Negro,Palermo,google_ads,CAMP056,Meta Ads - Renault Logan - whatsapp,Chevrolet,Cruze,usado,calificado,Juan Perez,25,si,si
L000887,2025-06-15,16:03:00,Valentina,Perez,+5491159433147,valentina.perez13@mail.com,CABA,Cordoba Centro,google_ads,CAMP015,Google Ads - Ford Maverick - trafico,Toyota,Maverick,usado,perdido,Martina Silva,15,si,si
L000888,2026-05-13,10:27:00,Joaquin,Lopez,+5491139480667,joaquin.lopez108@mail.com,Tucuman,Moron,meta_ads,CAMP035,Meta Ads - Peugeot 3008 - whatsapp,Fiat,3008,0km,calificado,Lucas Gomez,51,si,si
L000889,2024-05-22,17:05:00,Emma,Sanchez,+5491154234793,emma.sanchez494@mail.com,Tucuman,Rosario,meta_ads,CAMP056,Meta Ads - Renault Logan - whatsapp,Renault,Logan,plan_ahorro,nuevo,Martina Silva,23,si,si
L000890,2024-07-23,12:16:00,Mia,Fernandez,+5491166745343,mia.fernandez384@mail.com,Entre Rios,La Plata,organico,,,Peugeot,Onix,usado,sin_respuesta,Martina Silva,34,si,no
L000891,2026-07-17,22:01:00,Mia,Garcia,+5491160200363,mia.garcia263@mail.com,Entre Rios,Palermo,meta_ads,CAMP060,Meta Ads - Volkswagen Amarok - whatsapp,Volkswagen,Amarok,0km,calificado,Lucas Gomez,96,no,si
L000892,2026-09-04,08:16:00,Valentina,Acosta,+5491168810763,valentina.acosta27@mail.com,Santa Fe,Palermo,google_ads,CAMP007,Google Ads - Volkswagen Nivus - lead_form,Volkswagen,Nivus,usado,test_drive,Sofia Torres,14,si,si
L000893,2025-05-30,13:07:00,Sofia,Perez,+5491134802924,sofia.perez794@mail.com,Salta,Mendoza Norte,google_ads,CAMP003,Google Ads - Volkswagen Virtus - lead_form,Toyota,Virtus,0km,contactado,Nicolas Ruiz,33,si,si
L000894,2025-06-10,17:00:00,Tomas,Acosta,+5491169248953,,Tucuman,Avellaneda,meta_ads,CAMP041,Meta Ads - Toyota Corolla - lead_form,Toyota,Corolla,financiado,contactado,Lucas Gomez,92,no,si
L000895,2026-04-23,20:06:00,Mia,Ruiz,+5491156918486,mia.ruiz310@mail.com,Neuquen,Avellaneda,google_ads,CAMP022,Google Ads - Toyota Hilux - lead_form,Toyota,Hilux,usado,cotizado,Camila Lopez,15,si,si
L000896,2024-09-23,20:36:00,Martina,Fernandez,+5491151080852,martina.fernandez996@mail.com,Tucuman,Cordoba Centro,google_ads,CAMP010,Google Ads - Renault Kangoo - whatsapp,Renault,Kangoo,usado,cotizado,Martina Silva,76,no,si
L000897,2026-01-12,16:11:00,Joaquin,Romero,+5491162403141,joaquin.romero396@mail.com,Rio Negro,Palermo,google_ads,CAMP018,Google Ads - Toyota SW4 - trafico,Toyota,SW4,0km,contactado,Camila Lopez,100,si,si
L000898,2025-03-07,15:38:00,Lucia,Diaz,+5491151671768,lucia.diaz429@mail.com,Salta,Mendoza Norte,meta_ads,CAMP054,Meta Ads - Chevrolet S10 - remarketing,Chevrolet,S10,financiado,sin_respuesta,Martina Silva,67,no,si
L000899,2024-08-11,08:19:00,Catalina,Torres,+5491158253569,lucia.rodriguez627@mail.com,Entre Rios,Rosario,google_ads,CAMP019,Google Ads - Renault Alaskan - trafico,Renault,Alaskan,financiado,test_drive,Martina Silva,46,si,si
L000900,2024-11-25,19:12:00,Joaquin,Sanchez,+5491160540609,joaquin.sanchez765@mail.com,Buenos Aires,Avellaneda,meta_ads,CAMP047,Meta Ads - Renault Logan - lead_form,Toyota,Corolla,plan_ahorro,contactado,Martina Silva,9,no,si
L000901,2025-11-08,21:11:00,Lautaro,Romero,+5491135753667,lautaro.romero789@mail.com,Neuquen,Avellaneda,google_ads,CAMP022,Google Ads - Toyota Hilux - lead_form,Toyota,Hilux,0km,perdido,Juan Perez,100,si,si
L000902,2025-04-07,14:00:00,Lucia,Garcia,+5491141716309,lucia.garcia943@mail.com,Buenos Aires,Cordoba Centro,google_ads,CAMP024,Google Ads - Peugeot Partner - whatsapp,Peugeot,Partner,plan_ahorro,calificado,Camila Lopez,89,si,si
L000903,2025-07-05,09:41:00,Lucia,Torres,+5491130707151,lucia.torres364@mail.com,Tucuman,Palermo,whatsapp_directo,,,Peugeot,208,plan_ahorro,contactado,Diego Acosta,15,si,si
L000904,2026-02-08,08:20:00,Santiago,Ruiz,+5491166079200,santiago.ruiz119@mail.com,Rio Negro,Cordoba Centro,meta_ads,CAMP041,Meta Ads - Toyota Corolla - lead_form,Toyota,Hilux,financiado,contactado,Ana Perez,32,no,si
L000905,2024-04-23,14:27:00,Lucas,Acosta,+5491125171238,lucas.acosta46@mail.com,CABA,La Plata,meta_ads,CAMP049,Meta Ads - Fiat Cronos - trafico,Fiat,Pulse,usado,nuevo,Martina Silva,72,no,si
L000906,2024-03-07,13:20:00,Joaquin,Ramirez,+5491169624720,joaquin.ramirez63@mail.com,Entre Rios,Cordoba Centro,meta_ads,CAMP036,Meta Ads - Ford Territory - whatsapp,Chevrolet,Territory,0km,calificado,Diego Acosta,23,no,si
L000907,2024-11-17,12:17:00,Martina,Ruiz,+5491162809566,martina.ruiz107@mail.com,Santa Fe,Mendoza Norte,whatsapp_directo,,,Chevrolet,S10,0km,contactado,Camila Lopez,22,si,si
L000908,2026-05-09,08:55:00,Emma,Garcia,+5491122898720,emma.garcia540@mail.com,Entre Rios,La Plata,google_ads,CAMP002,Google Ads - Peugeot Partner - whatsapp,Peugeot,Partner,usado,test_drive,Lucas Gomez,12,no,si
L000909,2025-12-06,10:07:00,Catalina,Romero,+5491137804954,catalina.romero281@mail.com,Entre Rios,Mendoza Norte,google_ads,CAMP013,Google Ads - Renault Logan - lead_form,Renault,Logan,0km,nuevo,Juan Perez,98,si,si
L000910,2024-05-27,11:09:00,Bruno,Diaz,+5491128480977,bruno.diaz927@mail.com,CABA,Palermo,meta_ads,CAMP056,Meta Ads - Renault Logan - whatsapp,Renault,Logan,usado,perdido,Ana Perez,21,si,si
L000911,2024-12-26,15:55:00,Camila,Lopez,+5491127393513,camila.lopez146@mail.com,CABA,Palermo,google_ads,CAMP009,Google Ads - Volkswagen Amarok - trafico,Volkswagen,Nivus,usado,nuevo,Sofia Torres,87,no,si
L000912,2026-07-01,17:07:00,Lucas,Torres,+5491147861945,lucas.torres502@mail.com,Rio Negro,Palermo,meta_ads,CAMP045,Meta Ads - Chevrolet S10 - lead_form,Chevrolet,S10,usado,contactado,Nicolas Ruiz,94,si,si
L000913,2025-09-04,18:49:00,Santiago,Perez,+5491138766811,santiago.perez235@mail.com,Salta,La Plata,meta_ads,CAMP058,Meta Ads - Toyota Corolla Cross - lead_form,Ford,Maverick,0km,perdido,Sofia Torres,71,si,si
L000914,2026-03-24,08:15:00,Bruno,Perez,+5491121325938,bruno.perez745@mail.com,Salta,Rosario,google_ads,CAMP026,Google Ads - Peugeot Partner - lead_form,Peugeot,3008,financiado,nuevo,Diego Acosta,83,no,si
L000915,2025-04-05,11:52:00,Tomas,Garcia,+5491157341339,tomas.garcia134@mail.com,CABA,Rosario,organico,,,Toyota,Hilux,plan_ahorro,contactado,Juan Perez,12,no,si
L000916,2026-01-14,09:48:00,Benjamin,Alvarez,+5491139133811,benjamin.alvarez815@mail.com,Neuquen,Palermo,google_ads,CAMP009,Google Ads - Volkswagen Amarok - trafico,Ford,Amarok,0km,nuevo,Lucas Gomez,20,no,si
L000917,2026-05-14,14:47:00,Florencia,Ruiz,+5491131632616,florencia.ruiz914@mail.com,Salta,La Plata,meta_ads,CAMP059,Meta Ads - Renault Alaskan - whatsapp,Peugeot,Alaskan,usado,contactado,Diego Acosta,12,si,si
L000918,2025-04-30,18:33:00,Santiago,Alvarez,+5491144259661,santiago.alvarez367@mail.com,Santa Fe,Palermo,organico,,,Renault,Kangoo,0km,cotizado,Nicolas Ruiz,35,no,si
L000919,2024-08-08,18:25:00,Florencia,Garcia,+5491123170412,florencia.garcia621@mail.com,Salta,Palermo,google_ads,CAMP018,Google Ads - Toyota SW4 - trafico,Toyota,SW4,usado,perdido,Juan Perez,66,si,si
L000920,2025-10-19,21:26:00,Florencia,Alvarez,+5491125929203,florencia.alvarez968@mail.com,Cordoba,Cordoba Centro,google_ads,CAMP005,Google Ads - Chevrolet Cruze - lead_form,Chevrolet,Cruze,plan_ahorro,perdido,Sofia Torres,19,si,si
L000921,2024-01-23,19:13:00,Joaquin,Benitez,+5491126854025,joaquin.benitez811@mail.com,Santa Fe,Rosario,meta_ads,CAMP058,Meta Ads - Toyota Corolla Cross - lead_form,Toyota,Corolla Cross,plan_ahorro,nuevo,Ana Perez,84,si,si
L000922,2026-03-30,09:17:00,Lucia,Benitez,+5491137364112,lucia.benitez733@mail.com,Cordoba,Moron,meta_ads,CAMP028,Google Ads - Volkswagen Amarok - remarketing,Volkswagen,Nivus,plan_ahorro,perdido,Martina Silva,59,si,si
L000923,2025-07-23,16:44:00,Agustin,Garcia,+5491131376170,agustin.garcia579@mail.com,Mendoza,Mendoza Norte,meta_ads,CAMP038,Meta Ads - Peugeot Expert - remarketing,Peugeot,Expert,financiado,calificado,Ana Perez,62,si,si
L000924,2025-03-13,12:50:00,Bruno,Alvarez,+5491161903310,bruno.alvarez58@mail.com,Santa Fe,Mendoza Norte,meta_ads,CAMP056,Meta Ads - Renault Logan - whatsapp,Peugeot,Logan,0km,contactado,Juan Perez,39,si,si
L000925,2026-03-24,22:18:00,Florencia,Rodriguez,+5491152186361,florencia.rodriguez2@mail.com,CABA,La Plata,meta_ads,CAMP057,Meta Ads - Toyota Hilux - lead_form,Toyota,Hilux,usado,perdido,Nicolas Ruiz,73,no,si
L000926,2026-03-06,19:32:00,Bruno,Perez,+5491164599081,bruno.perez216@mail.com,Santa Fe,Rosario,google_ads,CAMP008,Google Ads - Chevrolet Tracker - remarketing,Chevrolet,Tracker,plan_ahorro,sin_respuesta,Lucas Gomez,33,no,si
L000927,2025-02-06,09:32:00,Camila,Fernandez,+5491165479291,camila.fernandez561@mail.com,CABA,La Plata,meta_ads,CAMP056,Meta Ads - Renault Logan - whatsapp,Renault,Sandero,usado,cotizado,Martina Silva,99,si,si
L000928,2025-10-02,08:28:00,Mateo,Benitez,+5491150766104,lucia.gonzalez683@mail.com,Buenos Aires,La Plata,whatsapp_directo,,,Chevrolet,Tracker,financiado,contactado,Diego Acosta,38,no,si
L000929,2025-05-11,22:44:00,Franco,Ramirez,+5491156817316,franco.ramirez28@mail.com,Entre Rios,Palermo,google_ads,CAMP002,Google Ads - Peugeot Partner - whatsapp,Peugeot,3008,0km,contactado,Lucas Gomez,81,si,si
L000930,2025-06-29,17:11:00,Catalina,Acosta,+5491124803749,catalina.acosta593@mail.com,Buenos Aires,Palermo,meta_ads,CAMP045,Meta Ads - Chevrolet S10 - lead_form,Chevrolet,S10,financiado,perdido,Ana Perez,95,no,si
L000931,2025-02-02,22:32:00,Tomas,Benitez,+5491158858353,tomas.benitez842@mail.com,Entre Rios,Avellaneda,google_ads,CAMP019,Google Ads - Renault Alaskan - trafico,Renault,Alaskan,financiado,calificado,Sofia Torres,68,si,si
L000932,2026-01-19,19:18:00,Emma,Romero,+5491162372249,emma.romero60@mail.com,Tucuman,Avellaneda,google_ads,CAMP016,Google Ads - Renault Kangoo - remarketing,Renault,Kangoo,0km,cotizado,Sofia Torres,18,si,si
L000933,2026-01-10,17:49:00,Julieta,Ramirez,+5491143426100,julieta.ramirez118@mail.com,Entre Rios,Moron,meta_ads,CAMP059,Meta Ads - Renault Alaskan - whatsapp,Renault,Alaskan,0km,calificado,Nicolas Ruiz,51,no,si
L000934,2025-07-07,08:14:00,Catalina,Perez,+5491134241601,catalina.perez192@mail.com,Salta,Moron,meta_ads,CAMP038,Meta Ads - Peugeot Expert - remarketing,Fiat,Expert,plan_ahorro,contactado,Juan Perez,17,si,si
L000935,2024-04-12,16:05:00,Bruno,Perez,+5491147388184,bruno.perez716@mail.com,Rio Negro,Avellaneda,google_ads,CAMP024,Google Ads - Peugeot Partner - whatsapp,Peugeot,Partner,financiado,nuevo,Ana Perez,62,no,si
L000936,2024-05-11,21:03:00,Joaquin,Ruiz,+5491156402106,joaquin.ruiz704@mail.com,Rio Negro,Avellaneda,google_ads,CAMP018,Google Ads - Toyota SW4 - trafico,Ford,SW4,financiado,nuevo,Sofia Torres,74,no,si
L000937,2024-02-26,20:48:00,Franco,Garcia,+5491145839049,franco.garcia435@mail.com,Neuquen,La Plata,meta_ads,CAMP041,Meta Ads - Toyota Corolla - lead_form,Renault,Corolla,plan_ahorro,contactado,Ana Perez,65,no,si
L000938,2024-02-09,12:37:00,Sofia,Torres,+5491167241922,sofia.torres932@mail.com,Santa Fe,Moron,meta_ads,CAMP047,Meta Ads - Renault Logan - lead_form,Renault,Logan,plan_ahorro,sin_respuesta,Nicolas Ruiz,35,si,si
L000939,2025-05-06,22:38:00,Mia,Ruiz,+5491151914417,mia.ruiz610@mail.com,Tucuman,Avellaneda,google_ads,CAMP004,Google Ads - Peugeot Expert - lead_form,Peugeot,Expert,0km,cotizado,Sofia Torres,49,si,si
L000940,2025-03-31,12:59:00,Lucia,Ramirez,+5491133156544,lucia.ramirez641@mail.com,Buenos Aires,Cordoba Centro,meta_ads,CAMP032,Meta Ads - Fiat Pulse - lead_form,Fiat,Pulse,0km,perdido,Lucas Gomez,23,si,no
L000941,2024-03-08,13:38:00,Lucas,Rodriguez,+5491149779655,lucas.rodriguez265@mail.com,Rio Negro,Avellaneda,meta_ads,CAMP038,Meta Ads - Peugeot Expert - remarketing,Peugeot,Partner,0km,calificado,Diego Acosta,50,no,si
L000942,2026-06-21,17:24:00,Julieta,Gonzalez,+5491151142003,julieta.gonzalez381@mail.com,Rio Negro,Palermo,google_ads,CAMP030,Google Ads - Peugeot Partner - lead_form,Peugeot,Partner,usado,sin_respuesta,Nicolas Ruiz,67,si,si
L000943,2025-04-15,18:05:00,Lucas,Benitez,+5491154122150,lucas.benitez704@mail.com,Rio Negro,Avellaneda,meta_ads,CAMP052,Meta Ads - Volkswagen Taos - whatsapp,Renault,Alaskan,usado,cotizado,Diego Acosta,24,si,si
L000944,2024-04-08,08:11:00,Florencia,Garcia,+5491153947137,florencia.garcia511@mail.com,Santa Fe,Mendoza Norte,meta_ads,CAMP055,Meta Ads - Toyota Corolla - trafico,Toyota,Corolla,financiado,nuevo,Juan Perez,3,no,si
L000945,2024-10-25,10:32:00,Mateo,Ramirez,+5491133818275,mateo.ramirez543@mail.com,Entre Rios,Cordoba Centro,meta_ads,CAMP014,Google Ads - Toyota Corolla Cross - lead_form,Toyota,Yaris,financiado,calificado,Lucas Gomez,6,no,si
L000946,2025-12-08,18:56:00,Mateo,Gonzalez,+5491135353237,joaquin.torres516@mail.com,CABA,Rosario,google_ads,CAMP017,Google Ads - Chevrolet Onix - remarketing,Chevrolet,Onix,0km,nuevo,Lucas Gomez,20,si,si
L000947,2024-04-10,18:18:00,Lucia,Rodriguez,+5491131107402,benjamin.lopez783@mail.com,CABA,Rosario,meta_ads,CAMP031,Meta Ads - Volkswagen Polo - trafico,Volkswagen,Polo,usado,sin_respuesta,Nicolas Ruiz,44,no,si
L000948,2024-03-03,15:28:00,Joaquin,Perez,+5491121125671,joaquin.perez636@mail.com,Buenos Aires,Cordoba Centro,google_ads,CAMP004,Google Ads - Peugeot Expert - lead_form,Fiat,Expert,financiado,calificado,Camila Lopez,69,si,si
L000949,2025-05-21,15:43:00,Florencia,Romero,+5491169223020,florencia.romero638@mail.com,Mendoza,Moron,google_ads,CAMP029,Google Ads - Ford Bronco Sport - whatsapp,Ford,Bronco Sport,usado,nuevo,Juan Perez,77,no,si
L000950,2025-09-24,12:07:00,Valentina,Ruiz,+5491160517678,valentina.ruiz148@mail.com,Rio Negro,Cordoba Centro,google_ads,CAMP026,Google Ads - Peugeot Partner - lead_form,Chevrolet,Partner,plan_ahorro,cotizado,Nicolas Ruiz,6,si,si
L000951,2024-01-28,08:13:00,Valentina,Rodriguez,+5491132058633,valentina.rodriguez847@mail.com,Salta,Mendoza Norte,google_ads,CAMP004,Google Ads - Peugeot Expert - lead_form,Fiat,Expert,plan_ahorro,calificado,Juan Perez,100,si,si
L000952,2025-06-12,11:44:00,Benjamin,Fernandez,+5491151415241,benjamin.fernandez254@mail.com,Buenos Aires,Palermo,meta_ads,CAMP027,Google Ads - Chevrolet Tracker - whatsapp,Chevrolet,Cruze,0km,calificado,Ana Perez,80,no,si
L000953,2026-08-21,08:53:00,Martina,Sanchez,+5491122051377,martina.sanchez112@mail.com,Salta,Palermo,meta_ads,CAMP054,Meta Ads - Chevrolet S10 - remarketing,Chevrolet,S10,financiado,contactado,Nicolas Ruiz,37,si,si
L000954,2024-12-13,21:38:00,Joaquin,Acosta,+5491150652700,joaquin.acosta988@mail.com,Tucuman,Cordoba Centro,meta_ads,CAMP049,Meta Ads - Fiat Cronos - trafico,Fiat,Toro,plan_ahorro,perdido,Nicolas Ruiz,50,si,si
L000955,2024-07-13,16:58:00,Catalina,Martinez,+5491139467767,catalina.martinez200@mail.com,CABA,Mendoza Norte,meta_ads,CAMP032,Meta Ads - Fiat Pulse - lead_form,Chevrolet,Pulse,plan_ahorro,contactado,Juan Perez,49,si,si
L000956,2025-01-29,12:34:00,Julieta,Lopez,+5491136776792,julieta.lopez761@mail.com,Tucuman,Mendoza Norte,google_ads,CAMP014,Google Ads - Toyota Corolla Cross - lead_form,Toyota,Corolla Cross,plan_ahorro,contactado,Martina Silva,44,no,si
L000957,2026-08-19,21:30:00,Franco,Rodriguez,+5491146298089,franco.rodriguez713@mail.com,Cordoba,Mendoza Norte,google_ads,CAMP029,Google Ads - Ford Bronco Sport - whatsapp,Ford,Bronco Sport,usado,perdido,Ana Perez,45,no,si
L000958,2026-08-11,22:18:00,Catalina,Garcia,+5491161278791,catalina.garcia99@mail.com,Santa Fe,Palermo,google_ads,CAMP030,Google Ads - Peugeot Partner - lead_form,Renault,Partner,financiado,contactado,Diego Acosta,83,si,si
L000959,2025-06-18,10:09:00,Julieta,Rodriguez,+5491131045386,julieta.rodriguez645@mail.com,Buenos Aires,Mendoza Norte,google_ads,CAMP027,Google Ads - Chevrolet Tracker - whatsapp,Chevrolet,Onix,usado,nuevo,Diego Acosta,70,no,si
L000960,2026-02-24,17:58:00,Lucia,Diaz,+5491153980460,lucia.diaz585@mail.com,Salta,Palermo,whatsapp_directo,,,Fiat,Pulse,usado,sin_respuesta,Martina Silva,44,si,si
L000961,2025-01-17,12:50:00,Mateo,Perez,+5491151536901,,Buenos Aires,Moron,google_ads,CAMP014,Google Ads - Toyota Corolla Cross - lead_form,Toyota,SW4,financiado,contactado,Ana Perez,73,no,si
L000962,2024-03-03,21:18:00,Florencia,Garcia,+5491147135151,florencia.garcia123@mail.com,Rio Negro,Rosario,google_ads,CAMP008,Google Ads - Chevrolet Tracker - remarketing,Fiat,Pulse,financiado,nuevo,Lucas Gomez,90,no,si
L000963,2024-07-23,21:43:00,Mateo,Sanchez,+5491147870671,mateo.sanchez955@mail.com,Tucuman,La Plata,organico,,,Toyota,SW4,plan_ahorro,calificado,Sofia Torres,90,no,si
L000964,2025-01-14,10:17:00,Bruno,Torres,+5491162200881,franco.fernandez861@mail.com,Buenos Aires,Palermo,google_ads,CAMP021,Google Ads - Toyota Hilux - trafico,Chevrolet,Hilux,0km,contactado,Juan Perez,83,si,si
L000965,2026-03-17,10:23:00,Florencia,Perez,,florencia.perez420@mail.com,Mendoza,Cordoba Centro,google_ads,CAMP001,Google Ads - Peugeot 208 - lead_form,Chevrolet,208,usado,calificado,Diego Acosta,36,no,si
L000966,2024-11-20,18:50:00,Lucia,Alvarez,+5491142533082,lucia.alvarez677@mail.com,CABA,Cordoba Centro,meta_ads,CAMP038,Meta Ads - Peugeot Expert - remarketing,Peugeot,Expert,financiado,nuevo,Martina Silva,77,no,si
L000967,2025-07-05,14:08:00,Mateo,Martinez,+5491154358737,mateo.martinez336@mail.com,CABA,Cordoba Centro,meta_ads,CAMP050,Meta Ads - Chevrolet Tracker - lead_form,Chevrolet,Tracker,plan_ahorro,cotizado,Nicolas Ruiz,37,si,si
L000968,2026-04-26,10:24:00,Martina,Perez,+5491123421918,martina.perez760@mail.com,Santa Fe,Avellaneda,google_ads,CAMP010,Google Ads - Renault Kangoo - whatsapp,Renault,Kangoo,financiado,nuevo,Sofia Torres,76,no,si
L000969,2025-02-18,20:51:00,Franco,Lopez,+5491143858091,franco.lopez702@mail.com,Buenos Aires,Avellaneda,meta_ads,CAMP034,Meta Ads - Volkswagen Amarok - remarketing,Volkswagen,Taos,usado,contactado,Lucas Gomez,77,si,si
L000970,2026-07-23,20:57:00,Joaquin,Ramirez,+5491158328614,joaquin.ramirez57@mail.com,Mendoza,Rosario,meta_ads,CAMP045,Meta Ads - Chevrolet S10 - lead_form,Fiat,S10,plan_ahorro,contactado,Sofia Torres,93,no,si
L000971,2024-11-05,08:23:00,Mateo,Gonzalez,+5491147531788,mateo.gonzalez454@mail.com,Santa Fe,Rosario,google_ads,CAMP017,Google Ads - Chevrolet Onix - remarketing,Chevrolet,Onix,0km,nuevo,Nicolas Ruiz,22,no,si
L000972,2025-10-03,12:17:00,Catalina,Acosta,+5491126882274,catalina.acosta34@mail.com,Neuquen,Moron,meta_ads,CAMP051,Meta Ads - Renault Logan - whatsapp,Renault,Logan,financiado,contactado,Nicolas Ruiz,69,si,si
L000973,2024-02-09,15:41:00,Mia,Rodriguez,+5491166736370,mia.rodriguez663@mail.com,Santa Fe,Moron,google_ads,CAMP020,Google Ads - Chevrolet Tracker - lead_form,Ford,Bronco Sport,0km,sin_respuesta,Diego Acosta,35,si,si
L000974,2025-06-07,17:53:00,Lautaro,Alvarez,+5491122563120,lautaro.alvarez783@mail.com,Cordoba,Palermo,google_ads,CAMP007,Google Ads - Volkswagen Nivus - lead_form,Volkswagen,Nivus,plan_ahorro,nuevo,Nicolas Ruiz,79,si,si
L000975,2026-09-03,22:59:00,Julieta,Benitez,+5491167852262,julieta.benitez725@mail.com,Buenos Aires,Mendoza Norte,google_ads,CAMP001,Google Ads - Peugeot 208 - lead_form,Peugeot,208,financiado,sin_respuesta,Ana Perez,26,si,si
L000976,2024-09-03,10:05:00,Franco,Lopez,+5491134420695,franco.lopez720@mail.com,Rio Negro,Palermo,meta_ads,CAMP057,Meta Ads - Toyota Hilux - lead_form,Volkswagen,Hilux,plan_ahorro,nuevo,Sofia Torres,76,no,si
L000977,2025-07-05,21:45:00,Valentina,Garcia,+5491159990667,valentina.garcia28@mail.com,Salta,Mendoza Norte,google_ads,CAMP005,Google Ads - Chevrolet Cruze - lead_form,Chevrolet,Cruze,plan_ahorro,calificado,Nicolas Ruiz,54,si,si
L000978,2024-01-29,17:07:00,Bruno,Ruiz,+5491152279438,bruno.ruiz7@mail.com,Cordoba,La Plata,meta_ads,CAMP032,Meta Ads - Fiat Pulse - lead_form,Fiat,Pulse,0km,contactado,Juan Perez,62,si,no
L000979,2025-02-11,17:18:00,Mia,Fernandez,+5491124052209,mia.fernandez805@mail.com,Buenos Aires,La Plata,google_ads,CAMP011,Google Ads - Peugeot 3008 - trafico,Peugeot,3008,financiado,contactado,Nicolas Ruiz,10,no,si
L000980,2024-11-20,19:19:00,Mia,Acosta,+5491160955774,mia.acosta677@mail.com,Buenos Aires,Palermo,meta_ads,CAMP043,Meta Ads - Chevrolet Onix - remarketing,Chevrolet,Onix,financiado,sin_respuesta,Camila Lopez,77,si,si
L000981,2024-07-31,18:37:00,Lucas,Diaz,+5491129316294,lucas.diaz435@mail.com,Neuquen,Cordoba Centro,whatsapp_directo,,,Fiat,Pulse,financiado,sin_respuesta,Camila Lopez,67,no,si
L000982,2026-04-15,20:15:00,Sofia,Lopez,+5491146861221,sofia.lopez842@mail.com,Rio Negro,Cordoba Centro,meta_ads,CAMP037,Meta Ads - Peugeot Expert - trafico,Peugeot,Expert,financiado,sin_respuesta,Sofia Torres,86,si,si
L000983,2026-09-14,09:04:00,Catalina,Sanchez,+5491140466818,catalina.sanchez98@mail.com,Tucuman,Moron,meta_ads,CAMP037,Meta Ads - Peugeot Expert - trafico,Fiat,Expert,financiado,nuevo,Juan Perez,7,si,si
L000984,2026-08-11,08:43:00,Lucia,Gonzalez,+5491153822484,lucia.gonzalez186@mail.com,Entre Rios,Moron,whatsapp_directo,,,Peugeot,208,usado,test_drive,Martina Silva,4,si,no
L000985,2024-06-03,15:05:00,Bruno,Sanchez,+5491163588917,bruno.sanchez356@mail.com,Santa Fe,Mendoza Norte,google_ads,CAMP003,Google Ads - Volkswagen Virtus - lead_form,Renault,Duster,usado,contactado,Sofia Torres,33,no,si
L000986,2025-07-19,21:23:00,Agustin,Torres,,agustin.torres852@mail.com,Buenos Aires,Moron,google_ads,CAMP030,Google Ads - Peugeot Partner - lead_form,Peugeot,Expert,plan_ahorro,perdido,Camila Lopez,7,no,si
L000987,2025-12-22,18:52:00,Mateo,Martinez,+5491138282863,mateo.martinez215@mail.com,Salta,Avellaneda,google_ads,CAMP029,Google Ads - Ford Bronco Sport - whatsapp,Fiat,Bronco Sport,plan_ahorro,contactado,Diego Acosta,38,no,si
L000988,2024-12-02,18:37:00,Valentina,Gonzalez,+5491141051678,valentina.gonzalez863@mail.com,Rio Negro,Rosario,meta_ads,CAMP044,Meta Ads - Fiat Fastback - remarketing,Chevrolet,Fastback,usado,calificado,Camila Lopez,7,no,no
L000989,2026-09-20,17:11:00,Florencia,Martinez,+5491168125702,florencia.martinez93@mail.com,Rio Negro,Cordoba Centro,google_ads,CAMP015,Google Ads - Ford Maverick - trafico,Toyota,Maverick,usado,test_drive,Nicolas Ruiz,23,no,si
L000990,2025-01-19,21:24:00,Martina,Fernandez,+5491148639879,martina.fernandez866@mail.com,Tucuman,Palermo,meta_ads,CAMP045,Meta Ads - Chevrolet S10 - lead_form,Volkswagen,Taos,plan_ahorro,cotizado,Lucas Gomez,28,si,si
L000991,2024-06-17,21:03:00,Benjamin,Ruiz,+5491142771637,benjamin.ruiz524@mail.com,Tucuman,Avellaneda,whatsapp_directo,,,Peugeot,3008,0km,calificado,Sofia Torres,70,si,si
L000992,2025-01-24,14:36:00,Mateo,Perez,+5491153935592,mateo.perez514@mail.com,Mendoza,Palermo,google_ads,CAMP010,Google Ads - Renault Kangoo - whatsapp,Fiat,Kangoo,plan_ahorro,contactado,Juan Perez,10,si,si
L000993,2025-10-12,19:33:00,Mia,Ruiz,+5491148141154,mia.ruiz102@mail.com,CABA,Rosario,google_ads,CAMP006,Google Ads - Toyota Corolla - whatsapp,Toyota,Corolla,financiado,sin_respuesta,Lucas Gomez,67,no,si
L000994,2024-08-08,17:06:00,Sofia,Gonzalez,+5491124255744,sofia.gonzalez432@mail.com,Santa Fe,La Plata,google_ads,CAMP006,Google Ads - Toyota Corolla - whatsapp,Toyota,Corolla,plan_ahorro,contactado,Juan Perez,24,no,si
L000995,2024-12-30,13:13:00,Martina,Garcia,+5491128715510,martina.garcia525@mail.com,Tucuman,Mendoza Norte,meta_ads,CAMP053,Meta Ads - Chevrolet Spin - lead_form,Chevrolet,Spin,plan_ahorro,sin_respuesta,Lucas Gomez,34,si,si
L000996,2026-07-29,20:51:00,Lautaro,Sanchez,+5491146810774,lautaro.sanchez198@mail.com,Buenos Aires,Moron,meta_ads,CAMP041,Meta Ads - Toyota Corolla - lead_form,Ford,Corolla,usado,perdido,Lucas Gomez,6,no,si
L000997,2025-07-09,15:23:00,Mateo,Rodriguez,+5491122453961,mateo.rodriguez175@mail.com,Mendoza,Rosario,google_ads,CAMP002,Google Ads - Peugeot Partner - whatsapp,Peugeot,Partner,financiado,contactado,Camila Lopez,77,si,si
L000998,2024-12-19,10:32:00,Franco,Romero,+5491147689663,franco.romero845@mail.com,Mendoza,La Plata,google_ads,CAMP015,Google Ads - Ford Maverick - trafico,Ford,Maverick,0km,cotizado,Martina Silva,58,si,si
L000999,2024-06-04,11:03:00,Florencia,Benitez,+5491156123073,florencia.benitez864@mail.com,Neuquen,Moron,meta_ads,CAMP039,Meta Ads - Chevrolet Cruze - trafico,Chevrolet,Onix,plan_ahorro,contactado,Juan Perez,99,no,si
L001000,2024-12-17,15:42:00,Lucas,Martinez,+5491149772316,lucas.martinez636@mail.com,CABA,Palermo,google_ads,CAMP023,Google Ads - Fiat Pulse - remarketing,Fiat,Pulse,0km,calificado,Martina Silva,69,si,si
L001001,2026-01-13,17:35:00,Lautaro,Garcia,+5491163640597,lautaro.garcia605@mail.com,Santa Fe,Avellaneda,meta_ads,CAMP050,Meta Ads - Chevrolet Tracker - lead_form,Ford,Tracker,0km,contactado,Lucas Gomez,73,no,si
L001002,2024-11-05,18:21:00,Joaquin,Ruiz,+5491137050574,joaquin.ruiz22@mail.com,Neuquen,Moron,google_ads,CAMP024,Google Ads - Peugeot Partner - whatsapp,Peugeot,Partner,usado,test_drive,Martina Silva,78,si,si
L001003,2025-09-17,13:00:00,Bruno,Fernandez,+5491142421143,bruno.fernandez512@mail.com,Neuquen,Rosario,meta_ads,CAMP036,Meta Ads - Ford Territory - whatsapp,Ford,Territory,usado,cotizado,Camila Lopez,22,si,si
L001004,2024-06-29,10:12:00,Emma,Sanchez,+5491154159150,emma.sanchez401@mail.com,Tucuman,Cordoba Centro,meta_ads,CAMP058,Meta Ads - Toyota Corolla Cross - lead_form,Volkswagen,Corolla Cross,plan_ahorro,contactado,Sofia Torres,20,si,si
L001005,2025-06-20,13:46:00,Julieta,Garcia,+5491122966250,julieta.garcia275@mail.com,Rio Negro,Rosario,google_ads,CAMP006,Google Ads - Toyota Corolla - whatsapp,Toyota,Corolla,financiado,perdido,Martina Silva,58,si,si
L001006,2024-09-05,21:49:00,Sofia,Fernandez,+5491127225135,sofia.fernandez659@mail.com,Cordoba,Rosario,meta_ads,CAMP052,Meta Ads - Volkswagen Taos - whatsapp,Renault,Taos,usado,calificado,Ana Perez,59,no,si
L001007,2024-12-17,14:21:00,Sofia,Rodriguez,+5491135617581,sofia.rodriguez945@mail.com,Buenos Aires,Mendoza Norte,meta_ads,CAMP059,Meta Ads - Renault Alaskan - whatsapp,Peugeot,Alaskan,plan_ahorro,nuevo,Diego Acosta,55,no,si
L001008,2025-03-25,19:26:00,Lucas,Acosta,+5491151395237,lucas.acosta675@mail.com,Tucuman,Rosario,whatsapp_directo,,,Renault,Logan,financiado,test_drive,Nicolas Ruiz,20,no,si
L001009,2025-11-10,13:00:00,Emma,Gonzalez,+5491129123793,emma.gonzalez710@mail.com,Tucuman,Cordoba Centro,google_ads,CAMP024,Google Ads - Peugeot Partner - whatsapp,Peugeot,208,usado,nuevo,Camila Lopez,92,si,si
L001010,2025-04-14,15:58:00,Emma,Alvarez,,emma.alvarez859@mail.com,Mendoza,La Plata,google_ads,CAMP005,Google Ads - Chevrolet Cruze - lead_form,Peugeot,Cruze,usado,perdido,Sofia Torres,39,si,si
L001011,2024-06-14,10:08:00,Sofia,Fernandez,+5491133182266,sofia.fernandez9@mail.com,CABA,Moron,google_ads,CAMP009,Google Ads - Volkswagen Amarok - trafico,Volkswagen,Amarok,plan_ahorro,contactado,Sofia Torres,2,si,si
L001012,2024-08-09,16:04:00,Sofia,Garcia,+5491153554017,sofia.garcia986@mail.com,Rio Negro,Avellaneda,meta_ads,CAMP023,Google Ads - Fiat Pulse - remarketing,Fiat,Pulse,financiado,test_drive,Martina Silva,36,si,si
L001013,2025-04-03,14:58:00,Catalina,Romero,+5491139248767,catalina.romero246@mail.com,Cordoba,Rosario,google_ads,CAMP030,Google Ads - Peugeot Partner - lead_form,Peugeot,Partner,usado,sin_respuesta,Diego Acosta,87,no,si
L001014,2026-03-27,15:27:00,Mia,Alvarez,+5491158745800,mia.alvarez397@mail.com,Entre Rios,Moron,google_ads,CAMP020,Google Ads - Chevrolet Tracker - lead_form,Chevrolet,Tracker,0km,contactado,Nicolas Ruiz,4,si,si
L001015,2025-11-27,14:36:00,Julieta,Martinez,+5491134748587,julieta.martinez344@mail.com,Santa Fe,Mendoza Norte,meta_ads,CAMP049,Meta Ads - Fiat Cronos - trafico,Fiat,Cronos,0km,perdido,Martina Silva,86,no,si
L001016,2026-07-14,13:25:00,Lucia,Torres,+5491146795361,lucia.torres904@mail.com,Neuquen,Palermo,meta_ads,CAMP052,Meta Ads - Volkswagen Taos - whatsapp,Volkswagen,Amarok,usado,test_drive,Ana Perez,64,no,si
L001017,2026-03-29,11:18:00,Valentina,Ramirez,+5491127507149,valentina.ramirez873@mail.com,Salta,Mendoza Norte,google_ads,CAMP018,Google Ads - Toyota SW4 - trafico,Toyota,Hilux,plan_ahorro,test_drive,Juan Perez,77,no,no
L001018,2024-03-17,11:28:00,Sofia,Ramirez,+5491141497003,sofia.ramirez693@mail.com,CABA,Moron,google_ads,CAMP020,Google Ads - Chevrolet Tracker - lead_form,Ford,Tracker,financiado,contactado,Diego Acosta,35,no,si
L001019,2025-04-17,09:47:00,Joaquin,Gonzalez,+5491131617575,joaquin.gonzalez145@mail.com,Salta,Rosario,meta_ads,CAMP033,Meta Ads - Volkswagen Nivus - trafico,Volkswagen,Nivus,plan_ahorro,nuevo,Juan Perez,49,si,si
L001020,2024-11-19,14:38:00,Florencia,Lopez,+5491140808047,florencia.lopez610@mail.com,Entre Rios,Palermo,meta_ads,CAMP045,Meta Ads - Chevrolet S10 - lead_form,Chevrolet,Spin,plan_ahorro,nuevo,Juan Perez,36,si,si
L001021,2025-05-31,14:52:00,Bruno,Rodriguez,+5491155239037,bruno.rodriguez680@mail.com,Rio Negro,Rosario,meta_ads,CAMP047,Meta Ads - Renault Logan - lead_form,Renault,Logan,usado,nuevo,Martina Silva,33,si,si
L001022,2026-03-07,13:10:00,Mia,Romero,+5491160403837,mia.romero461@mail.com,Cordoba,Cordoba Centro,meta_ads,CAMP039,Meta Ads - Chevrolet Cruze - trafico,Ford,Cruze,0km,sin_respuesta,Diego Acosta,44,si,si
L001023,2026-05-04,08:17:00,Camila,Benitez,+5491129373616,camila.benitez607@mail.com,Santa Fe,Palermo,meta_ads,CAMP012,Google Ads - Ford Territory - whatsapp,Ford,Territory,0km,cotizado,Camila Lopez,8,no,si
L001024,2026-05-28,16:19:00,Florencia,Benitez,+5491166366117,florencia.benitez757@mail.com,Neuquen,Rosario,google_ads,CAMP027,Google Ads - Chevrolet Tracker - whatsapp,Chevrolet,S10,plan_ahorro,contactado,Diego Acosta,59,no,no
L001025,2024-01-18,19:12:00,Mia,Alvarez,+5491159987625,mia.alvarez781@mail.com,Entre Rios,Avellaneda,google_ads,CAMP024,Google Ads - Peugeot Partner - whatsapp,Peugeot,Partner,0km,perdido,Lucas Gomez,80,no,si
L001026,2025-05-27,13:33:00,Emma,Garcia,+5491158953794,emma.garcia949@mail.com,CABA,Moron,meta_ads,CAMP018,Google Ads - Toyota SW4 - trafico,Ford,SW4,usado,nuevo,Ana Perez,57,no,si
L001027,2025-11-25,19:07:00,Lucas,Ruiz,+5491121586095,lucas.ruiz145@mail.com,Buenos Aires,La Plata,google_ads,CAMP009,Google Ads - Volkswagen Amarok - trafico,Ford,Amarok,usado,test_drive,Sofia Torres,79,no,si
L001028,2024-09-25,11:44:00,Catalina,Diaz,+5491156350305,,Mendoza,Avellaneda,google_ads,CAMP029,Google Ads - Ford Bronco Sport - whatsapp,Ford,Kuga,usado,nuevo,Nicolas Ruiz,42,no,si
L001029,2024-11-09,08:32:00,Mia,Lopez,+5491123525069,mia.lopez845@mail.com,CABA,Avellaneda,meta_ads,CAMP018,Google Ads - Toyota SW4 - trafico,Peugeot,SW4,0km,perdido,Lucas Gomez,84,si,si
L001030,2024-03-31,08:08:00,Franco,Ramirez,+5491166196244,franco.ramirez46@mail.com,Cordoba,Moron,google_ads,CAMP017,Google Ads - Chevrolet Onix - remarketing,Chevrolet,Onix,0km,contactado,Martina Silva,88,si,si
L001031,2025-07-08,15:02:00,Agustin,Fernandez,+5491152872538,agustin.fernandez144@mail.com,Cordoba,Rosario,meta_ads,CAMP040,Meta Ads - Volkswagen Virtus - remarketing,Volkswagen,Virtus,financiado,calificado,Lucas Gomez,17,no,si
L001032,2025-03-26,20:00:00,Tomas,Rodriguez,+5491132235818,tomas.rodriguez462@mail.com,Buenos Aires,Palermo,meta_ads,CAMP050,Meta Ads - Chevrolet Tracker - lead_form,Chevrolet,Onix,0km,nuevo,Sofia Torres,75,no,si
L001033,2024-09-24,12:47:00,Benjamin,Alvarez,+5491164884834,benjamin.alvarez914@mail.com,Tucuman,La Plata,meta_ads,CAMP059,Meta Ads - Renault Alaskan - whatsapp,Renault,Alaskan,financiado,sin_respuesta,Sofia Torres,73,no,si
L001034,2025-08-28,09:26:00,Bruno,Fernandez,+5491125589233,bruno.fernandez415@mail.com,Mendoza,La Plata,meta_ads,CAMP043,Meta Ads - Chevrolet Onix - remarketing,Chevrolet,Onix,financiado,cotizado,Camila Lopez,86,si,si
L001035,2024-08-16,14:34:00,Catalina,Martinez,+5491160036613,catalina.martinez989@mail.com,Cordoba,Moron,whatsapp_directo,,,Volkswagen,Nivus,plan_ahorro,calificado,Sofia Torres,65,no,si
L001036,2026-06-28,13:11:00,Joaquin,Acosta,+5491141720032,joaquin.acosta304@mail.com,Mendoza,Palermo,google_ads,CAMP028,Google Ads - Volkswagen Amarok - remarketing,Volkswagen,Virtus,plan_ahorro,cotizado,Sofia Torres,15,no,no
L001037,2026-03-02,08:55:00,Martina,Diaz,+5491151367159,martina.diaz183@mail.com,Santa Fe,Avellaneda,google_ads,CAMP013,Google Ads - Renault Logan - lead_form,Renault,Duster,financiado,cotizado,Ana Perez,42,no,si
L001038,2024-06-22,21:47:00,Mateo,Garcia,+5491136778186,mateo.garcia230@mail.com,Tucuman,Cordoba Centro,google_ads,CAMP001,Google Ads - Peugeot 208 - lead_form,Peugeot,208,usado,nuevo,Ana Perez,93,no,si
L001039,2025-10-22,14:12:00,Julieta,Lopez,+5491165534804,julieta.lopez759@mail.com,Mendoza,Rosario,google_ads,CAMP001,Google Ads - Peugeot 208 - lead_form,Peugeot,208,plan_ahorro,contactado,Martina Silva,69,no,si
L001040,2025-09-15,10:47:00,Benjamin,Lopez,+5491130040623,benjamin.lopez27@mail.com,Rio Negro,Rosario,google_ads,CAMP010,Google Ads - Renault Kangoo - whatsapp,Renault,Kangoo,financiado,nuevo,Diego Acosta,48,no,si
L001041,2024-03-20,17:13:00,Santiago,Gonzalez,+5491131233014,santiago.gonzalez513@mail.com,Entre Rios,Palermo,google_ads,CAMP011,Google Ads - Peugeot 3008 - trafico,Fiat,Fastback,usado,nuevo,Ana Perez,49,no,si
L001042,2025-01-20,17:03:00,Mateo,Diaz,+5491157948506,mateo.diaz191@mail.com,Rio Negro,Cordoba Centro,google_ads,CAMP008,Google Ads - Chevrolet Tracker - remarketing,Chevrolet,Tracker,usado,perdido,Sofia Torres,1,si,si
L001043,2025-11-16,11:03:00,Lucas,Lopez,+5491123042406,lucas.lopez600@mail.com,Neuquen,Rosario,google_ads,CAMP030,Google Ads - Peugeot Partner - lead_form,Peugeot,Partner,0km,calificado,Sofia Torres,26,si,si
L001044,2024-09-06,21:49:00,Bruno,Romero,+5491126045540,bruno.romero701@mail.com,Rio Negro,Avellaneda,google_ads,CAMP006,Google Ads - Toyota Corolla - whatsapp,Toyota,Corolla,financiado,cotizado,Sofia Torres,23,si,si
L001045,2025-04-21,18:23:00,Julieta,Perez,+5491127760778,julieta.perez117@mail.com,Mendoza,Cordoba Centro,organico,,,Toyota,Hilux,0km,contactado,Juan Perez,71,si,no
L001046,2024-12-16,22:27:00,Tomas,Lopez,+5491167402822,tomas.lopez444@mail.com,Mendoza,Palermo,meta_ads,CAMP036,Meta Ads - Ford Territory - whatsapp,Fiat,Territory,usado,contactado,Nicolas Ruiz,58,si,si
L001047,2024-02-25,08:46:00,Tomas,Lopez,+5491165135903,tomas.lopez129@mail.com,Santa Fe,La Plata,whatsapp_directo,,,Ford,Kuga,financiado,cotizado,Ana Perez,43,no,si
L001048,2024-08-12,21:40:00,Lucas,Benitez,+5491151074560,lucas.benitez927@mail.com,Rio Negro,Rosario,meta_ads,CAMP051,Meta Ads - Renault Logan - whatsapp,Fiat,Logan,financiado,calificado,Martina Silva,70,no,si
L001049,2026-02-24,12:32:00,Benjamin,Fernandez,,benjamin.fernandez176@mail.com,Santa Fe,La Plata,google_ads,CAMP010,Google Ads - Renault Kangoo - whatsapp,Renault,Kangoo,financiado,sin_respuesta,Martina Silva,41,si,si
L001050,2024-04-25,13:21:00,Lucas,Perez,+5491159484988,lucas.perez337@mail.com,Entre Rios,Moron,meta_ads,CAMP032,Meta Ads - Fiat Pulse - lead_form,Fiat,Pulse,usado,contactado,Martina Silva,28,si,si
L001051,2025-09-03,18:30:00,Valentina,Alvarez,+5491166778168,,Entre Rios,La Plata,google_ads,CAMP022,Google Ads - Toyota Hilux - lead_form,Peugeot,Hilux,usado,calificado,Martina Silva,66,si,si
L001052,2025-08-15,22:03:00,Lautaro,Gonzalez,+5491154696867,lautaro.gonzalez615@mail.com,Santa Fe,Cordoba Centro,meta_ads,CAMP036,Meta Ads - Ford Territory - whatsapp,Ford,Territory,0km,calificado,Lucas Gomez,96,si,si
L001053,2024-08-25,10:25:00,Santiago,Perez,+5491135215553,santiago.perez506@mail.com,Entre Rios,Mendoza Norte,google_ads,CAMP003,Google Ads - Volkswagen Virtus - lead_form,Volkswagen,Virtus,0km,contactado,Juan Perez,17,si,si
L001054,2024-09-12,10:13:00,Florencia,Ruiz,+5491160736614,,Buenos Aires,Cordoba Centro,meta_ads,CAMP039,Meta Ads - Chevrolet Cruze - trafico,Chevrolet,Cruze,usado,cotizado,Juan Perez,75,si,si
L001055,2025-02-16,13:39:00,Bruno,Fernandez,+5491160570383,bruno.fernandez934@mail.com,Cordoba,Palermo,meta_ads,CAMP055,Meta Ads - Toyota Corolla - trafico,Toyota,Corolla,usado,contactado,Juan Perez,27,si,si
L001056,2025-08-14,22:17:00,Valentina,Torres,+5491141677238,valentina.torres788@mail.com,Santa Fe,Palermo,meta_ads,CAMP055,Meta Ads - Toyota Corolla - trafico,Fiat,Corolla,0km,nuevo,Lucas Gomez,9,no,si
L001057,2024-12-19,20:43:00,Valentina,Benitez,+5491141038375,valentina.benitez252@mail.com,Mendoza,Rosario,meta_ads,CAMP051,Meta Ads - Renault Logan - whatsapp,Volkswagen,Logan,usado,sin_respuesta,Nicolas Ruiz,55,no,si
L001058,2026-02-24,21:19:00,Tomas,Lopez,+5491128418268,tomas.lopez651@mail.com,Cordoba,Moron,meta_ads,CAMP060,Meta Ads - Volkswagen Amarok - whatsapp,Volkswagen,Amarok,0km,calificado,Sofia Torres,100,no,si
L001059,2024-04-27,15:14:00,Agustin,Torres,,agustin.torres809@mail.com,Entre Rios,Cordoba Centro,google_ads,CAMP026,Google Ads - Peugeot Partner - lead_form,Peugeot,Partner,usado,calificado,Ana Perez,11,no,si
L001060,2026-09-04,21:20:00,Lucia,Garcia,+5491145372973,lucia.garcia133@mail.com,CABA,La Plata,google_ads,CAMP012,Google Ads - Ford Territory - whatsapp,Ford,Territory,0km,sin_respuesta,Camila Lopez,69,si,no
L001061,2026-03-03,13:49:00,Tomas,Ruiz,+5491151168445,tomas.ruiz325@mail.com,Rio Negro,Palermo,google_ads,CAMP010,Google Ads - Renault Kangoo - whatsapp,Fiat,Kangoo,plan_ahorro,contactado,Diego Acosta,58,si,si
L001062,2024-09-07,18:32:00,Lautaro,Ruiz,+5491150360416,lautaro.ruiz670@mail.com,Cordoba,Moron,google_ads,CAMP018,Google Ads - Toyota SW4 - trafico,Renault,SW4,plan_ahorro,cotizado,Ana Perez,36,si,si
L001063,2024-05-11,22:18:00,Florencia,Torres,+5491137851370,florencia.torres84@mail.com,Cordoba,Mendoza Norte,google_ads,CAMP015,Google Ads - Ford Maverick - trafico,Ford,Ranger,financiado,nuevo,Camila Lopez,61,no,si
L001064,2024-09-12,22:11:00,Martina,Perez,+5491130590821,martina.perez366@mail.com,Rio Negro,Moron,google_ads,CAMP027,Google Ads - Chevrolet Tracker - whatsapp,Peugeot,Tracker,0km,calificado,Sofia Torres,2,no,si
L001065,2026-07-31,14:07:00,Florencia,Acosta,+5491151350919,florencia.acosta936@mail.com,Neuquen,Cordoba Centro,google_ads,CAMP028,Google Ads - Volkswagen Amarok - remarketing,Volkswagen,Amarok,usado,perdido,Sofia Torres,74,no,si
L001066,2024-11-12,13:46:00,Franco,Garcia,+5491123779743,franco.garcia484@mail.com,Cordoba,Palermo,meta_ads,CAMP057,Meta Ads - Toyota Hilux - lead_form,Toyota,Hilux,financiado,perdido,Diego Acosta,61,si,si
L001067,2026-03-06,11:31:00,Benjamin,Acosta,+5491125394354,benjamin.acosta921@mail.com,Neuquen,Avellaneda,meta_ads,CAMP041,Meta Ads - Toyota Corolla - lead_form,Ford,Corolla,0km,contactado,Juan Perez,36,si,no
L001068,2025-04-14,17:54:00,Lucas,Lopez,+5491169394070,lucas.lopez555@mail.com,Neuquen,La Plata,google_ads,CAMP027,Google Ads - Chevrolet Tracker - whatsapp,Chevrolet,Tracker,usado,contactado,Sofia Torres,86,no,si
L001069,2025-10-22,19:24:00,Mateo,Ramirez,+5491163842689,mateo.ramirez257@mail.com,CABA,Mendoza Norte,google_ads,CAMP013,Google Ads - Renault Logan - lead_form,Renault,Logan,0km,calificado,Diego Acosta,60,no,si
L001070,2025-01-17,19:35:00,Tomas,Martinez,+5491157532942,tomas.martinez959@mail.com,Cordoba,Palermo,google_ads,CAMP007,Google Ads - Volkswagen Nivus - lead_form,Volkswagen,Nivus,financiado,contactado,Camila Lopez,17,si,si
L001071,2026-05-21,16:26:00,Sofia,Martinez,+5491128005494,sofia.martinez229@mail.com,Salta,La Plata,google_ads,CAMP021,Google Ads - Toyota Hilux - trafico,Toyota,Hilux,financiado,sin_respuesta,Nicolas Ruiz,22,no,si
L001072,2025-10-12,17:32:00,Florencia,Sanchez,+5491160114748,florencia.sanchez289@mail.com,Entre Rios,Avellaneda,meta_ads,CAMP036,Meta Ads - Ford Territory - whatsapp,Ford,Territory,plan_ahorro,calificado,Sofia Torres,31,si,si
L001073,2026-02-26,19:06:00,Santiago,Diaz,+5491144517731,santiago.diaz76@mail.com,Rio Negro,Palermo,google_ads,CAMP003,Google Ads - Volkswagen Virtus - lead_form,Toyota,Virtus,plan_ahorro,calificado,Sofia Torres,65,no,si
L001074,2024-11-23,14:35:00,Agustin,Martinez,,agustin.martinez442@mail.com,Cordoba,Mendoza Norte,meta_ads,CAMP047,Meta Ads - Renault Logan - lead_form,Renault,Logan,financiado,cotizado,Nicolas Ruiz,57,no,no
L001075,2025-01-25,09:21:00,Bruno,Ramirez,+5491136802283,bruno.ramirez424@mail.com,Rio Negro,Avellaneda,google_ads,CAMP002,Google Ads - Peugeot Partner - whatsapp,Peugeot,Partner,plan_ahorro,contactado,Diego Acosta,49,no,si
L001076,2025-03-08,22:00:00,Franco,Benitez,+5491166060918,franco.benitez614@mail.com,CABA,Moron,google_ads,CAMP018,Google Ads - Toyota SW4 - trafico,Toyota,SW4,financiado,contactado,Camila Lopez,54,si,si
L001077,2026-07-18,22:50:00,Sofia,Martinez,+5491166967857,sofia.martinez946@mail.com,Cordoba,Mendoza Norte,meta_ads,CAMP054,Meta Ads - Chevrolet S10 - remarketing,Peugeot,S10,plan_ahorro,calificado,Juan Perez,15,si,si
L001078,2024-12-04,15:47:00,Santiago,Fernandez,+5491161592388,santiago.fernandez663@mail.com,CABA,La Plata,google_ads,CAMP002,Google Ads - Peugeot Partner - whatsapp,Peugeot,Partner,financiado,nuevo,Nicolas Ruiz,41,no,no
L001079,2024-04-19,13:50:00,Martina,Romero,+5491169152243,martina.romero30@mail.com,Salta,Palermo,meta_ads,CAMP039,Meta Ads - Chevrolet Cruze - trafico,Toyota,Corolla,financiado,perdido,Juan Perez,25,si,si
L001080,2025-08-22,15:30:00,Florencia,Perez,+5491141436885,florencia.perez418@mail.com,CABA,Avellaneda,meta_ads,CAMP045,Meta Ads - Chevrolet S10 - lead_form,Toyota,Yaris,financiado,perdido,Lucas Gomez,75,si,si
L001081,2026-04-05,15:22:00,Lucas,Torres,+5491151425441,lucas.torres438@mail.com,Cordoba,La Plata,meta_ads,CAMP033,Meta Ads - Volkswagen Nivus - trafico,Peugeot,Nivus,plan_ahorro,perdido,Nicolas Ruiz,57,no,si
L001082,2026-04-11,21:38:00,Joaquin,Diaz,+5491128759602,joaquin.diaz103@mail.com,Buenos Aires,La Plata,meta_ads,CAMP051,Meta Ads - Renault Logan - whatsapp,Renault,Duster,plan_ahorro,sin_respuesta,Diego Acosta,73,si,si
L001083,2024-08-11,13:44:00,Bruno,Diaz,+5491163817227,bruno.diaz321@mail.com,Santa Fe,Mendoza Norte,google_ads,CAMP025,Google Ads - Ford Maverick - whatsapp,Renault,Maverick,financiado,perdido,Diego Acosta,100,no,si
L001084,2024-10-09,08:35:00,Martina,Fernandez,+5491167678640,martina.fernandez262@mail.com,Entre Rios,Rosario,google_ads,CAMP004,Google Ads - Peugeot Expert - lead_form,Peugeot,Expert,financiado,nuevo,Martina Silva,49,si,si
L001085,2026-03-15,14:37:00,Mia,Perez,+5491159722990,mia.perez130@mail.com,Tucuman,Mendoza Norte,whatsapp_directo,,,Volkswagen,Virtus,0km,perdido,Nicolas Ruiz,99,no,si
L001086,2025-08-16,13:06:00,Sofia,Torres,+5491138774338,sofia.torres638@mail.com,Mendoza,Cordoba Centro,google_ads,CAMP013,Google Ads - Renault Logan - lead_form,Renault,Kangoo,financiado,sin_respuesta,Camila Lopez,64,no,si
L001087,2025-06-29,17:59:00,Martina,Ramirez,+5491122002159,martina.ramirez948@mail.com,Salta,Moron,google_ads,CAMP010,Google Ads - Renault Kangoo - whatsapp,Renault,Kangoo,0km,calificado,Sofia Torres,61,si,si
L001088,2025-01-29,20:42:00,Catalina,Garcia,+5491139965436,catalina.garcia51@mail.com,Rio Negro,Rosario,google_ads,CAMP024,Google Ads - Peugeot Partner - whatsapp,Peugeot,Partner,usado,perdido,Juan Perez,82,no,si
L001089,2025-01-22,18:26:00,Catalina,Acosta,+5491122260018,catalina.acosta262@mail.com,CABA,La Plata,google_ads,CAMP003,Google Ads - Volkswagen Virtus - lead_form,Volkswagen,Polo,usado,sin_respuesta,Ana Perez,20,no,si
L001090,2025-10-19,08:49:00,Benjamin,Martinez,+5491169796922,benjamin.martinez11@mail.com,Entre Rios,Mendoza Norte,google_ads,CAMP024,Google Ads - Peugeot Partner - whatsapp,Peugeot,Partner,plan_ahorro,contactado,Nicolas Ruiz,50,no,si
L001091,2024-01-02,21:27:00,Emma,Romero,,emma.romero700@mail.com,CABA,La Plata,meta_ads,CAMP048,Meta Ads - Ford Kuga - whatsapp,Fiat,Kuga,plan_ahorro,contactado,Nicolas Ruiz,100,no,si
L001092,2025-11-23,17:23:00,Camila,Garcia,+5491126959143,camila.garcia886@mail.com,Entre Rios,Mendoza Norte,meta_ads,CAMP038,Meta Ads - Peugeot Expert - remarketing,Peugeot,Expert,financiado,contactado,Lucas Gomez,96,no,si
L001093,2025-06-20,18:51:00,Martina,Martinez,+5491149000938,martina.martinez274@mail.com,CABA,Rosario,meta_ads,CAMP033,Meta Ads - Volkswagen Nivus - trafico,Volkswagen,Nivus,plan_ahorro,cotizado,Lucas Gomez,90,si,si
L001094,2025-05-10,12:53:00,Benjamin,Rodriguez,+5491133230753,benjamin.rodriguez310@mail.com,CABA,Cordoba Centro,google_ads,CAMP020,Google Ads - Chevrolet Tracker - lead_form,Chevrolet,Tracker,plan_ahorro,contactado,Nicolas Ruiz,6,no,si
L001095,2025-03-22,17:36:00,Valentina,Torres,+5491140776799,valentina.torres703@mail.com,Neuquen,Palermo,meta_ads,CAMP048,Meta Ads - Ford Kuga - whatsapp,Fiat,Strada,usado,calificado,Ana Perez,56,no,si
L001096,2025-04-27,13:10:00,Franco,Gonzalez,+5491130378960,franco.gonzalez675@mail.com,Rio Negro,Rosario,google_ads,CAMP004,Google Ads - Peugeot Expert - lead_form,Peugeot,Expert,usado,cotizado,Sofia Torres,40,si,si
L001097,2024-12-11,16:08:00,Mateo,Benitez,+5491125385604,mateo.benitez477@mail.com,Cordoba,Palermo,meta_ads,CAMP037,Meta Ads - Peugeot Expert - trafico,Peugeot,Expert,usado,nuevo,Lucas Gomez,57,si,si
L001098,2024-03-12,22:19:00,Valentina,Gonzalez,+5491123068286,valentina.gonzalez783@mail.com,CABA,Cordoba Centro,meta_ads,CAMP047,Meta Ads - Renault Logan - lead_form,Renault,Alaskan,financiado,nuevo,Sofia Torres,80,no,si
L001099,2024-09-17,12:03:00,Lautaro,Acosta,+5491133524591,lautaro.acosta403@mail.com,Cordoba,Avellaneda,google_ads,CAMP014,Google Ads - Toyota Corolla Cross - lead_form,Toyota,Corolla Cross,financiado,cotizado,Diego Acosta,55,si,si
L001100,2024-10-05,10:51:00,Agustin,Fernandez,+5491168948867,agustin.fernandez571@mail.com,Santa Fe,Cordoba Centro,meta_ads,CAMP040,Meta Ads - Volkswagen Virtus - remarketing,Renault,Virtus,plan_ahorro,nuevo,Nicolas Ruiz,61,no,si
L001101,2024-03-16,08:39:00,Mateo,Torres,+5491125730070,mateo.torres720@mail.com,Rio Negro,Avellaneda,google_ads,CAMP007,Google Ads - Volkswagen Nivus - lead_form,Volkswagen,Nivus,0km,calificado,Sofia Torres,65,no,si
L001102,2025-07-05,10:21:00,Tomas,Fernandez,+5491128388617,tomas.fernandez992@mail.com,CABA,La Plata,meta_ads,CAMP053,Meta Ads - Chevrolet Spin - lead_form,Chevrolet,Spin,usado,perdido,Martina Silva,9,no,si
L001103,2024-10-09,20:00:00,Julieta,Ramirez,+5491134461386,julieta.ramirez85@mail.com,Mendoza,Rosario,whatsapp_directo,,,Chevrolet,S10,0km,contactado,Lucas Gomez,47,si,si
L001104,2025-08-20,10:18:00,Lucas,Fernandez,+5491155923457,lucas.fernandez102@mail.com,Neuquen,Moron,google_ads,CAMP027,Google Ads - Chevrolet Tracker - whatsapp,Chevrolet,Tracker,0km,perdido,Juan Perez,69,si,si
L001105,2025-04-20,16:09:00,Catalina,Sanchez,+5491161518781,catalina.sanchez171@mail.com,Buenos Aires,Rosario,meta_ads,CAMP051,Meta Ads - Renault Logan - whatsapp,Renault,Logan,0km,sin_respuesta,Martina Silva,16,no,si
L001106,2024-10-02,10:56:00,Martina,Acosta,+5491167652340,martina.acosta721@mail.com,Cordoba,Moron,google_ads,CAMP013,Google Ads - Renault Logan - lead_form,Renault,Logan,financiado,sin_respuesta,Lucas Gomez,57,no,si
L001107,2024-12-29,14:00:00,Florencia,Acosta,+5491166699830,florencia.acosta510@mail.com,Rio Negro,Palermo,meta_ads,CAMP033,Meta Ads - Volkswagen Nivus - trafico,Volkswagen,Nivus,plan_ahorro,contactado,Juan Perez,5,si,si
L001108,2026-08-19,18:29:00,Tomas,Alvarez,+5491151802242,tomas.alvarez652@mail.com,Neuquen,Rosario,whatsapp_directo,,,Chevrolet,S10,usado,test_drive,Lucas Gomez,96,no,si
L001109,2025-11-21,19:31:00,Sofia,Perez,+5491132499611,sofia.perez182@mail.com,Salta,Palermo,google_ads,CAMP014,Google Ads - Toyota Corolla Cross - lead_form,Toyota,Corolla Cross,0km,test_drive,Ana Perez,46,si,si
L001110,2025-03-24,18:03:00,Benjamin,Ruiz,+5491155740343,benjamin.ruiz714@mail.com,Buenos Aires,Palermo,google_ads,CAMP028,Google Ads - Volkswagen Amarok - remarketing,Volkswagen,Amarok,financiado,contactado,Nicolas Ruiz,34,si,si
L001111,2025-01-04,13:26:00,Benjamin,Martinez,+5491169547406,benjamin.martinez419@mail.com,Cordoba,Rosario,google_ads,CAMP018,Google Ads - Toyota SW4 - trafico,Toyota,SW4,plan_ahorro,cotizado,Juan Perez,19,si,si
L001112,2025-05-03,13:52:00,Lucia,Garcia,+5491164561674,lucia.garcia666@mail.com,Salta,Avellaneda,google_ads,CAMP014,Google Ads - Toyota Corolla Cross - lead_form,Toyota,Yaris,0km,calificado,Camila Lopez,1,no,si
L001113,2026-07-05,10:56:00,Martina,Perez,+5491133701468,martina.perez9@mail.com,Neuquen,Rosario,meta_ads,CAMP049,Meta Ads - Fiat Cronos - trafico,Fiat,Fastback,usado,perdido,Martina Silva,65,no,si
L001114,2024-10-29,10:45:00,Franco,Martinez,+5491140291144,franco.martinez925@mail.com,Tucuman,La Plata,google_ads,CAMP060,Meta Ads - Volkswagen Amarok - whatsapp,Volkswagen,Virtus,financiado,calificado,Diego Acosta,66,si,si
L001115,2024-06-07,19:35:00,Florencia,Ramirez,+5491149354272,florencia.ramirez305@mail.com,Tucuman,Rosario,meta_ads,CAMP031,Meta Ads - Volkswagen Polo - trafico,Volkswagen,Nivus,plan_ahorro,nuevo,Lucas Gomez,69,no,si
L001116,2025-09-04,13:10:00,Tomas,Alvarez,+5491131289738,tomas.alvarez213@mail.com,Buenos Aires,Moron,google_ads,CAMP015,Google Ads - Ford Maverick - trafico,Ford,Maverick,financiado,perdido,Lucas Gomez,10,si,si
L001117,2025-01-12,12:06:00,Tomas,Garcia,+5491131475585,tomas.garcia937@mail.com,Santa Fe,Avellaneda,meta_ads,CAMP047,Meta Ads - Renault Logan - lead_form,Renault,Alaskan,plan_ahorro,sin_respuesta,Martina Silva,53,si,si
L001118,2025-07-05,13:44:00,Joaquin,Lopez,+5491161287705,joaquin.lopez358@mail.com,Neuquen,Palermo,meta_ads,CAMP047,Meta Ads - Renault Logan - lead_form,Renault,Logan,usado,calificado,Diego Acosta,52,no,si
L001119,2024-07-16,18:46:00,Tomas,Fernandez,+5491152115863,tomas.fernandez960@mail.com,Tucuman,La Plata,meta_ads,CAMP032,Meta Ads - Fiat Pulse - lead_form,Fiat,Pulse,0km,perdido,Juan Perez,58,no,si
L001120,2024-01-03,14:49:00,Franco,Ruiz,+5491145255144,franco.ruiz200@mail.com,Entre Rios,Rosario,google_ads,CAMP012,Google Ads - Ford Territory - whatsapp,Ford,Territory,financiado,calificado,Ana Perez,73,si,no
L001121,2026-07-13,17:31:00,Martina,Benitez,+5491134579288,martina.benitez567@mail.com,Buenos Aires,Avellaneda,google_ads,CAMP010,Google Ads - Renault Kangoo - whatsapp,Fiat,Kangoo,0km,nuevo,Martina Silva,82,no,si
L001122,2024-03-31,18:12:00,Lucas,Ramirez,+5491159313023,lucas.ramirez41@mail.com,Neuquen,Avellaneda,google_ads,CAMP023,Google Ads - Fiat Pulse - remarketing,Fiat,Toro,financiado,nuevo,Camila Lopez,23,no,si
L001123,2024-02-18,12:52:00,Valentina,Garcia,+5491126817205,valentina.garcia638@mail.com,Buenos Aires,La Plata,google_ads,CAMP011,Google Ads - Peugeot 3008 - trafico,Peugeot,3008,plan_ahorro,nuevo,Sofia Torres,83,no,si
L001124,2026-06-05,18:16:00,Catalina,Sanchez,+5491128897441,catalina.sanchez202@mail.com,Salta,Rosario,google_ads,CAMP027,Google Ads - Chevrolet Tracker - whatsapp,Chevrolet,Tracker,plan_ahorro,cotizado,Juan Perez,93,no,si
L001125,2026-04-10,19:33:00,Lucia,Acosta,+5491145100019,lucia.acosta998@mail.com,CABA,Mendoza Norte,google_ads,CAMP010,Google Ads - Renault Kangoo - whatsapp,Renault,Kangoo,financiado,contactado,Lucas Gomez,61,no,si
L001126,2024-09-01,17:39:00,Lucia,Benitez,+5491143754036,mia.rodriguez188@mail.com,Salta,Moron,organico,,,Renault,Nivus,financiado,perdido,Sofia Torres,60,si,si
L001127,2026-04-16,11:12:00,Emma,Torres,+5491146229902,emma.torres6@mail.com,Salta,Cordoba Centro,meta_ads,CAMP016,Google Ads - Renault Kangoo - remarketing,Ford,Kangoo,usado,perdido,Diego Acosta,14,no,si
L001128,2024-05-05,18:11:00,Santiago,Ramirez,+5491156401682,santiago.ramirez982@mail.com,Entre Rios,Avellaneda,meta_ads,CAMP038,Meta Ads - Peugeot Expert - remarketing,Peugeot,Expert,plan_ahorro,contactado,Ana Perez,31,no,si
L001129,2026-07-05,21:23:00,Valentina,Ruiz,+5491151201510,valentina.ruiz89@mail.com,Salta,Rosario,google_ads,CAMP013,Google Ads - Renault Logan - lead_form,Renault,Logan,financiado,contactado,Martina Silva,15,no,si
L001130,2024-01-16,21:07:00,Mateo,Perez,+5491169504883,mateo.perez179@mail.com,Buenos Aires,Mendoza Norte,google_ads,CAMP003,Google Ads - Volkswagen Virtus - lead_form,Volkswagen,Nivus,usado,cotizado,Juan Perez,78,no,si
L001131,2026-09-11,13:45:00,Tomas,Alvarez,+5491160416693,tomas.alvarez625@mail.com,Entre Rios,Cordoba Centro,meta_ads,CAMP042,Meta Ads - Volkswagen Virtus - remarketing,Volkswagen,Virtus,usado,sin_respuesta,Ana Perez,71,no,si
L001132,2024-10-01,19:53:00,Benjamin,Lopez,+5491148954583,benjamin.lopez813@mail.com,Santa Fe,Avellaneda,google_ads,CAMP012,Google Ads - Ford Territory - whatsapp,Ford,Ranger,plan_ahorro,contactado,Diego Acosta,59,no,si
L001133,2026-06-28,16:09:00,Benjamin,Benitez,+5491148120614,benjamin.benitez658@mail.com,Salta,Avellaneda,meta_ads,CAMP056,Meta Ads - Renault Logan - whatsapp,Volkswagen,Taos,plan_ahorro,cotizado,Lucas Gomez,8,no,si
L001134,2025-11-06,19:02:00,Mateo,Alvarez,+5491148112269,mateo.alvarez227@mail.com,Rio Negro,Moron,google_ads,CAMP002,Google Ads - Peugeot Partner - whatsapp,Peugeot,208,financiado,contactado,Camila Lopez,83,no,si
L001135,2025-11-09,22:12:00,Benjamin,Rodriguez,+5491164658940,benjamin.rodriguez945@mail.com,Cordoba,Cordoba Centro,google_ads,CAMP014,Google Ads - Toyota Corolla Cross - lead_form,Toyota,Hilux,usado,calificado,Lucas Gomez,99,si,si
L001136,2026-08-07,15:08:00,Bruno,Diaz,+5491138154684,bruno.diaz38@mail.com,Buenos Aires,Rosario,meta_ads,CAMP049,Meta Ads - Fiat Cronos - trafico,Fiat,Cronos,usado,calificado,Camila Lopez,56,si,si
L001137,2024-06-26,09:26:00,Bruno,Ramirez,+5491136481549,bruno.ramirez535@mail.com,Entre Rios,Cordoba Centro,whatsapp_directo,,,Volkswagen,Cruze,0km,contactado,Juan Perez,41,no,si
L001138,2024-04-01,08:05:00,Martina,Alvarez,+5491165377867,martina.alvarez70@mail.com,CABA,Rosario,meta_ads,CAMP053,Meta Ads - Chevrolet Spin - lead_form,Chevrolet,Spin,plan_ahorro,nuevo,Lucas Gomez,14,no,si
L001139,2024-08-13,11:57:00,Tomas,Romero,+5491124547830,tomas.romero962@mail.com,Tucuman,Mendoza Norte,meta_ads,CAMP051,Meta Ads - Renault Logan - whatsapp,Renault,Duster,plan_ahorro,contactado,Camila Lopez,49,si,si
L001140,2024-07-18,21:05:00,Joaquin,Ramirez,+5491128119274,joaquin.ramirez854@mail.com,Cordoba,Cordoba Centro,google_ads,CAMP029,Google Ads - Ford Bronco Sport - whatsapp,Fiat,Bronco Sport,plan_ahorro,perdido,Ana Perez,38,si,si
L001141,2024-05-20,18:29:00,Florencia,Benitez,+5491143699710,florencia.benitez31@mail.com,Santa Fe,Avellaneda,meta_ads,CAMP031,Meta Ads - Volkswagen Polo - trafico,Ford,Polo,0km,nuevo,Juan Perez,34,no,si
L001142,2025-12-18,16:48:00,Lautaro,Alvarez,+5491149562910,lautaro.alvarez486@mail.com,Santa Fe,Avellaneda,meta_ads,CAMP035,Meta Ads - Peugeot 3008 - whatsapp,Peugeot,3008,0km,sin_respuesta,Camila Lopez,58,si,si
L001143,2024-05-31,09:51:00,Benjamin,Acosta,+5491131393009,benjamin.acosta884@mail.com,Neuquen,Mendoza Norte,google_ads,CAMP029,Google Ads - Ford Bronco Sport - whatsapp,Ford,Bronco Sport,plan_ahorro,nuevo,Diego Acosta,79,si,si
L001144,2026-08-27,08:11:00,Lautaro,Sanchez,+5491134680336,lautaro.sanchez708@mail.com,Buenos Aires,Moron,organico,,,Volkswagen,Virtus,usado,perdido,Lucas Gomez,63,si,si
L001145,2025-06-18,11:18:00,Camila,Acosta,+5491129185481,camila.acosta156@mail.com,Mendoza,Rosario,meta_ads,CAMP039,Meta Ads - Chevrolet Cruze - trafico,Renault,Cruze,usado,contactado,Ana Perez,57,si,si
L001146,2026-09-02,10:14:00,Joaquin,Perez,+5491164900748,joaquin.perez13@mail.com,Cordoba,Moron,whatsapp_directo,,,Toyota,Kangoo,plan_ahorro,sin_respuesta,Sofia Torres,33,no,si
L001147,2024-04-13,16:00:00,Catalina,Acosta,+5491123750030,catalina.acosta367@mail.com,CABA,Moron,google_ads,CAMP022,Google Ads - Toyota Hilux - lead_form,Toyota,Yaris,financiado,contactado,Martina Silva,43,si,si
L001148,2026-05-18,10:56:00,Valentina,Garcia,+5491133364063,valentina.garcia202@mail.com,Buenos Aires,Moron,meta_ads,CAMP042,Meta Ads - Volkswagen Virtus - remarketing,Volkswagen,Virtus,usado,perdido,Martina Silva,67,si,si
L001149,2024-09-06,14:10:00,Franco,Ramirez,+5491167805150,franco.ramirez111@mail.com,Neuquen,Rosario,google_ads,CAMP014,Google Ads - Toyota Corolla Cross - lead_form,Toyota,Corolla Cross,plan_ahorro,sin_respuesta,Diego Acosta,50,si,si
L001150,2025-04-13,12:31:00,Mateo,Fernandez,+5491134995933,mateo.fernandez672@mail.com,CABA,Moron,google_ads,CAMP003,Google Ads - Volkswagen Virtus - lead_form,Volkswagen,Virtus,0km,perdido,Martina Silva,22,no,si
L001151,2024-07-20,13:56:00,Camila,Garcia,+5491161390486,camila.garcia980@mail.com,Tucuman,Avellaneda,meta_ads,CAMP040,Meta Ads - Volkswagen Virtus - remarketing,Volkswagen,Polo,financiado,sin_respuesta,Nicolas Ruiz,11,no,no
L001152,2026-03-15,10:41:00,Valentina,Sanchez,+5491157302391,valentina.sanchez732@mail.com,Neuquen,Palermo,meta_ads,CAMP052,Meta Ads - Volkswagen Taos - whatsapp,Volkswagen,Amarok,usado,calificado,Nicolas Ruiz,25,no,si
L001153,2025-03-09,11:47:00,Bruno,Gonzalez,+5491145693926,bruno.gonzalez449@mail.com,Buenos Aires,La Plata,google_ads,CAMP002,Google Ads - Peugeot Partner - whatsapp,Peugeot,Partner,plan_ahorro,cotizado,Ana Perez,68,si,si
L001154,2024-12-04,20:07:00,Sofia,Martinez,+5491158685043,sofia.martinez418@mail.com,Entre Rios,Cordoba Centro,google_ads,CAMP016,Google Ads - Renault Kangoo - remarketing,Renault,Kangoo,financiado,contactado,Sofia Torres,95,no,si
L001155,2024-08-21,14:57:00,Sofia,Lopez,+5491167008633,sofia.lopez806@mail.com,CABA,La Plata,google_ads,CAMP013,Google Ads - Renault Logan - lead_form,Renault,Logan,usado,test_drive,Diego Acosta,28,no,si
L001156,2026-05-14,21:30:00,Franco,Romero,+5491154493922,franco.romero464@mail.com,Rio Negro,Palermo,whatsapp_directo,,,Chevrolet,Cruze,0km,calificado,Ana Perez,75,si,si
L001157,2026-09-01,15:13:00,Santiago,Acosta,+5491162093034,santiago.acosta408@mail.com,Buenos Aires,La Plata,google_ads,CAMP016,Google Ads - Renault Kangoo - remarketing,Renault,Duster,plan_ahorro,sin_respuesta,Camila Lopez,20,no,si
L001158,2024-03-26,20:27:00,Catalina,Martinez,+5491121792774,catalina.martinez636@mail.com,Neuquen,La Plata,meta_ads,CAMP045,Meta Ads - Chevrolet S10 - lead_form,Chevrolet,S10,plan_ahorro,nuevo,Ana Perez,82,si,si
L001159,2024-08-13,17:46:00,Lautaro,Perez,+5491124728010,lautaro.perez721@mail.com,Santa Fe,La Plata,google_ads,CAMP015,Google Ads - Ford Maverick - trafico,Ford,Maverick,plan_ahorro,contactado,Juan Perez,37,no,si
L001160,2024-12-13,11:34:00,Camila,Garcia,+5491144517763,camila.garcia488@mail.com,Rio Negro,Rosario,meta_ads,CAMP034,Meta Ads - Volkswagen Amarok - remarketing,Volkswagen,Amarok,usado,contactado,Nicolas Ruiz,33,si,si
L001161,2025-08-30,21:32:00,Martina,Fernandez,+5491158408944,martina.fernandez732@mail.com,Neuquen,Avellaneda,google_ads,CAMP010,Google Ads - Renault Kangoo - whatsapp,Renault,Alaskan,0km,calificado,Lucas Gomez,31,no,si
L001162,2024-10-15,10:12:00,Sofia,Rodriguez,+5491145310198,sofia.rodriguez509@mail.com,Salta,Moron,google_ads,CAMP028,Google Ads - Volkswagen Amarok - remarketing,Volkswagen,Amarok,usado,cotizado,Lucas Gomez,66,si,si
L001163,2025-08-26,22:14:00,Bruno,Gonzalez,+5491124071206,bruno.gonzalez77@mail.com,Salta,Palermo,meta_ads,CAMP044,Meta Ads - Fiat Fastback - remarketing,Fiat,Fastback,0km,sin_respuesta,Martina Silva,13,si,si
L001164,2026-08-10,17:21:00,Valentina,Garcia,+5491158391849,valentina.garcia457@mail.com,Entre Rios,Cordoba Centro,meta_ads,CAMP041,Meta Ads - Toyota Corolla - lead_form,Toyota,Hilux,usado,contactado,Juan Perez,96,no,si
L001165,2024-08-20,14:44:00,Lucas,Perez,+5491160783018,lucas.perez889@mail.com,Salta,Moron,google_ads,CAMP013,Google Ads - Renault Logan - lead_form,Volkswagen,Virtus,0km,cotizado,Ana Perez,97,no,si
L001166,2024-07-28,19:02:00,Camila,Gonzalez,+5491135655373,camila.gonzalez623@mail.com,Buenos Aires,Avellaneda,meta_ads,CAMP025,Google Ads - Ford Maverick - whatsapp,Ford,Maverick,usado,cotizado,Ana Perez,27,no,si
L001167,2025-08-10,13:00:00,Catalina,Garcia,+5491139432764,catalina.garcia230@mail.com,Entre Rios,Moron,whatsapp_directo,,,Peugeot,208,plan_ahorro,nuevo,Camila Lopez,90,no,si
L001168,2026-08-09,13:15:00,Bruno,Gonzalez,+5491134365690,bruno.gonzalez924@mail.com,Buenos Aires,Rosario,organico,,,Ford,Tracker,plan_ahorro,contactado,Juan Perez,40,si,si
L001169,2025-05-06,08:17:00,Camila,Martinez,+5491151856598,camila.martinez209@mail.com,Santa Fe,Avellaneda,whatsapp_directo,,,Peugeot,Expert,0km,contactado,Camila Lopez,16,si,si
L001170,2025-04-10,11:12:00,Bruno,Ramirez,+5491143488615,bruno.ramirez27@mail.com,Rio Negro,Avellaneda,meta_ads,CAMP051,Meta Ads - Renault Logan - whatsapp,Ford,Kuga,plan_ahorro,sin_respuesta,Lucas Gomez,84,no,si
L001171,2025-09-20,09:42:00,Mia,Ramirez,+5491160766261,mia.ramirez558@mail.com,Neuquen,Moron,google_ads,CAMP003,Google Ads - Volkswagen Virtus - lead_form,Fiat,Virtus,usado,nuevo,Ana Perez,84,no,si
L001172,2025-04-24,13:07:00,Lautaro,Benitez,,lautaro.benitez522@mail.com,CABA,Rosario,meta_ads,CAMP015,Google Ads - Ford Maverick - trafico,Ford,Maverick,0km,sin_respuesta,Camila Lopez,44,no,si
L001173,2024-03-09,10:42:00,Tomas,Benitez,+5491150471631,tomas.benitez350@mail.com,Rio Negro,Cordoba Centro,whatsapp_directo,,,Chevrolet,Cruze,financiado,perdido,Ana Perez,56,no,si
L001174,2025-09-02,10:56:00,Lucia,Rodriguez,+5491136607310,lucia.rodriguez811@mail.com,Neuquen,Avellaneda,meta_ads,CAMP040,Meta Ads - Volkswagen Virtus - remarketing,Ford,Virtus,plan_ahorro,sin_respuesta,Juan Perez,43,si,si
L001175,2026-03-31,19:18:00,Santiago,Garcia,+5491157358236,santiago.garcia964@mail.com,Tucuman,Moron,google_ads,CAMP027,Google Ads - Chevrolet Tracker - whatsapp,Chevrolet,Tracker,plan_ahorro,cotizado,Diego Acosta,10,si,si
L001176,2026-02-25,13:28:00,Franco,Perez,+5491158411205,franco.perez682@mail.com,CABA,Cordoba Centro,meta_ads,CAMP032,Meta Ads - Fiat Pulse - lead_form,Fiat,Pulse,plan_ahorro,sin_respuesta,Camila Lopez,40,no,si
L001177,2025-09-13,12:14:00,Sofia,Perez,+5491120227962,sofia.perez519@mail.com,Neuquen,Mendoza Norte,meta_ads,CAMP046,Meta Ads - Peugeot 208 - trafico,Peugeot,208,plan_ahorro,contactado,Sofia Torres,75,si,si
L001178,2026-03-18,16:35:00,Catalina,Benitez,+5491169880654,catalina.benitez931@mail.com,Santa Fe,Cordoba Centro,whatsapp_directo,,,Chevrolet,Cronos,plan_ahorro,sin_respuesta,Lucas Gomez,55,no,si
L001179,2025-03-24,11:21:00,Catalina,Diaz,+5491157357790,catalina.diaz31@mail.com,Buenos Aires,Mendoza Norte,google_ads,CAMP024,Google Ads - Peugeot Partner - whatsapp,Fiat,Toro,financiado,calificado,Martina Silva,92,no,si
L001180,2026-04-04,20:29:00,Catalina,Rodriguez,+5491158546985,catalina.rodriguez941@mail.com,Neuquen,La Plata,whatsapp_directo,,,Peugeot,Partner,0km,contactado,Juan Perez,59,si,si
L001181,2024-01-25,09:50:00,Martina,Sanchez,+5491160544266,martina.sanchez47@mail.com,Mendoza,Moron,meta_ads,CAMP041,Meta Ads - Toyota Corolla - lead_form,Toyota,Corolla,0km,contactado,Lucas Gomez,98,no,si
L001182,2024-10-31,15:10:00,Santiago,Rodriguez,+5491135299700,santiago.rodriguez480@mail.com,Mendoza,Avellaneda,meta_ads,CAMP059,Meta Ads - Renault Alaskan - whatsapp,Ford,Alaskan,plan_ahorro,nuevo,Nicolas Ruiz,7,no,si
L001183,2025-03-03,14:29:00,Catalina,Rodriguez,+5491157680520,catalina.rodriguez146@mail.com,Entre Rios,Cordoba Centro,google_ads,CAMP038,Meta Ads - Peugeot Expert - remarketing,Peugeot,Partner,usado,perdido,Sofia Torres,51,si,si
L001184,2026-08-09,09:59:00,Sofia,Martinez,+5491146247786,sofia.martinez2@mail.com,Rio Negro,Mendoza Norte,google_ads,CAMP022,Google Ads - Toyota Hilux - lead_form,Toyota,Hilux,plan_ahorro,sin_respuesta,Juan Perez,90,si,no
L001185,2025-11-03,20:41:00,Valentina,Romero,+5491150686717,valentina.romero615@mail.com,CABA,Moron,meta_ads,CAMP053,Meta Ads - Chevrolet Spin - lead_form,Chevrolet,Spin,0km,test_drive,Diego Acosta,67,no,si
L001186,2025-06-03,15:10:00,Mateo,Garcia,+5491123844790,mateo.garcia774@mail.com,Tucuman,Mendoza Norte,meta_ads,CAMP034,Meta Ads - Volkswagen Amarok - remarketing,Volkswagen,Amarok,0km,cotizado,Lucas Gomez,36,si,si
L001187,2024-12-14,13:23:00,Lautaro,Perez,+5491127231843,lautaro.perez236@mail.com,Cordoba,Cordoba Centro,meta_ads,CAMP037,Meta Ads - Peugeot Expert - trafico,Peugeot,Partner,financiado,contactado,Sofia Torres,81,si,si
L001188,2025-05-01,16:09:00,Valentina,Garcia,+5491133009050,valentina.garcia999@mail.com,Salta,Mendoza Norte,whatsapp_directo,,,Chevrolet,Tracker,financiado,contactado,Ana Perez,71,no,si
L001189,2025-08-19,13:41:00,Valentina,Torres,+5491128913840,valentina.torres608@mail.com,CABA,Cordoba Centro,meta_ads,CAMP041,Meta Ads - Toyota Corolla - lead_form,Toyota,Corolla,financiado,nuevo,Nicolas Ruiz,80,si,si
L001190,2025-02-11,17:42:00,Tomas,Perez,+5491128328088,tomas.perez112@mail.com,Salta,Rosario,meta_ads,CAMP046,Meta Ads - Peugeot 208 - trafico,Peugeot,Expert,financiado,contactado,Ana Perez,84,no,si
L001191,2025-06-26,14:16:00,Santiago,Diaz,+5491127818743,santiago.diaz108@mail.com,Cordoba,Avellaneda,google_ads,CAMP027,Google Ads - Chevrolet Tracker - whatsapp,Chevrolet,Tracker,0km,calificado,Camila Lopez,33,si,si
L001192,2025-09-23,18:36:00,Mateo,Gonzalez,+5491165387719,mateo.gonzalez684@mail.com,Salta,La Plata,google_ads,CAMP008,Google Ads - Chevrolet Tracker - remarketing,Volkswagen,Amarok,0km,calificado,Juan Perez,69,no,si
L001193,2026-04-05,21:24:00,Joaquin,Benitez,+5491167858916,joaquin.benitez785@mail.com,Salta,Avellaneda,meta_ads,CAMP035,Meta Ads - Peugeot 3008 - whatsapp,Peugeot,3008,plan_ahorro,perdido,Nicolas Ruiz,61,no,si
L001194,2025-02-07,17:43:00,Lucia,Rodriguez,+5491164144883,lucia.rodriguez218@mail.com,Tucuman,La Plata,google_ads,CAMP004,Google Ads - Peugeot Expert - lead_form,Renault,Expert,usado,perdido,Ana Perez,1,no,si
L001195,2025-01-07,08:25:00,Lucia,Perez,+5491164057475,lucia.perez88@mail.com,Mendoza,Moron,meta_ads,CAMP051,Meta Ads - Renault Logan - whatsapp,Renault,Logan,usado,nuevo,Nicolas Ruiz,39,no,si
L001196,2026-08-25,14:33:00,Franco,Torres,+5491160263964,franco.torres853@mail.com,Mendoza,Cordoba Centro,organico,,,Renault,Kangoo,0km,sin_respuesta,Diego Acosta,86,si,si
L001197,2025-07-10,18:39:00,Lucia,Perez,+5491129543385,lucia.perez230@mail.com,Salta,Rosario,google_ads,CAMP010,Google Ads - Renault Kangoo - whatsapp,Ford,Kangoo,usado,calificado,Diego Acosta,77,no,si
L001198,2024-04-08,15:38:00,Agustin,Romero,+5491123525448,agustin.romero15@mail.com,Mendoza,La Plata,google_ads,CAMP006,Google Ads - Toyota Corolla - whatsapp,Ford,Ranger,0km,test_drive,Lucas Gomez,20,si,si
L001199,2024-03-09,14:17:00,Lucas,Garcia,+5491166378548,lucas.garcia49@mail.com,Buenos Aires,Mendoza Norte,google_ads,CAMP007,Google Ads - Volkswagen Nivus - lead_form,Renault,Nivus,0km,test_drive,Nicolas Ruiz,75,no,si
L001200,2026-09-01,14:04:00,Lucia,Martinez,+5491131650470,lucia.martinez97@mail.com,Cordoba,Palermo,organico,,,Ford,Ranger,financiado,nuevo,Diego Acosta,22,no,si
L001201,2025-11-18,12:17:00,Benjamin,Alvarez,+5491161720406,benjamin.alvarez928@mail.com,Rio Negro,Avellaneda,meta_ads,CAMP032,Meta Ads - Fiat Pulse - lead_form,Fiat,Pulse,plan_ahorro,sin_respuesta,Lucas Gomez,17,si,si
L001202,2025-07-17,08:23:00,Santiago,Gonzalez,+5491152121581,santiago.gonzalez40@mail.com,Salta,Moron,google_ads,CAMP002,Google Ads - Peugeot Partner - whatsapp,Peugeot,Partner,financiado,nuevo,Lucas Gomez,52,si,si
L001203,2024-05-03,22:01:00,Martina,Martinez,+5491168439871,martina.martinez315@mail.com,Buenos Aires,Avellaneda,google_ads,CAMP017,Google Ads - Chevrolet Onix - remarketing,Chevrolet,Cruze,financiado,perdido,Martina Silva,59,si,si
L001204,2025-05-17,20:27:00,Tomas,Gonzalez,+5491128800138,tomas.gonzalez706@mail.com,Salta,Cordoba Centro,organico,,,Volkswagen,Nivus,financiado,calificado,Diego Acosta,44,si,si
L001205,2024-02-03,08:34:00,Florencia,Fernandez,+5491148441798,florencia.fernandez615@mail.com,Santa Fe,Avellaneda,google_ads,CAMP007,Google Ads - Volkswagen Nivus - lead_form,Volkswagen,Nivus,usado,perdido,Juan Perez,71,si,si
L001206,2025-07-14,08:00:00,Valentina,Fernandez,+5491151471406,valentina.fernandez48@mail.com,Santa Fe,Mendoza Norte,google_ads,CAMP001,Google Ads - Peugeot 208 - lead_form,Peugeot,208,0km,contactado,Camila Lopez,7,no,si
L001207,2025-02-23,17:59:00,Tomas,Perez,+5491145372973,lucia.garcia133@mail.com,Tucuman,La Plata,google_ads,CAMP010,Google Ads - Renault Kangoo - whatsapp,Renault,Kangoo,financiado,calificado,Martina Silva,62,si,no
L001208,2025-05-09,17:33:00,Lucia,Ramirez,+5491132246645,lucia.ramirez340@mail.com,Entre Rios,La Plata,google_ads,CAMP017,Google Ads - Chevrolet Onix - remarketing,Chevrolet,Onix,financiado,cotizado,Martina Silva,8,no,si
L001209,2024-02-01,11:56:00,Lucas,Sanchez,+5491146079077,lucas.sanchez9@mail.com,Santa Fe,Cordoba Centro,meta_ads,CAMP022,Google Ads - Toyota Hilux - lead_form,Toyota,Hilux,0km,calificado,Camila Lopez,18,no,si
L001210,2025-12-31,20:12:00,Tomas,Garcia,+5491156167182,tomas.garcia726@mail.com,Buenos Aires,Rosario,meta_ads,CAMP050,Meta Ads - Chevrolet Tracker - lead_form,Volkswagen,Tracker,financiado,contactado,Lucas Gomez,18,si,si
L001211,2024-12-24,19:18:00,Emma,Lopez,+5491150102243,emma.lopez908@mail.com,Neuquen,Cordoba Centro,meta_ads,CAMP041,Meta Ads - Toyota Corolla - lead_form,Renault,Corolla,plan_ahorro,perdido,Camila Lopez,63,si,si
L001212,2025-04-11,18:59:00,Florencia,Alvarez,+5491126102783,florencia.alvarez676@mail.com,Rio Negro,Avellaneda,google_ads,CAMP019,Google Ads - Renault Alaskan - trafico,Ford,Territory,plan_ahorro,perdido,Ana Perez,41,si,si
L001213,2025-04-06,09:18:00,Mateo,Sanchez,+5491135226225,mateo.sanchez971@mail.com,Santa Fe,Moron,google_ads,CAMP030,Google Ads - Peugeot Partner - lead_form,Peugeot,Partner,plan_ahorro,test_drive,Camila Lopez,39,no,si
L001214,2026-09-09,12:57:00,Emma,Benitez,+5491135108076,emma.benitez718@mail.com,Buenos Aires,La Plata,meta_ads,CAMP042,Meta Ads - Volkswagen Virtus - remarketing,Volkswagen,Virtus,0km,nuevo,Sofia Torres,99,no,si
L001215,2025-10-07,19:53:00,Valentina,Fernandez,+5491138648002,valentina.fernandez143@mail.com,Cordoba,La Plata,google_ads,CAMP004,Google Ads - Peugeot Expert - lead_form,Peugeot,Expert,usado,calificado,Diego Acosta,34,si,si
L001216,2025-05-24,19:55:00,Julieta,Sanchez,+5491131436503,julieta.sanchez265@mail.com,Tucuman,La Plata,organico,,,Toyota,Hilux,0km,cotizado,Diego Acosta,75,no,si
L001217,2025-08-04,14:06:00,Catalina,Martinez,+5491142923295,catalina.martinez59@mail.com,Rio Negro,Palermo,meta_ads,CAMP045,Meta Ads - Chevrolet S10 - lead_form,Chevrolet,Spin,usado,contactado,Martina Silva,63,si,si
L001218,2026-09-14,08:26:00,Joaquin,Ruiz,+5491136152469,joaquin.ruiz987@mail.com,Neuquen,Rosario,meta_ads,CAMP051,Meta Ads - Renault Logan - whatsapp,Toyota,Logan,0km,test_drive,Nicolas Ruiz,13,si,si
L001219,2026-06-04,09:47:00,Tomas,Ramirez,+5491162763420,tomas.ramirez389@mail.com,Neuquen,Palermo,google_ads,CAMP009,Google Ads - Volkswagen Amarok - trafico,Volkswagen,Amarok,usado,perdido,Nicolas Ruiz,37,no,si
L001220,2025-08-11,18:22:00,Florencia,Perez,+5491122541161,,Salta,Rosario,google_ads,CAMP005,Google Ads - Chevrolet Cruze - lead_form,Chevrolet,Cruze,usado,nuevo,Martina Silva,72,si,si
L001221,2024-01-07,13:37:00,Camila,Diaz,+5491155625661,camila.diaz84@mail.com,Neuquen,Mendoza Norte,organico,,,Peugeot,208,0km,calificado,Camila Lopez,87,si,si
L001222,2025-08-06,18:00:00,Florencia,Martinez,+5491124228753,florencia.martinez176@mail.com,Salta,Rosario,meta_ads,CAMP049,Meta Ads - Fiat Cronos - trafico,Fiat,Cronos,usado,perdido,Juan Perez,28,no,si
L001223,2025-11-02,08:37:00,Emma,Ruiz,+5491159429807,emma.ruiz393@mail.com,Tucuman,Cordoba Centro,google_ads,CAMP013,Google Ads - Renault Logan - lead_form,Ford,Logan,usado,contactado,Martina Silva,58,no,si
L001224,2024-11-06,17:54:00,Lautaro,Rodriguez,+5491127501215,lautaro.rodriguez715@mail.com,Entre Rios,Cordoba Centro,meta_ads,CAMP042,Meta Ads - Volkswagen Virtus - remarketing,Volkswagen,Amarok,plan_ahorro,calificado,Sofia Torres,79,si,si
L001225,2025-01-01,22:24:00,Bruno,Fernandez,+5491138832861,bruno.fernandez298@mail.com,CABA,Moron,meta_ads,CAMP051,Meta Ads - Renault Logan - whatsapp,Renault,Logan,usado,nuevo,Diego Acosta,57,si,si
L001226,2025-09-11,10:16:00,Joaquin,Gonzalez,+5491134464107,joaquin.gonzalez42@mail.com,Mendoza,Mendoza Norte,google_ads,CAMP018,Google Ads - Toyota SW4 - trafico,Toyota,SW4,0km,calificado,Ana Perez,77,si,si
L001227,2026-01-14,18:00:00,Catalina,Diaz,+5491133251263,catalina.diaz710@mail.com,Rio Negro,Moron,meta_ads,CAMP056,Meta Ads - Renault Logan - whatsapp,Renault,Logan,financiado,sin_respuesta,Sofia Torres,91,no,si
L001228,2025-11-09,18:23:00,Lautaro,Diaz,+5491158207477,lautaro.diaz645@mail.com,Rio Negro,Avellaneda,meta_ads,CAMP051,Meta Ads - Renault Logan - whatsapp,Toyota,Logan,plan_ahorro,perdido,Juan Perez,81,si,si
L001229,2024-11-05,14:19:00,Julieta,Diaz,+5491160783018,lucas.perez889@mail.com,Entre Rios,Cordoba Centro,google_ads,CAMP004,Google Ads - Peugeot Expert - lead_form,Fiat,Expert,financiado,contactado,Sofia Torres,24,no,si
L001230,2026-07-02,16:29:00,Lautaro,Garcia,+5491135018431,lautaro.garcia892@mail.com,Entre Rios,Cordoba Centro,organico,,,Peugeot,Partner,0km,cotizado,Camila Lopez,56,no,si
L001231,2024-09-28,19:28:00,Valentina,Sanchez,+5491139014978,valentina.sanchez438@mail.com,Santa Fe,Palermo,google_ads,CAMP010,Google Ads - Renault Kangoo - whatsapp,Renault,Duster,plan_ahorro,calificado,Ana Perez,85,si,si
L001232,2024-08-04,16:49:00,Mia,Perez,+5491153450781,mia.perez192@mail.com,Rio Negro,La Plata,google_ads,CAMP024,Google Ads - Peugeot Partner - whatsapp,Peugeot,3008,0km,cotizado,Martina Silva,99,no,si
L001233,2024-05-10,08:45:00,Julieta,Gonzalez,+5491131383180,julieta.gonzalez930@mail.com,Salta,Cordoba Centro,google_ads,CAMP020,Google Ads - Chevrolet Tracker - lead_form,Chevrolet,Tracker,financiado,calificado,Juan Perez,41,no,si
L001234,2024-07-22,11:22:00,Julieta,Sanchez,+5491138144958,julieta.sanchez179@mail.com,Rio Negro,Moron,meta_ads,CAMP032,Meta Ads - Fiat Pulse - lead_form,Chevrolet,S10,financiado,calificado,Martina Silva,7,no,si
L001235,2024-06-06,08:48:00,Florencia,Ruiz,+5491141706869,florencia.ruiz365@mail.com,CABA,Palermo,google_ads,CAMP022,Google Ads - Toyota Hilux - lead_form,Toyota,Hilux,financiado,nuevo,Camila Lopez,75,no,no
L001236,2026-05-31,22:47:00,Martina,Torres,+5491147478313,martina.torres688@mail.com,Tucuman,Cordoba Centro,whatsapp_directo,,,Peugeot,Partner,usado,cotizado,Diego Acosta,58,no,si
L001237,2025-01-27,09:15:00,Valentina,Gonzalez,+5491131419119,valentina.gonzalez460@mail.com,Rio Negro,Avellaneda,meta_ads,CAMP059,Meta Ads - Renault Alaskan - whatsapp,Renault,Alaskan,financiado,contactado,Diego Acosta,10,si,no
L001238,2025-07-28,10:52:00,Lucas,Alvarez,+5491128753802,lucas.alvarez253@mail.com,Buenos Aires,Palermo,google_ads,CAMP021,Google Ads - Toyota Hilux - trafico,Toyota,Hilux,0km,contactado,Camila Lopez,37,si,si
L001239,2025-10-01,21:38:00,Bruno,Diaz,+5491137241927,bruno.diaz863@mail.com,Cordoba,Rosario,organico,,,Fiat,Amarok,0km,calificado,Diego Acosta,5,si,si
L001240,2024-06-27,19:48:00,Bruno,Garcia,+5491127110326,bruno.garcia623@mail.com,Rio Negro,Rosario,meta_ads,CAMP049,Meta Ads - Fiat Cronos - trafico,Fiat,Cronos,financiado,test_drive,Lucas Gomez,4,no,si
L001241,2026-02-16,15:53:00,Catalina,Rodriguez,+5491128566959,catalina.rodriguez570@mail.com,Salta,Palermo,meta_ads,CAMP037,Meta Ads - Peugeot Expert - trafico,Fiat,Expert,financiado,contactado,Diego Acosta,87,si,si
L001242,2025-03-19,17:54:00,Benjamin,Gonzalez,+5491162536066,benjamin.gonzalez26@mail.com,Rio Negro,Mendoza Norte,meta_ads,CAMP033,Meta Ads - Volkswagen Nivus - trafico,Chevrolet,Nivus,0km,contactado,Camila Lopez,95,no,si
L001243,2024-09-09,13:22:00,Franco,Lopez,+5491126551718,franco.lopez24@mail.com,Cordoba,Mendoza Norte,google_ads,CAMP005,Google Ads - Chevrolet Cruze - lead_form,Chevrolet,Onix,financiado,test_drive,Sofia Torres,48,si,si
L001244,2025-12-22,18:29:00,Benjamin,Perez,+5491140701359,benjamin.perez777@mail.com,Salta,Rosario,meta_ads,CAMP047,Meta Ads - Renault Logan - lead_form,Renault,Logan,plan_ahorro,cotizado,Lucas Gomez,45,no,si
L001245,2025-11-29,17:36:00,Julieta,Diaz,+5491151245600,julieta.diaz418@mail.com,Neuquen,La Plata,google_ads,CAMP029,Google Ads - Ford Bronco Sport - whatsapp,Chevrolet,Bronco Sport,usado,nuevo,Nicolas Ruiz,26,no,no
L001246,2025-10-27,08:13:00,Bruno,Lopez,+5491152974178,bruno.lopez489@mail.com,Rio Negro,Cordoba Centro,meta_ads,CAMP056,Meta Ads - Renault Logan - whatsapp,Renault,Logan,financiado,nuevo,Sofia Torres,15,si,si
L001247,2024-10-29,15:34:00,Lautaro,Perez,+5491155349749,lautaro.perez544@mail.com,Neuquen,Mendoza Norte,meta_ads,CAMP044,Meta Ads - Fiat Fastback - remarketing,Fiat,Fastback,usado,calificado,Martina Silva,35,no,si
L001248,2024-04-02,15:13:00,Emma,Fernandez,+5491135032073,emma.fernandez88@mail.com,Buenos Aires,Moron,google_ads,CAMP029,Google Ads - Ford Bronco Sport - whatsapp,Ford,Bronco Sport,usado,contactado,Lucas Gomez,46,si,si
L001249,2025-02-19,11:38:00,Bruno,Lopez,+5491167701534,bruno.lopez334@mail.com,Mendoza,Moron,google_ads,CAMP013,Google Ads - Renault Logan - lead_form,Renault,Duster,0km,cotizado,Martina Silva,70,no,si
L001250,2024-03-17,21:58:00,Florencia,Fernandez,+5491153387995,florencia.fernandez637@mail.com,Tucuman,Cordoba Centro,google_ads,CAMP037,Meta Ads - Peugeot Expert - trafico,Peugeot,Expert,financiado,sin_respuesta,Martina Silva,34,si,si
L001251,2026-05-14,17:33:00,Lucia,Fernandez,+5491146520523,lucia.fernandez959@mail.com,Salta,Cordoba Centro,google_ads,CAMP004,Google Ads - Peugeot Expert - lead_form,Fiat,Expert,0km,calificado,Nicolas Ruiz,91,no,si
L001252,2025-06-28,19:40:00,Mia,Garcia,+5491138416554,mia.garcia202@mail.com,Santa Fe,La Plata,meta_ads,CAMP034,Meta Ads - Volkswagen Amarok - remarketing,Volkswagen,Amarok,financiado,perdido,Diego Acosta,17,si,si
L001253,2026-03-25,09:50:00,Santiago,Acosta,+5491132804713,santiago.acosta208@mail.com,Santa Fe,Rosario,google_ads,CAMP024,Google Ads - Peugeot Partner - whatsapp,Volkswagen,Polo,0km,perdido,Diego Acosta,19,no,si
L001254,2025-01-18,09:24:00,Lautaro,Acosta,+5491128716400,lautaro.acosta843@mail.com,Santa Fe,Moron,meta_ads,CAMP037,Meta Ads - Peugeot Expert - trafico,Ford,Ranger,plan_ahorro,perdido,Juan Perez,66,no,si
L001255,2025-08-03,11:43:00,Martina,Perez,+5491144408050,martina.perez239@mail.com,Mendoza,La Plata,meta_ads,CAMP037,Meta Ads - Peugeot Expert - trafico,Renault,Expert,usado,nuevo,Juan Perez,66,si,si
L001256,2026-07-08,11:32:00,Mia,Lopez,+5491124009902,mia.lopez859@mail.com,Santa Fe,Rosario,google_ads,CAMP004,Google Ads - Peugeot Expert - lead_form,Peugeot,Expert,usado,perdido,Nicolas Ruiz,11,si,si
L001257,2026-07-15,14:42:00,Tomas,Torres,+5491131602218,tomas.torres498@mail.com,Entre Rios,La Plata,google_ads,CAMP029,Google Ads - Ford Bronco Sport - whatsapp,Ford,Bronco Sport,financiado,perdido,Martina Silva,84,no,si
L001258,2024-07-26,15:06:00,Lautaro,Sanchez,+5491125949854,lautaro.sanchez229@mail.com,Cordoba,Rosario,whatsapp_directo,,,Ford,Territory,usado,nuevo,Juan Perez,69,no,si
L001259,2026-06-17,18:22:00,Benjamin,Ramirez,+5491169811762,benjamin.ramirez725@mail.com,Mendoza,Rosario,google_ads,CAMP017,Google Ads - Chevrolet Onix - remarketing,Volkswagen,Onix,usado,perdido,Juan Perez,32,no,si
L001260,2025-11-16,08:32:00,Martina,Romero,+5491157799694,martina.romero532@mail.com,Cordoba,Rosario,google_ads,CAMP054,Meta Ads - Chevrolet S10 - remarketing,Chevrolet,S10,financiado,sin_respuesta,Martina Silva,80,si,si
L001261,2025-09-03,11:09:00,Lucas,Lopez,+5491142995980,lucas.lopez873@mail.com,Tucuman,Avellaneda,google_ads,CAMP023,Google Ads - Fiat Pulse - remarketing,Fiat,Pulse,plan_ahorro,perdido,Diego Acosta,83,si,si
L001262,2024-05-25,17:54:00,Benjamin,Lopez,+5491136788864,benjamin.lopez23@mail.com,CABA,Cordoba Centro,organico,,,Renault,Alaskan,financiado,perdido,Nicolas Ruiz,12,si,si
L001263,2026-03-11,16:38:00,Catalina,Gonzalez,+5491159426607,catalina.gonzalez394@mail.com,Santa Fe,La Plata,meta_ads,CAMP043,Meta Ads - Chevrolet Onix - remarketing,Chevrolet,Cruze,plan_ahorro,contactado,Sofia Torres,48,no,si
L001264,2024-03-23,12:46:00,Sofia,Benitez,+5491154203380,sofia.benitez852@mail.com,Tucuman,Rosario,whatsapp_directo,,,Renault,208,financiado,contactado,Nicolas Ruiz,56,no,si
L001265,2024-05-22,18:10:00,Santiago,Lopez,+5491157515523,santiago.lopez911@mail.com,Entre Rios,Palermo,meta_ads,CAMP039,Meta Ads - Chevrolet Cruze - trafico,Chevrolet,Cruze,0km,perdido,Martina Silva,94,si,si
L001266,2025-03-02,09:00:00,Agustin,Ruiz,+5491160762982,agustin.ruiz2@mail.com,Entre Rios,Mendoza Norte,meta_ads,CAMP037,Meta Ads - Peugeot Expert - trafico,Peugeot,Expert,usado,sin_respuesta,Martina Silva,94,si,si
L001267,2024-12-29,20:13:00,Sofia,Gonzalez,+5491128698023,sofia.gonzalez800@mail.com,Tucuman,Avellaneda,meta_ads,CAMP046,Meta Ads - Peugeot 208 - trafico,Peugeot,208,usado,cotizado,Nicolas Ruiz,67,si,si
L001268,2024-11-22,08:10:00,Catalina,Ramirez,+5491152060676,catalina.ramirez632@mail.com,Santa Fe,Mendoza Norte,google_ads,CAMP022,Google Ads - Toyota Hilux - lead_form,Toyota,Corolla Cross,plan_ahorro,calificado,Camila Lopez,1,si,si
L001269,2024-10-13,13:03:00,Emma,Martinez,+5491157217631,martina.benitez180@mail.com,Rio Negro,La Plata,google_ads,CAMP002,Google Ads - Peugeot Partner - whatsapp,Peugeot,2008,plan_ahorro,perdido,Martina Silva,90,si,si
L001270,2025-05-09,22:43:00,Martina,Ramirez,+5491141467463,martina.ramirez49@mail.com,CABA,La Plata,google_ads,CAMP021,Google Ads - Toyota Hilux - trafico,Toyota,Hilux,plan_ahorro,cotizado,Lucas Gomez,45,si,si
L001271,2024-02-03,18:49:00,Mia,Romero,+5491120081919,mia.romero746@mail.com,Rio Negro,La Plata,whatsapp_directo,,,Volkswagen,Amarok,plan_ahorro,nuevo,Martina Silva,35,no,si
L001272,2025-02-26,09:46:00,Lucas,Diaz,+5491150468675,lucas.diaz554@mail.com,Santa Fe,Rosario,meta_ads,CAMP032,Meta Ads - Fiat Pulse - lead_form,Fiat,Pulse,usado,perdido,Diego Acosta,70,si,si
L001273,2024-04-08,22:14:00,Lucas,Benitez,+5491120053005,lucas.benitez440@mail.com,Neuquen,La Plata,google_ads,CAMP026,Google Ads - Peugeot Partner - lead_form,Peugeot,Partner,0km,cotizado,Martina Silva,98,si,si
L001274,2024-08-09,20:39:00,Mateo,Romero,+5491166225653,mateo.romero855@mail.com,Salta,Avellaneda,google_ads,CAMP009,Google Ads - Volkswagen Amarok - trafico,Chevrolet,Amarok,plan_ahorro,calificado,Juan Perez,34,no,si
L001275,2024-05-05,11:53:00,Tomas,Sanchez,+5491155682568,tomas.sanchez266@mail.com,Tucuman,Rosario,meta_ads,CAMP018,Google Ads - Toyota SW4 - trafico,Toyota,Corolla,0km,contactado,Lucas Gomez,46,si,si
L001276,2024-06-09,14:51:00,Sofia,Alvarez,+5491157816454,sofia.alvarez847@mail.com,Santa Fe,Rosario,google_ads,CAMP001,Google Ads - Peugeot 208 - lead_form,Peugeot,Partner,usado,contactado,Martina Silva,12,si,si
L001277,2024-09-16,11:52:00,Mateo,Benitez,+5491129931456,mateo.benitez673@mail.com,Buenos Aires,Rosario,whatsapp_directo,,,Fiat,Cronos,0km,sin_respuesta,Lucas Gomez,89,si,si
L001278,2024-06-05,18:02:00,Emma,Ramirez,,emma.ramirez113@mail.com,Buenos Aires,La Plata,google_ads,CAMP028,Google Ads - Volkswagen Amarok - remarketing,Volkswagen,Taos,financiado,contactado,Sofia Torres,29,si,si
L001279,2026-02-11,11:37:00,Julieta,Ruiz,+5491135781179,julieta.ruiz175@mail.com,Tucuman,Cordoba Centro,google_ads,CAMP007,Google Ads - Volkswagen Nivus - lead_form,Volkswagen,Nivus,plan_ahorro,test_drive,Nicolas Ruiz,20,no,si
L001280,2024-10-04,20:53:00,Camila,Gonzalez,+5491142658978,camila.gonzalez605@mail.com,Cordoba,Cordoba Centro,google_ads,CAMP027,Google Ads - Chevrolet Tracker - whatsapp,Chevrolet,Tracker,usado,calificado,Nicolas Ruiz,29,si,si
L001281,2026-06-04,09:30:00,Camila,Perez,+5491141238638,camila.perez720@mail.com,Tucuman,Mendoza Norte,meta_ads,CAMP032,Meta Ads - Fiat Pulse - lead_form,Fiat,Fastback,plan_ahorro,perdido,Juan Perez,80,no,si
L001282,2025-07-14,16:46:00,Agustin,Ruiz,+5491123578596,agustin.ruiz609@mail.com,Tucuman,Mendoza Norte,meta_ads,CAMP042,Meta Ads - Volkswagen Virtus - remarketing,Volkswagen,Virtus,0km,perdido,Juan Perez,48,no,no
L001283,2024-08-02,09:29:00,Benjamin,Romero,+5491125106245,benjamin.romero789@mail.com,Entre Rios,Moron,google_ads,CAMP027,Google Ads - Chevrolet Tracker - whatsapp,Chevrolet,Tracker,0km,perdido,Sofia Torres,78,no,si
L001284,2024-02-24,13:23:00,Sofia,Perez,+5491165607505,sofia.perez564@mail.com,Rio Negro,Cordoba Centro,google_ads,CAMP027,Google Ads - Chevrolet Tracker - whatsapp,Chevrolet,Tracker,0km,nuevo,Juan Perez,76,no,si
L001285,2024-06-02,10:13:00,Tomas,Ramirez,+5491150640813,tomas.ramirez317@mail.com,Rio Negro,Moron,google_ads,CAMP013,Google Ads - Renault Logan - lead_form,Renault,Logan,financiado,calificado,Lucas Gomez,80,si,no
L001286,2024-10-11,21:45:00,Agustin,Martinez,+5491169659130,agustin.martinez777@mail.com,Rio Negro,Moron,whatsapp_directo,,,Ford,Territory,financiado,contactado,Sofia Torres,68,no,si
L001287,2024-08-23,21:06:00,Tomas,Perez,+5491169627049,tomas.perez115@mail.com,Salta,Mendoza Norte,google_ads,CAMP036,Meta Ads - Ford Territory - whatsapp,Ford,Territory,0km,calificado,Sofia Torres,67,no,si
L001288,2024-04-17,14:45:00,Julieta,Sanchez,+5491137006285,julieta.sanchez675@mail.com,CABA,Rosario,google_ads,CAMP028,Google Ads - Volkswagen Amarok - remarketing,Fiat,Amarok,usado,perdido,Sofia Torres,61,si,si
L001289,2025-09-20,19:39:00,Bruno,Fernandez,+5491149949393,bruno.fernandez964@mail.com,Santa Fe,Rosario,google_ads,CAMP011,Google Ads - Peugeot 3008 - trafico,Chevrolet,Onix,0km,cotizado,Diego Acosta,97,no,si
L001290,2025-05-05,22:29:00,Valentina,Alvarez,+5491145100019,lucia.acosta998@mail.com,Buenos Aires,Cordoba Centro,meta_ads,CAMP011,Google Ads - Peugeot 3008 - trafico,Peugeot,3008,0km,perdido,Camila Lopez,19,no,si
L001291,2025-03-13,20:38:00,Bruno,Gonzalez,+5491142712438,bruno.gonzalez892@mail.com,Rio Negro,Moron,meta_ads,CAMP031,Meta Ads - Volkswagen Polo - trafico,Volkswagen,Polo,financiado,sin_respuesta,Sofia Torres,38,no,si
L001292,2025-10-08,10:13:00,Tomas,Torres,+5491144221695,tomas.torres357@mail.com,Cordoba,Mendoza Norte,whatsapp_directo,,,Volkswagen,Nivus,0km,contactado,Juan Perez,73,si,si
L001293,2024-01-14,14:04:00,Agustin,Romero,+5491132740659,agustin.romero735@mail.com,Rio Negro,Palermo,meta_ads,CAMP044,Meta Ads - Fiat Fastback - remarketing,Fiat,Fastback,usado,contactado,Juan Perez,99,si,si
L001294,2024-02-26,10:27:00,Emma,Torres,+5491165749693,emma.torres296@mail.com,Buenos Aires,Moron,google_ads,CAMP009,Google Ads - Volkswagen Amarok - trafico,Volkswagen,Amarok,usado,calificado,Sofia Torres,40,si,si
L001295,2024-04-12,18:26:00,Benjamin,Rodriguez,,benjamin.rodriguez629@mail.com,Entre Rios,Moron,google_ads,CAMP017,Google Ads - Chevrolet Onix - remarketing,Ford,Territory,plan_ahorro,calificado,Camila Lopez,45,no,si
L001296,2024-08-09,13:26:00,Lucas,Sanchez,+5491154020186,lucas.sanchez151@mail.com,Tucuman,Cordoba Centro,meta_ads,CAMP048,Meta Ads - Ford Kuga - whatsapp,Ford,Kuga,plan_ahorro,contactado,Camila Lopez,49,si,si
L001297,2025-12-18,17:17:00,Mia,Romero,+5491163349145,mia.romero158@mail.com,Santa Fe,La Plata,google_ads,CAMP027,Google Ads - Chevrolet Tracker - whatsapp,Chevrolet,Tracker,usado,cotizado,Diego Acosta,73,si,no
L001298,2024-03-06,21:17:00,Franco,Romero,+5491159525880,franco.romero703@mail.com,Rio Negro,La Plata,meta_ads,CAMP035,Meta Ads - Peugeot 3008 - whatsapp,Peugeot,208,financiado,cotizado,Martina Silva,62,si,si
L001299,2024-09-25,22:36:00,Joaquin,Martinez,+5491132181415,joaquin.martinez115@mail.com,Santa Fe,Avellaneda,google_ads,CAMP009,Google Ads - Volkswagen Amarok - trafico,Volkswagen,Amarok,financiado,perdido,Diego Acosta,86,si,si
L001300,2024-09-29,21:59:00,Florencia,Alvarez,+5491134623199,florencia.alvarez481@mail.com,Cordoba,Moron,google_ads,CAMP006,Google Ads - Toyota Corolla - whatsapp,Toyota,SW4,0km,perdido,Lucas Gomez,78,no,si
L001301,2024-06-22,21:38:00,Lucia,Acosta,+5491121377225,lucia.acosta249@mail.com,Entre Rios,Rosario,google_ads,CAMP008,Google Ads - Chevrolet Tracker - remarketing,Chevrolet,Tracker,usado,contactado,Lucas Gomez,76,si,si
L001302,2025-09-23,12:22:00,Bruno,Garcia,+5491125965973,bruno.garcia466@mail.com,Entre Rios,Rosario,google_ads,CAMP020,Google Ads - Chevrolet Tracker - lead_form,Peugeot,Tracker,financiado,contactado,Juan Perez,28,si,si
L001303,2024-05-23,09:00:00,Franco,Acosta,+5491132572363,franco.acosta762@mail.com,Cordoba,Cordoba Centro,google_ads,CAMP007,Google Ads - Volkswagen Nivus - lead_form,Volkswagen,Nivus,usado,perdido,Juan Perez,15,si,si
L001304,2025-09-25,21:48:00,Agustin,Benitez,+5491143095695,agustin.benitez23@mail.com,Mendoza,La Plata,meta_ads,CAMP045,Meta Ads - Chevrolet S10 - lead_form,Chevrolet,S10,0km,sin_respuesta,Martina Silva,87,si,si
L001305,2024-10-13,21:27:00,Benjamin,Ramirez,+5491167871726,benjamin.ramirez314@mail.com,Buenos Aires,Moron,google_ads,CAMP007,Google Ads - Volkswagen Nivus - lead_form,Volkswagen,Nivus,financiado,contactado,Lucas Gomez,13,no,si
L001306,2026-07-29,19:38:00,Florencia,Fernandez,,florencia.fernandez31@mail.com,Salta,Avellaneda,google_ads,CAMP025,Google Ads - Ford Maverick - whatsapp,Fiat,Maverick,financiado,cotizado,Nicolas Ruiz,73,no,si
L001307,2026-01-28,12:29:00,Benjamin,Rodriguez,+5491167917681,benjamin.rodriguez277@mail.com,Mendoza,Rosario,google_ads,CAMP014,Google Ads - Toyota Corolla Cross - lead_form,Toyota,Corolla Cross,plan_ahorro,perdido,Martina Silva,34,si,si
L001308,2025-03-28,13:49:00,Santiago,Benitez,+5491128230923,santiago.benitez953@mail.com,Entre Rios,Palermo,meta_ads,CAMP056,Meta Ads - Renault Logan - whatsapp,Volkswagen,Logan,0km,cotizado,Camila Lopez,14,si,si
L001309,2024-09-22,21:41:00,Bruno,Romero,+5491138772246,bruno.romero480@mail.com,Entre Rios,Rosario,google_ads,CAMP023,Google Ads - Fiat Pulse - remarketing,Fiat,Pulse,usado,sin_respuesta,Nicolas Ruiz,98,no,si
L001310,2024-05-01,16:38:00,Tomas,Alvarez,+5491150513176,tomas.alvarez868@mail.com,Cordoba,Rosario,google_ads,CAMP021,Google Ads - Toyota Hilux - trafico,Toyota,Hilux,usado,nuevo,Lucas Gomez,40,no,si
L001311,2025-06-14,22:06:00,Bruno,Garcia,+5491142946104,catalina.gonzalez881@mail.com,CABA,Mendoza Norte,google_ads,CAMP011,Google Ads - Peugeot 3008 - trafico,Peugeot,3008,plan_ahorro,contactado,Camila Lopez,16,no,si
L001312,2024-07-01,18:58:00,Bruno,Perez,+5491154472589,bruno.perez647@mail.com,Salta,Cordoba Centro,meta_ads,CAMP060,Meta Ads - Volkswagen Amarok - whatsapp,Volkswagen,Nivus,plan_ahorro,cotizado,Martina Silva,70,si,si
L001313,2025-02-07,12:27:00,Lautaro,Lopez,+5491154634947,lautaro.lopez964@mail.com,Santa Fe,Moron,google_ads,CAMP038,Meta Ads - Peugeot Expert - remarketing,Peugeot,2008,0km,sin_respuesta,Ana Perez,47,no,si
L001314,2024-07-29,10:17:00,Sofia,Garcia,+5491161089503,sofia.garcia538@mail.com,Santa Fe,Cordoba Centro,google_ads,CAMP028,Google Ads - Volkswagen Amarok - remarketing,Volkswagen,Amarok,0km,nuevo,Lucas Gomez,12,si,si
L001315,2024-07-18,18:21:00,Valentina,Perez,+5491122410377,valentina.perez398@mail.com,Tucuman,Mendoza Norte,whatsapp_directo,,,Peugeot,Logan,financiado,cotizado,Diego Acosta,13,no,si
L001316,2024-07-24,14:15:00,Mateo,Diaz,+5491161384444,mateo.diaz24@mail.com,Cordoba,Avellaneda,google_ads,CAMP009,Google Ads - Volkswagen Amarok - trafico,Volkswagen,Amarok,plan_ahorro,nuevo,Lucas Gomez,56,si,si
L001317,2026-08-25,12:57:00,Bruno,Romero,+5491143692046,bruno.romero992@mail.com,Entre Rios,Moron,google_ads,CAMP009,Google Ads - Volkswagen Amarok - trafico,Volkswagen,Amarok,usado,nuevo,Martina Silva,17,no,si
L001318,2026-03-20,13:36:00,Lautaro,Diaz,+5491130734880,lautaro.diaz145@mail.com,Cordoba,Mendoza Norte,meta_ads,CAMP048,Meta Ads - Ford Kuga - whatsapp,Ford,Kuga,financiado,nuevo,Juan Perez,100,no,si
L001319,2024-05-02,20:10:00,Camila,Benitez,+5491135449063,camila.benitez156@mail.com,Entre Rios,Mendoza Norte,meta_ads,CAMP053,Meta Ads - Chevrolet Spin - lead_form,Chevrolet,Spin,0km,sin_respuesta,Sofia Torres,8,si,si
L001320,2026-05-11,20:01:00,Lucia,Ruiz,+5491168767185,lucia.ruiz794@mail.com,Neuquen,Rosario,organico,,,Volkswagen,Amarok,financiado,contactado,Camila Lopez,81,no,si
L001321,2026-04-03,11:52:00,Lautaro,Gonzalez,+5491142465657,lautaro.gonzalez482@mail.com,Cordoba,Mendoza Norte,meta_ads,CAMP052,Meta Ads - Volkswagen Taos - whatsapp,Volkswagen,Taos,financiado,cotizado,Martina Silva,30,no,si
L001322,2025-02-25,16:18:00,Catalina,Perez,+5491132445329,catalina.perez756@mail.com,Mendoza,Moron,whatsapp_directo,,,Renault,Alaskan,financiado,nuevo,Diego Acosta,42,si,si
L001323,2024-07-19,08:11:00,Mia,Perez,+5491151422050,mia.perez109@mail.com,CABA,La Plata,organico,,,Volkswagen,Nivus,0km,sin_respuesta,Martina Silva,62,no,si
L001324,2025-09-28,21:07:00,Tomas,Ruiz,+5491122851307,tomas.ruiz542@mail.com,Entre Rios,Avellaneda,meta_ads,CAMP008,Google Ads - Chevrolet Tracker - remarketing,Chevrolet,Tracker,financiado,nuevo,Martina Silva,51,no,si
L001325,2024-12-09,15:15:00,Florencia,Sanchez,+5491162933133,florencia.sanchez768@mail.com,Santa Fe,Rosario,google_ads,CAMP030,Google Ads - Peugeot Partner - lead_form,Renault,Partner,0km,perdido,Martina Silva,23,si,si
L001326,2024-10-23,16:24:00,Mateo,Fernandez,+5491125400819,mateo.fernandez413@mail.com,Cordoba,Mendoza Norte,meta_ads,CAMP036,Meta Ads - Ford Territory - whatsapp,Renault,Territory,0km,nuevo,Camila Lopez,38,no,si
L001327,2026-09-15,22:56:00,Franco,Sanchez,+5491132573413,franco.sanchez333@mail.com,Tucuman,Avellaneda,google_ads,CAMP002,Google Ads - Peugeot Partner - whatsapp,Fiat,Cronos,0km,contactado,Juan Perez,23,no,si
L001328,2026-03-15,09:11:00,Joaquin,Ramirez,+5491152754615,joaquin.ramirez671@mail.com,Mendoza,Cordoba Centro,google_ads,CAMP057,Meta Ads - Toyota Hilux - lead_form,Toyota,Hilux,plan_ahorro,nuevo,Sofia Torres,15,no,si
L001329,2024-12-26,16:12:00,Bruno,Ruiz,+5491124429031,bruno.ruiz548@mail.com,Buenos Aires,Moron,meta_ads,CAMP042,Meta Ads - Volkswagen Virtus - remarketing,Volkswagen,Virtus,usado,cotizado,Nicolas Ruiz,33,si,si
L001330,2026-03-31,22:12:00,Bruno,Alvarez,+5491126632766,bruno.alvarez867@mail.com,Cordoba,Palermo,google_ads,CAMP042,Meta Ads - Volkswagen Virtus - remarketing,Peugeot,Virtus,plan_ahorro,cotizado,Diego Acosta,28,no,si
L001331,2025-06-27,11:42:00,Franco,Garcia,+5491162202056,franco.garcia473@mail.com,Santa Fe,La Plata,meta_ads,CAMP057,Meta Ads - Toyota Hilux - lead_form,Toyota,Hilux,usado,calificado,Ana Perez,77,si,si
L001332,2024-07-02,16:10:00,Valentina,Fernandez,+5491129181086,valentina.fernandez374@mail.com,Buenos Aires,Palermo,google_ads,CAMP030,Google Ads - Peugeot Partner - lead_form,Peugeot,Partner,plan_ahorro,calificado,Camila Lopez,59,si,si
L001333,2026-07-08,21:23:00,Lucas,Alvarez,+5491147636035,lucas.alvarez758@mail.com,Santa Fe,Moron,meta_ads,CAMP033,Meta Ads - Volkswagen Nivus - trafico,Volkswagen,Nivus,usado,calificado,Diego Acosta,32,no,si
L001334,2024-05-22,22:46:00,Camila,Romero,+5491168656386,camila.romero322@mail.com,Mendoza,Palermo,google_ads,CAMP004,Google Ads - Peugeot Expert - lead_form,Fiat,Expert,plan_ahorro,contactado,Sofia Torres,74,si,si
L001335,2024-02-15,22:53:00,Bruno,Rodriguez,+5491155585886,bruno.rodriguez464@mail.com,Salta,Palermo,google_ads,CAMP005,Google Ads - Chevrolet Cruze - lead_form,Chevrolet,Cruze,plan_ahorro,sin_respuesta,Lucas Gomez,85,no,si
L001336,2024-07-24,08:07:00,Julieta,Diaz,+5491164694808,julieta.diaz986@mail.com,Cordoba,Moron,google_ads,CAMP030,Google Ads - Peugeot Partner - lead_form,Peugeot,Partner,usado,calificado,Ana Perez,44,si,si
L001337,2026-08-10,08:44:00,Florencia,Ruiz,+5491156358050,joaquin.lopez933@mail.com,Cordoba,Moron,meta_ads,CAMP056,Meta Ads - Renault Logan - whatsapp,Renault,Logan,plan_ahorro,calificado,Lucas Gomez,62,si,si
L001338,2025-08-06,17:26:00,Franco,Sanchez,+5491125232625,franco.sanchez338@mail.com,CABA,Palermo,google_ads,CAMP020,Google Ads - Chevrolet Tracker - lead_form,Chevrolet,Tracker,0km,contactado,Diego Acosta,23,si,si
L001339,2024-11-26,21:54:00,Franco,Benitez,+5491143884295,franco.benitez426@mail.com,Mendoza,Rosario,meta_ads,CAMP043,Meta Ads - Chevrolet Onix - remarketing,Chevrolet,S10,usado,calificado,Camila Lopez,27,si,si
L001340,2026-04-05,15:40:00,Lucas,Diaz,+5491146607941,lucas.diaz464@mail.com,Santa Fe,Rosario,google_ads,CAMP012,Google Ads - Ford Territory - whatsapp,Ford,Territory,usado,calificado,Martina Silva,51,no,si
L001341,2024-10-29,13:37:00,Lucia,Benitez,+5491150565915,lucia.benitez478@mail.com,Rio Negro,Cordoba Centro,google_ads,CAMP006,Google Ads - Toyota Corolla - whatsapp,Toyota,Corolla,plan_ahorro,calificado,Nicolas Ruiz,49,si,si
L001342,2026-07-03,16:14:00,Tomas,Garcia,+5491136581054,tomas.garcia59@mail.com,Rio Negro,Avellaneda,meta_ads,CAMP031,Meta Ads - Volkswagen Polo - trafico,Peugeot,208,financiado,test_drive,Ana Perez,96,si,si
L001343,2026-03-23,18:37:00,Lautaro,Gonzalez,+5491132176956,lautaro.gonzalez254@mail.com,Neuquen,Mendoza Norte,google_ads,CAMP026,Google Ads - Peugeot Partner - lead_form,Peugeot,208,usado,calificado,Camila Lopez,75,no,si
L001344,2025-03-27,16:15:00,Martina,Acosta,+5491169065234,martina.acosta273@mail.com,Cordoba,Avellaneda,meta_ads,CAMP047,Meta Ads - Renault Logan - lead_form,Renault,Kangoo,0km,contactado,Juan Perez,40,si,si
L001345,2024-09-06,16:04:00,Santiago,Sanchez,+5491143593432,santiago.sanchez974@mail.com,Salta,Palermo,google_ads,CAMP010,Google Ads - Renault Kangoo - whatsapp,Renault,Duster,0km,cotizado,Martina Silva,16,si,si
L001346,2024-11-24,17:22:00,Santiago,Diaz,+5491139173090,santiago.diaz427@mail.com,Tucuman,Cordoba Centro,google_ads,CAMP012,Google Ads - Ford Territory - whatsapp,Chevrolet,Territory,usado,cotizado,Camila Lopez,90,no,si
L001347,2024-12-27,12:52:00,Franco,Gonzalez,+5491156701419,franco.gonzalez731@mail.com,Mendoza,Cordoba Centro,organico,,,Toyota,Corolla,financiado,perdido,Nicolas Ruiz,39,no,si
L001348,2024-07-04,17:37:00,Agustin,Gonzalez,+5491155725488,agustin.gonzalez720@mail.com,Salta,Moron,google_ads,CAMP015,Google Ads - Ford Maverick - trafico,Ford,Ranger,plan_ahorro,nuevo,Martina Silva,90,no,si
L001349,2026-01-28,11:17:00,Santiago,Garcia,+5491137617286,santiago.garcia890@mail.com,Buenos Aires,Rosario,organico,,,Chevrolet,Spin,plan_ahorro,perdido,Martina Silva,35,si,si
L001350,2024-01-20,09:35:00,Lucia,Alvarez,+5491135589517,lucia.alvarez614@mail.com,Tucuman,Cordoba Centro,meta_ads,CAMP047,Meta Ads - Renault Logan - lead_form,Chevrolet,Logan,usado,cotizado,Sofia Torres,80,si,si
L001351,2026-07-24,13:40:00,Lautaro,Acosta,+5491133189337,lautaro.acosta19@mail.com,Neuquen,Palermo,google_ads,CAMP015,Google Ads - Ford Maverick - trafico,Volkswagen,Maverick,0km,calificado,Ana Perez,50,si,si
L001352,2025-12-29,20:31:00,Florencia,Benitez,+5491149453597,florencia.benitez167@mail.com,Neuquen,Avellaneda,google_ads,CAMP011,Google Ads - Peugeot 3008 - trafico,Peugeot,3008,usado,contactado,Juan Perez,65,si,si
L001353,2025-09-12,10:17:00,Lucia,Torres,+5491144322397,lucia.torres233@mail.com,Cordoba,Palermo,whatsapp_directo,,,Chevrolet,Nivus,0km,test_drive,Martina Silva,88,no,si
L001354,2025-09-13,16:33:00,Mia,Rodriguez,+5491152380215,mia.rodriguez745@mail.com,Buenos Aires,Moron,meta_ads,CAMP043,Meta Ads - Chevrolet Onix - remarketing,Chevrolet,Onix,plan_ahorro,cotizado,Martina Silva,19,no,si
L001355,2025-01-05,17:46:00,Bruno,Fernandez,+5491148271976,bruno.fernandez340@mail.com,Neuquen,La Plata,google_ads,CAMP014,Google Ads - Toyota Corolla Cross - lead_form,Toyota,Yaris,0km,sin_respuesta,Juan Perez,30,si,si
L001356,2025-11-15,20:05:00,Franco,Fernandez,+5491126967714,franco.fernandez20@mail.com,Santa Fe,Mendoza Norte,google_ads,CAMP007,Google Ads - Volkswagen Nivus - lead_form,Volkswagen,Virtus,0km,nuevo,Diego Acosta,83,si,si
L001357,2024-12-14,10:57:00,Tomas,Sanchez,+5491139704738,tomas.sanchez276@mail.com,Buenos Aires,La Plata,google_ads,CAMP013,Google Ads - Renault Logan - lead_form,Renault,Logan,financiado,nuevo,Martina Silva,8,no,si
L001358,2025-05-09,09:30:00,Lucas,Benitez,+5491149194765,lucas.benitez672@mail.com,Cordoba,Avellaneda,google_ads,CAMP020,Google Ads - Chevrolet Tracker - lead_form,Chevrolet,Tracker,usado,contactado,Juan Perez,42,si,si
L001359,2025-12-16,11:33:00,Lautaro,Gonzalez,+5491137099488,lautaro.gonzalez542@mail.com,Entre Rios,La Plata,meta_ads,CAMP035,Meta Ads - Peugeot 3008 - whatsapp,Volkswagen,Nivus,financiado,contactado,Martina Silva,49,si,si
L001360,2025-03-19,20:53:00,Agustin,Acosta,+5491167160244,agustin.acosta509@mail.com,Buenos Aires,Palermo,meta_ads,CAMP051,Meta Ads - Renault Logan - whatsapp,Fiat,Cronos,plan_ahorro,perdido,Juan Perez,51,si,si
L001361,2024-09-22,20:51:00,Lautaro,Fernandez,+5491147262480,lautaro.fernandez738@mail.com,CABA,Avellaneda,meta_ads,CAMP042,Meta Ads - Volkswagen Virtus - remarketing,Volkswagen,Virtus,financiado,nuevo,Camila Lopez,83,si,si
L001362,2025-08-27,22:05:00,Mia,Sanchez,+5491169019072,mia.sanchez11@mail.com,Entre Rios,Palermo,google_ads,CAMP001,Google Ads - Peugeot 208 - lead_form,Toyota,Yaris,usado,contactado,Sofia Torres,85,si,si
L001363,2026-04-16,08:56:00,Mia,Ruiz,+5491145476505,mia.ruiz327@mail.com,Entre Rios,Cordoba Centro,google_ads,CAMP021,Google Ads - Toyota Hilux - trafico,Fiat,Hilux,financiado,sin_respuesta,Camila Lopez,51,no,si
L001364,2024-03-02,08:10:00,Martina,Fernandez,+5491140577052,martina.fernandez275@mail.com,CABA,Cordoba Centro,meta_ads,CAMP053,Meta Ads - Chevrolet Spin - lead_form,Chevrolet,Spin,0km,test_drive,Lucas Gomez,51,no,si
L001365,2024-11-09,10:18:00,Florencia,Sanchez,+5491141817777,florencia.sanchez204@mail.com,CABA,La Plata,meta_ads,CAMP056,Meta Ads - Renault Logan - whatsapp,Renault,Logan,plan_ahorro,calificado,Nicolas Ruiz,89,si,si
L001366,2026-08-02,15:52:00,Sofia,Romero,+5491149492643,sofia.romero921@mail.com,Rio Negro,Palermo,google_ads,CAMP022,Google Ads - Toyota Hilux - lead_form,Renault,Sandero,usado,nuevo,Diego Acosta,26,si,si
L001367,2026-06-29,10:54:00,Lautaro,Lopez,+5491121138466,lautaro.lopez613@mail.com,CABA,Cordoba Centro,meta_ads,CAMP053,Meta Ads - Chevrolet Spin - lead_form,Chevrolet,Spin,financiado,cotizado,Diego Acosta,65,si,si
L001368,2024-03-05,10:22:00,Martina,Romero,+5491144812615,martina.romero375@mail.com,Santa Fe,Rosario,google_ads,CAMP024,Google Ads - Peugeot Partner - whatsapp,Peugeot,Partner,plan_ahorro,sin_respuesta,Camila Lopez,2,no,si
L001369,2025-11-08,15:20:00,Lucas,Sanchez,+5491168573589,lucas.sanchez422@mail.com,Santa Fe,Moron,meta_ads,CAMP059,Meta Ads - Renault Alaskan - whatsapp,Renault,Logan,usado,nuevo,Sofia Torres,46,si,si
L001370,2026-03-23,09:07:00,Emma,Ramirez,+5491165965441,emma.ramirez275@mail.com,Mendoza,Mendoza Norte,google_ads,CAMP023,Google Ads - Fiat Pulse - remarketing,Peugeot,Pulse,plan_ahorro,perdido,Nicolas Ruiz,74,si,si
L001371,2026-02-24,14:15:00,Valentina,Perez,+5491125045221,lautaro.ramirez966@mail.com,Tucuman,Palermo,google_ads,CAMP004,Google Ads - Peugeot Expert - lead_form,Renault,Expert,financiado,perdido,Ana Perez,80,no,si
L001372,2026-04-18,19:27:00,Tomas,Perez,+5491123512985,tomas.perez758@mail.com,Tucuman,Rosario,meta_ads,CAMP041,Meta Ads - Toyota Corolla - lead_form,Toyota,Corolla,plan_ahorro,contactado,Lucas Gomez,19,si,si
L001373,2024-10-05,22:00:00,Mia,Sanchez,+5491167183160,mia.sanchez940@mail.com,Rio Negro,Cordoba Centro,meta_ads,CAMP034,Meta Ads - Volkswagen Amarok - remarketing,Volkswagen,Amarok,usado,cotizado,Sofia Torres,29,si,si
L001374,2024-05-07,20:35:00,Valentina,Garcia,+5491144250578,valentina.garcia566@mail.com,Cordoba,Rosario,whatsapp_directo,,,Toyota,Hilux,plan_ahorro,perdido,Ana Perez,50,si,si
L001375,2024-08-25,13:14:00,Julieta,Fernandez,+5491127218909,julieta.fernandez502@mail.com,Salta,La Plata,meta_ads,CAMP041,Meta Ads - Toyota Corolla - lead_form,Peugeot,Corolla,financiado,contactado,Juan Perez,73,no,si
L001376,2024-10-17,16:01:00,Sofia,Torres,+5491138508506,sofia.torres501@mail.com,CABA,La Plata,google_ads,CAMP020,Google Ads - Chevrolet Tracker - lead_form,Chevrolet,Tracker,usado,cotizado,Juan Perez,51,si,si
L001377,2024-11-10,20:20:00,Martina,Rodriguez,+5491129891346,martina.rodriguez322@mail.com,Santa Fe,La Plata,google_ads,CAMP008,Google Ads - Chevrolet Tracker - remarketing,Toyota,Tracker,usado,nuevo,Nicolas Ruiz,42,si,no
L001378,2024-07-05,12:26:00,Lucas,Perez,+5491164970544,lucas.perez561@mail.com,Entre Rios,La Plata,google_ads,CAMP058,Meta Ads - Toyota Corolla Cross - lead_form,Fiat,Corolla Cross,financiado,perdido,Camila Lopez,61,si,si
L001379,2024-09-07,19:48:00,Catalina,Benitez,+5491154945270,catalina.benitez706@mail.com,Santa Fe,Cordoba Centro,whatsapp_directo,,,Volkswagen,Amarok,0km,perdido,Martina Silva,73,no,si
L001380,2025-05-17,17:01:00,Lucas,Romero,+5491159643164,lucas.romero98@mail.com,Cordoba,Moron,whatsapp_directo,,,Peugeot,Corolla Cross,financiado,sin_respuesta,Lucas Gomez,56,no,si
L001381,2024-03-23,22:35:00,Valentina,Rodriguez,+5491127736488,,Rio Negro,Rosario,google_ads,CAMP001,Google Ads - Peugeot 208 - lead_form,Peugeot,208,usado,contactado,Nicolas Ruiz,21,si,si
L001382,2026-05-06,21:03:00,Mateo,Diaz,+5491148639085,mateo.diaz893@mail.com,Santa Fe,Mendoza Norte,meta_ads,CAMP053,Meta Ads - Chevrolet Spin - lead_form,Chevrolet,Spin,0km,perdido,Martina Silva,66,no,si
L001383,2024-03-27,19:32:00,Tomas,Benitez,+5491169220062,tomas.benitez351@mail.com,Mendoza,Mendoza Norte,meta_ads,CAMP052,Meta Ads - Volkswagen Taos - whatsapp,Volkswagen,Polo,usado,perdido,Camila Lopez,25,si,si
L001384,2026-07-18,13:29:00,Mia,Rodriguez,+5491164935384,mia.rodriguez358@mail.com,Salta,Palermo,google_ads,CAMP010,Google Ads - Renault Kangoo - whatsapp,Renault,Kangoo,plan_ahorro,sin_respuesta,Juan Perez,73,no,si
L001385,2025-01-21,11:09:00,Franco,Acosta,+5491158055972,franco.acosta463@mail.com,Neuquen,Mendoza Norte,meta_ads,CAMP050,Meta Ads - Chevrolet Tracker - lead_form,Chevrolet,Tracker,financiado,nuevo,Camila Lopez,60,si,si
L001386,2026-08-07,10:08:00,Catalina,Lopez,+5491167377961,catalina.lopez274@mail.com,Cordoba,Palermo,meta_ads,CAMP034,Meta Ads - Volkswagen Amarok - remarketing,Volkswagen,Amarok,plan_ahorro,calificado,Juan Perez,87,si,si
L001387,2025-08-12,20:14:00,Agustin,Alvarez,+5491132587327,agustin.alvarez206@mail.com,Entre Rios,Mendoza Norte,whatsapp_directo,,,Toyota,Corolla Cross,plan_ahorro,nuevo,Sofia Torres,33,no,si
L001388,2026-09-07,22:07:00,Joaquin,Romero,+5491130558806,joaquin.romero480@mail.com,Salta,Mendoza Norte,google_ads,CAMP023,Google Ads - Fiat Pulse - remarketing,Fiat,Pulse,plan_ahorro,cotizado,Diego Acosta,10,no,si
L001389,2025-05-13,18:33:00,Catalina,Romero,+5491156605185,catalina.romero288@mail.com,CABA,Avellaneda,google_ads,CAMP030,Google Ads - Peugeot Partner - lead_form,Peugeot,Partner,plan_ahorro,contactado,Camila Lopez,57,no,si
L001390,2025-03-02,13:59:00,Catalina,Benitez,+5491134209057,catalina.benitez319@mail.com,Santa Fe,Cordoba Centro,google_ads,CAMP023,Google Ads - Fiat Pulse - remarketing,Fiat,Pulse,financiado,contactado,Lucas Gomez,86,si,no
L001391,2024-09-09,09:35:00,Florencia,Rodriguez,,,Santa Fe,La Plata,meta_ads,CAMP050,Meta Ads - Chevrolet Tracker - lead_form,Chevrolet,Onix,0km,nuevo,Martina Silva,33,no,si
L001392,2024-09-07,08:50:00,Mia,Martinez,+5491136796395,mia.martinez642@mail.com,Cordoba,Moron,meta_ads,CAMP043,Meta Ads - Chevrolet Onix - remarketing,Volkswagen,Onix,usado,nuevo,Martina Silva,33,si,si
L001393,2025-12-06,11:30:00,Camila,Rodriguez,+5491156392739,camila.rodriguez976@mail.com,Entre Rios,La Plata,google_ads,CAMP003,Google Ads - Volkswagen Virtus - lead_form,Chevrolet,Virtus,usado,nuevo,Sofia Torres,81,si,si
L001394,2024-07-06,10:04:00,Tomas,Torres,+5491127587499,tomas.torres872@mail.com,Buenos Aires,Mendoza Norte,google_ads,CAMP017,Google Ads - Chevrolet Onix - remarketing,Peugeot,Partner,usado,nuevo,Nicolas Ruiz,35,si,si
L001395,2024-09-27,22:59:00,Agustin,Sanchez,+5491131536392,agustin.sanchez946@mail.com,Mendoza,Cordoba Centro,google_ads,CAMP005,Google Ads - Chevrolet Cruze - lead_form,Fiat,Cruze,financiado,calificado,Diego Acosta,47,si,no
L001396,2024-12-17,14:27:00,Lautaro,Ramirez,+5491136317813,lautaro.ramirez163@mail.com,Mendoza,Avellaneda,meta_ads,CAMP043,Meta Ads - Chevrolet Onix - remarketing,Fiat,Onix,financiado,perdido,Sofia Torres,81,si,no
L001397,2024-11-14,15:23:00,Emma,Perez,+5491169917021,emma.perez612@mail.com,Santa Fe,La Plata,whatsapp_directo,,,Toyota,Corolla Cross,usado,cotizado,Lucas Gomez,97,si,si
L001398,2025-05-11,12:31:00,Mateo,Rodriguez,+5491149583846,mateo.rodriguez825@mail.com,Tucuman,La Plata,meta_ads,CAMP059,Meta Ads - Renault Alaskan - whatsapp,Renault,Alaskan,financiado,cotizado,Ana Perez,90,no,si
L001399,2024-02-07,09:41:00,Mia,Romero,+5491144214987,mia.romero871@mail.com,Mendoza,Rosario,meta_ads,CAMP031,Meta Ads - Volkswagen Polo - trafico,Volkswagen,Polo,usado,contactado,Nicolas Ruiz,36,no,si
L001400,2024-08-17,14:31:00,Joaquin,Acosta,+5491141760027,joaquin.acosta290@mail.com,Salta,Avellaneda,meta_ads,CAMP037,Meta Ads - Peugeot Expert - trafico,Peugeot,Expert,financiado,contactado,Juan Perez,55,si,si
L001401,2025-03-15,10:20:00,Bruno,Martinez,+5491154678391,bruno.martinez392@mail.com,Santa Fe,Rosario,meta_ads,CAMP037,Meta Ads - Peugeot Expert - trafico,Peugeot,3008,0km,contactado,Ana Perez,45,no,si
L001402,2026-04-19,21:10:00,Santiago,Romero,+5491123362728,santiago.romero271@mail.com,Mendoza,Palermo,google_ads,CAMP025,Google Ads - Ford Maverick - whatsapp,Fiat,Maverick,financiado,perdido,Camila Lopez,92,no,si
L001403,2026-04-20,20:45:00,Agustin,Romero,+5491145710044,agustin.romero165@mail.com,Neuquen,La Plata,meta_ads,CAMP057,Meta Ads - Toyota Hilux - lead_form,Fiat,Hilux,usado,calificado,Ana Perez,1,si,si
L001404,2026-05-23,13:34:00,Lautaro,Rodriguez,+5491150945211,lautaro.rodriguez464@mail.com,Santa Fe,Palermo,google_ads,CAMP013,Google Ads - Renault Logan - lead_form,Fiat,Logan,usado,calificado,Lucas Gomez,19,no,si
L001405,2024-06-05,18:55:00,Florencia,Perez,+5491159525894,florencia.perez563@mail.com,Neuquen,Palermo,google_ads,CAMP022,Google Ads - Toyota Hilux - lead_form,Toyota,SW4,0km,calificado,Nicolas Ruiz,76,no,si
L001406,2024-10-20,19:35:00,Mateo,Ruiz,+5491164283461,mateo.ruiz190@mail.com,CABA,Mendoza Norte,organico,,,Ford,Maverick,0km,contactado,Juan Perez,90,no,si
L001407,2026-07-19,08:43:00,Lautaro,Sanchez,+5491148990018,lautaro.sanchez29@mail.com,Santa Fe,Moron,meta_ads,CAMP031,Meta Ads - Volkswagen Polo - trafico,Volkswagen,Nivus,usado,contactado,Diego Acosta,72,si,no
L001408,2025-09-21,11:05:00,Valentina,Rodriguez,+5491121755175,valentina.rodriguez939@mail.com,Salta,Palermo,meta_ads,CAMP040,Meta Ads - Volkswagen Virtus - remarketing,Volkswagen,Virtus,0km,perdido,Camila Lopez,32,si,si
L001409,2025-02-18,08:57:00,Camila,Acosta,+5491134637727,camila.acosta819@mail.com,Santa Fe,Cordoba Centro,meta_ads,CAMP060,Meta Ads - Volkswagen Amarok - whatsapp,Volkswagen,Nivus,0km,perdido,Ana Perez,52,si,si
L001410,2025-05-27,21:35:00,Martina,Garcia,+5491140094658,martina.garcia676@mail.com,Entre Rios,Avellaneda,google_ads,CAMP022,Google Ads - Toyota Hilux - lead_form,Fiat,Hilux,usado,contactado,Sofia Torres,69,si,si
L001411,2025-04-17,16:55:00,Joaquin,Lopez,+5491141389855,joaquin.lopez96@mail.com,Tucuman,Moron,google_ads,CAMP019,Google Ads - Renault Alaskan - trafico,Renault,Alaskan,plan_ahorro,contactado,Juan Perez,94,si,si
L001412,2025-02-23,20:58:00,Santiago,Martinez,+5491127868145,santiago.martinez225@mail.com,Buenos Aires,Rosario,meta_ads,CAMP059,Meta Ads - Renault Alaskan - whatsapp,Renault,Alaskan,0km,calificado,Nicolas Ruiz,73,no,si
L001413,2026-03-09,10:31:00,Lucas,Gonzalez,+5491138834701,lucas.gonzalez162@mail.com,Mendoza,La Plata,meta_ads,CAMP032,Meta Ads - Fiat Pulse - lead_form,Fiat,Cronos,0km,contactado,Lucas Gomez,55,no,si
L001414,2025-10-16,19:51:00,Valentina,Rodriguez,+5491159640831,valentina.rodriguez33@mail.com,Buenos Aires,Mendoza Norte,google_ads,CAMP014,Google Ads - Toyota Corolla Cross - lead_form,Toyota,Corolla Cross,usado,calificado,Ana Perez,34,si,si
L001415,2024-10-14,08:03:00,Benjamin,Lopez,+5491138839200,benjamin.lopez478@mail.com,Entre Rios,Palermo,meta_ads,CAMP058,Meta Ads - Toyota Corolla Cross - lead_form,Toyota,Corolla Cross,financiado,perdido,Sofia Torres,49,si,si
L001416,2026-02-20,12:25:00,Emma,Perez,+5491122609064,emma.perez532@mail.com,Santa Fe,Palermo,whatsapp_directo,,,Renault,Logan,plan_ahorro,cotizado,Diego Acosta,99,si,si
L001417,2024-07-23,11:32:00,Santiago,Perez,+5491147493789,santiago.perez77@mail.com,Mendoza,Moron,organico,,,Volkswagen,Nivus,0km,test_drive,Martina Silva,56,si,si
L001418,2025-10-24,10:53:00,Julieta,Perez,+5491138076576,julieta.perez335@mail.com,Neuquen,Avellaneda,meta_ads,CAMP050,Meta Ads - Chevrolet Tracker - lead_form,Chevrolet,Tracker,plan_ahorro,sin_respuesta,Nicolas Ruiz,43,si,si
L001419,2026-04-20,22:56:00,Franco,Rodriguez,+5491152525631,franco.rodriguez436@mail.com,Entre Rios,Mendoza Norte,google_ads,CAMP043,Meta Ads - Chevrolet Onix - remarketing,Chevrolet,S10,financiado,calificado,Diego Acosta,40,no,si
L001420,2026-07-30,14:19:00,Joaquin,Romero,+5491139067970,joaquin.romero590@mail.com,Cordoba,Moron,whatsapp_directo,,,Ford,Kuga,usado,contactado,Martina Silva,62,si,si
L001421,2026-07-03,21:34:00,Mateo,Gonzalez,+5491123796180,mateo.gonzalez674@mail.com,Cordoba,La Plata,meta_ads,CAMP035,Meta Ads - Peugeot 3008 - whatsapp,Renault,3008,0km,sin_respuesta,Camila Lopez,77,si,si
L001422,2025-10-30,22:03:00,Florencia,Acosta,+5491130471939,florencia.acosta929@mail.com,Cordoba,Mendoza Norte,google_ads,CAMP030,Google Ads - Peugeot Partner - lead_form,Peugeot,Partner,0km,sin_respuesta,Martina Silva,7,no,si
L001423,2024-01-24,08:46:00,Franco,Perez,+5491147450694,franco.perez530@mail.com,Buenos Aires,Moron,meta_ads,CAMP060,Meta Ads - Volkswagen Amarok - whatsapp,Volkswagen,Amarok,0km,contactado,Sofia Torres,32,si,si
L001424,2026-07-15,12:26:00,Mateo,Ramirez,+5491158817638,mateo.ramirez428@mail.com,Mendoza,Rosario,organico,,,Chevrolet,Tracker,usado,calificado,Ana Perez,64,no,si
L001425,2026-08-24,08:37:00,Sofia,Garcia,+5491166737274,sofia.garcia471@mail.com,Entre Rios,Mendoza Norte,google_ads,CAMP004,Google Ads - Peugeot Expert - lead_form,Peugeot,Expert,plan_ahorro,test_drive,Nicolas Ruiz,62,no,si
L001426,2026-07-26,19:13:00,Lucia,Torres,+5491124823814,lucia.torres38@mail.com,Rio Negro,Cordoba Centro,meta_ads,CAMP046,Meta Ads - Peugeot 208 - trafico,Peugeot,208,plan_ahorro,test_drive,Camila Lopez,6,si,no
L001427,2026-07-24,13:01:00,Franco,Ramirez,+5491163532081,franco.ramirez532@mail.com,Rio Negro,La Plata,organico,,,Renault,Logan,plan_ahorro,cotizado,Nicolas Ruiz,75,no,si
L001428,2024-01-23,16:57:00,Catalina,Fernandez,+5491139419616,catalina.fernandez628@mail.com,Santa Fe,Moron,meta_ads,CAMP043,Meta Ads - Chevrolet Onix - remarketing,Renault,Kangoo,0km,test_drive,Martina Silva,55,no,si
L001429,2026-06-11,19:28:00,Joaquin,Acosta,+5491134903592,joaquin.acosta5@mail.com,Rio Negro,Cordoba Centro,whatsapp_directo,,,Volkswagen,Polo,0km,test_drive,Ana Perez,69,si,si
L001430,2025-03-25,14:09:00,Santiago,Gonzalez,+5491133530960,santiago.gonzalez101@mail.com,Buenos Aires,Rosario,google_ads,CAMP024,Google Ads - Peugeot Partner - whatsapp,Peugeot,208,usado,calificado,Martina Silva,26,si,si
L001431,2024-09-22,20:19:00,Lucas,Romero,+5491130700112,lucas.romero653@mail.com,CABA,La Plata,google_ads,CAMP006,Google Ads - Toyota Corolla - whatsapp,Peugeot,Corolla,plan_ahorro,cotizado,Diego Acosta,27,si,si
L001432,2024-06-15,15:06:00,Florencia,Romero,+5491127172798,florencia.romero618@mail.com,Salta,Cordoba Centro,google_ads,CAMP024,Google Ads - Peugeot Partner - whatsapp,Fiat,Fastback,usado,calificado,Diego Acosta,27,si,si
L001433,2026-02-22,12:51:00,Florencia,Alvarez,+5491128244688,florencia.alvarez162@mail.com,Salta,La Plata,google_ads,CAMP013,Google Ads - Renault Logan - lead_form,Renault,Logan,financiado,nuevo,Ana Perez,68,no,si
L001434,2025-01-29,13:53:00,Florencia,Gonzalez,+5491165442537,,Neuquen,Rosario,meta_ads,CAMP054,Meta Ads - Chevrolet S10 - remarketing,Chevrolet,S10,usado,nuevo,Lucas Gomez,4,si,si
L001435,2026-06-14,18:41:00,Joaquin,Gonzalez,+5491123288450,catalina.torres385@mail.com,Salta,La Plata,organico,,,Toyota,Corolla,0km,perdido,Lucas Gomez,39,si,si
L001436,2024-12-09,21:46:00,Mia,Romero,+5491125836504,mia.romero289@mail.com,Rio Negro,Moron,google_ads,CAMP023,Google Ads - Fiat Pulse - remarketing,Renault,Logan,financiado,contactado,Nicolas Ruiz,45,no,si
L001437,2025-06-25,12:56:00,Agustin,Benitez,+5491125235427,agustin.benitez396@mail.com,Mendoza,La Plata,meta_ads,CAMP030,Google Ads - Peugeot Partner - lead_form,Peugeot,Partner,financiado,perdido,Juan Perez,31,si,si
L001438,2024-03-25,13:12:00,Emma,Sanchez,+5491124183060,emma.sanchez970@mail.com,Rio Negro,Mendoza Norte,meta_ads,CAMP049,Meta Ads - Fiat Cronos - trafico,Fiat,Strada,0km,cotizado,Juan Perez,35,no,si
L001439,2024-03-18,18:08:00,Bruno,Ramirez,+5491158113297,bruno.ramirez155@mail.com,Salta,Mendoza Norte,google_ads,CAMP014,Google Ads - Toyota Corolla Cross - lead_form,Toyota,Hilux,usado,perdido,Juan Perez,82,si,si
L001440,2025-01-14,21:07:00,Lautaro,Rodriguez,+5491157937566,lautaro.rodriguez655@mail.com,Mendoza,Mendoza Norte,meta_ads,CAMP043,Meta Ads - Chevrolet Onix - remarketing,Chevrolet,Onix,0km,calificado,Juan Perez,40,no,si
L001441,2026-04-25,15:57:00,Joaquin,Alvarez,+5491161114059,joaquin.alvarez874@mail.com,Buenos Aires,Cordoba Centro,organico,,,Fiat,Cronos,financiado,contactado,Diego Acosta,12,no,si
L001442,2026-06-02,20:53:00,Catalina,Diaz,,catalina.diaz261@mail.com,Neuquen,Avellaneda,meta_ads,CAMP051,Meta Ads - Renault Logan - whatsapp,Renault,Logan,0km,sin_respuesta,Ana Perez,66,no,si
L001443,2026-09-06,19:52:00,Sofia,Rodriguez,+5491153572090,sofia.rodriguez742@mail.com,Salta,Rosario,meta_ads,CAMP036,Meta Ads - Ford Territory - whatsapp,Peugeot,Partner,0km,sin_respuesta,Nicolas Ruiz,74,no,si
L001444,2024-01-13,19:40:00,Franco,Ramirez,+5491166895813,franco.ramirez487@mail.com,Neuquen,Avellaneda,meta_ads,CAMP039,Meta Ads - Chevrolet Cruze - trafico,Chevrolet,Cruze,financiado,contactado,Martina Silva,29,si,si
L001445,2024-03-31,09:13:00,Valentina,Fernandez,,valentina.fernandez281@mail.com,Neuquen,Moron,google_ads,CAMP023,Google Ads - Fiat Pulse - remarketing,Fiat,Pulse,0km,cotizado,Martina Silva,42,no,si
L001446,2026-08-17,11:56:00,Martina,Ruiz,+5491138140158,martina.ruiz566@mail.com,Entre Rios,La Plata,meta_ads,CAMP038,Meta Ads - Peugeot Expert - remarketing,Peugeot,Expert,financiado,calificado,Diego Acosta,14,no,si
L001447,2025-10-22,08:17:00,Emma,Martinez,+5491165658431,emma.martinez472@mail.com,Neuquen,Moron,meta_ads,CAMP036,Meta Ads - Ford Territory - whatsapp,Ford,Territory,financiado,perdido,Lucas Gomez,82,no,si
L001448,2026-05-26,11:00:00,Emma,Acosta,+5491155903460,emma.acosta658@mail.com,Neuquen,Palermo,meta_ads,CAMP055,Meta Ads - Toyota Corolla - trafico,Toyota,Corolla,0km,calificado,Martina Silva,3,si,si
L001449,2025-03-08,16:59:00,Camila,Garcia,+5491142349296,camila.garcia515@mail.com,Rio Negro,Palermo,meta_ads,CAMP038,Meta Ads - Peugeot Expert - remarketing,Peugeot,Expert,usado,calificado,Martina Silva,9,si,si
L001450,2026-03-27,14:39:00,Lucia,Lopez,+5491169320234,lucia.lopez435@mail.com,Mendoza,Moron,google_ads,CAMP017,Google Ads - Chevrolet Onix - remarketing,Chevrolet,Onix,plan_ahorro,perdido,Nicolas Ruiz,97,si,si
L001451,2024-08-08,12:13:00,Emma,Romero,+5491166664885,emma.romero780@mail.com,Mendoza,La Plata,whatsapp_directo,,,Toyota,Yaris,financiado,nuevo,Martina Silva,76,no,si
L001452,2026-07-10,09:27:00,Camila,Ruiz,+5491122926391,camila.ruiz935@mail.com,Neuquen,Rosario,meta_ads,CAMP058,Meta Ads - Toyota Corolla Cross - lead_form,Fiat,Corolla Cross,usado,calificado,Martina Silva,92,no,si
L001453,2025-01-25,08:24:00,Franco,Ramirez,+5491157114591,franco.ramirez732@mail.com,Cordoba,Palermo,meta_ads,CAMP059,Meta Ads - Renault Alaskan - whatsapp,Renault,Duster,financiado,nuevo,Diego Acosta,54,si,si
L001454,2024-07-30,14:53:00,Camila,Fernandez,+5491129935526,camila.fernandez314@mail.com,Rio Negro,La Plata,google_ads,CAMP010,Google Ads - Renault Kangoo - whatsapp,Renault,Kangoo,usado,perdido,Juan Perez,74,si,si
L001455,2026-06-22,14:38:00,Franco,Romero,+5491157678339,franco.romero383@mail.com,Salta,Palermo,meta_ads,CAMP043,Meta Ads - Chevrolet Onix - remarketing,Chevrolet,Tracker,usado,nuevo,Martina Silva,22,si,si
L001456,2025-01-04,12:17:00,Bruno,Gonzalez,+5491132586459,bruno.gonzalez157@mail.com,Santa Fe,Mendoza Norte,meta_ads,CAMP037,Meta Ads - Peugeot Expert - trafico,Peugeot,2008,0km,contactado,Diego Acosta,10,no,no
L001457,2024-12-04,14:22:00,Mia,Sanchez,+5491139606119,mia.sanchez64@mail.com,CABA,Moron,whatsapp_directo,,,Peugeot,Expert,financiado,perdido,Nicolas Ruiz,66,si,si
L001458,2024-08-23,18:31:00,Valentina,Ruiz,+5491146272845,valentina.ruiz207@mail.com,Buenos Aires,Mendoza Norte,google_ads,CAMP012,Google Ads - Ford Territory - whatsapp,Ford,Territory,financiado,cotizado,Juan Perez,53,no,si
L001459,2024-06-21,22:24:00,Joaquin,Ramirez,+5491166295485,joaquin.ramirez389@mail.com,Entre Rios,La Plata,google_ads,CAMP025,Google Ads - Ford Maverick - whatsapp,Renault,Duster,plan_ahorro,nuevo,Diego Acosta,7,si,si
L001460,2025-05-02,14:07:00,Lucas,Alvarez,+5491150110338,lucas.alvarez541@mail.com,Neuquen,Rosario,meta_ads,CAMP055,Meta Ads - Toyota Corolla - trafico,Toyota,Corolla Cross,usado,sin_respuesta,Camila Lopez,72,si,no
L001461,2026-08-22,10:56:00,Franco,Acosta,+5491127196889,franco.acosta500@mail.com,Buenos Aires,Moron,meta_ads,CAMP058,Meta Ads - Toyota Corolla Cross - lead_form,Toyota,Corolla Cross,financiado,cotizado,Diego Acosta,66,no,si
L001462,2024-06-24,14:15:00,Martina,Romero,+5491164181920,martina.romero117@mail.com,Buenos Aires,Rosario,google_ads,CAMP011,Google Ads - Peugeot 3008 - trafico,Volkswagen,3008,financiado,test_drive,Juan Perez,56,si,si
L001463,2024-01-06,15:01:00,Emma,Benitez,+5491165936653,agustin.rodriguez623@mail.com,Salta,La Plata,google_ads,CAMP025,Google Ads - Ford Maverick - whatsapp,Ford,Maverick,0km,sin_respuesta,Lucas Gomez,34,no,si
L001464,2026-06-07,22:11:00,Agustin,Torres,+5491151756844,agustin.torres972@mail.com,Neuquen,Rosario,google_ads,CAMP027,Google Ads - Chevrolet Tracker - whatsapp,Chevrolet,S10,financiado,contactado,Camila Lopez,51,no,si
L001465,2026-06-12,17:35:00,Florencia,Fernandez,+5491161430817,florencia.fernandez53@mail.com,Mendoza,Moron,google_ads,CAMP021,Google Ads - Toyota Hilux - trafico,Ford,Hilux,0km,perdido,Juan Perez,35,si,si
L001466,2025-12-22,14:49:00,Santiago,Romero,+5491167467161,santiago.romero46@mail.com,Santa Fe,Rosario,meta_ads,CAMP036,Meta Ads - Ford Territory - whatsapp,Ford,Territory,plan_ahorro,perdido,Sofia Torres,92,no,si
L001467,2024-06-10,21:54:00,Tomas,Fernandez,,tomas.fernandez89@mail.com,Buenos Aires,Mendoza Norte,meta_ads,CAMP042,Meta Ads - Volkswagen Virtus - remarketing,Fiat,Fastback,financiado,cotizado,Diego Acosta,73,no,si
L001468,2024-03-28,10:06:00,Tomas,Perez,+5491166643736,tomas.perez673@mail.com,Entre Rios,La Plata,meta_ads,CAMP055,Meta Ads - Toyota Corolla - trafico,Toyota,Corolla,financiado,cotizado,Sofia Torres,7,si,si
L001469,2026-05-19,19:46:00,Lucas,Acosta,+5491166735673,lucas.acosta651@mail.com,Cordoba,Palermo,meta_ads,CAMP060,Meta Ads - Volkswagen Amarok - whatsapp,Volkswagen,Amarok,plan_ahorro,contactado,Diego Acosta,37,no,si
L001470,2026-09-16,14:27:00,Emma,Martinez,+5491122637427,emma.martinez551@mail.com,Entre Rios,Mendoza Norte,google_ads,CAMP028,Google Ads - Volkswagen Amarok - remarketing,Volkswagen,Taos,plan_ahorro,calificado,Martina Silva,10,no,si
L001471,2024-02-23,22:35:00,Franco,Romero,+5491150986423,franco.romero721@mail.com,Neuquen,Avellaneda,meta_ads,CAMP043,Meta Ads - Chevrolet Onix - remarketing,Chevrolet,Onix,0km,perdido,Ana Perez,68,si,si
L001472,2024-09-01,19:27:00,Bruno,Ramirez,+5491128400834,bruno.ramirez920@mail.com,CABA,Moron,google_ads,CAMP027,Google Ads - Chevrolet Tracker - whatsapp,Toyota,Tracker,plan_ahorro,calificado,Ana Perez,93,no,si
L001473,2025-04-06,14:11:00,Catalina,Alvarez,+5491126482702,catalina.alvarez388@mail.com,CABA,Moron,meta_ads,CAMP049,Meta Ads - Fiat Cronos - trafico,Toyota,Cronos,usado,calificado,Juan Perez,66,si,si
L001474,2024-11-20,13:28:00,Santiago,Garcia,+5491146072619,santiago.garcia771@mail.com,Tucuman,Rosario,meta_ads,CAMP052,Meta Ads - Volkswagen Taos - whatsapp,Volkswagen,Taos,financiado,contactado,Ana Perez,57,si,si
L001475,2024-09-28,21:55:00,Valentina,Romero,+5491155611556,valentina.romero491@mail.com,Rio Negro,Palermo,meta_ads,CAMP048,Meta Ads - Ford Kuga - whatsapp,Ford,Bronco Sport,financiado,contactado,Diego Acosta,59,no,si
L001476,2025-08-26,10:23:00,Benjamin,Fernandez,+5491144758126,benjamin.fernandez184@mail.com,Salta,Palermo,meta_ads,CAMP055,Meta Ads - Toyota Corolla - trafico,Fiat,Corolla,usado,nuevo,Martina Silva,43,si,si
L001477,2026-06-09,15:39:00,Agustin,Acosta,+5491169067256,agustin.acosta667@mail.com,Neuquen,Mendoza Norte,meta_ads,CAMP048,Meta Ads - Ford Kuga - whatsapp,Chevrolet,Kuga,financiado,perdido,Sofia Torres,10,si,si
L001478,2024-03-14,18:14:00,Tomas,Romero,+5491161496711,tomas.romero963@mail.com,Buenos Aires,Palermo,google_ads,CAMP004,Google Ads - Peugeot Expert - lead_form,Peugeot,Expert,usado,contactado,Juan Perez,3,si,si
L001479,2025-05-22,16:18:00,Joaquin,Fernandez,+5491160954078,joaquin.fernandez891@mail.com,Mendoza,Moron,google_ads,CAMP014,Google Ads - Toyota Corolla Cross - lead_form,Toyota,SW4,plan_ahorro,calificado,Ana Perez,49,no,si
L001480,2025-09-18,10:46:00,Catalina,Benitez,+5491159551676,catalina.benitez886@mail.com,Santa Fe,Rosario,meta_ads,CAMP055,Meta Ads - Toyota Corolla - trafico,Toyota,Corolla,plan_ahorro,sin_respuesta,Lucas Gomez,75,no,si
L001481,2024-01-10,09:37:00,Bruno,Ruiz,,bruno.ruiz827@mail.com,Salta,Cordoba Centro,google_ads,CAMP002,Google Ads - Peugeot Partner - whatsapp,Peugeot,Partner,usado,contactado,Martina Silva,6,si,si
L001482,2025-08-28,21:44:00,Agustin,Ramirez,+5491131541463,agustin.ramirez417@mail.com,Rio Negro,Mendoza Norte,whatsapp_directo,,,Toyota,Hilux,0km,test_drive,Diego Acosta,59,si,si
L001483,2024-07-18,10:38:00,Agustin,Martinez,+5491169942570,agustin.martinez127@mail.com,Santa Fe,Rosario,google_ads,CAMP003,Google Ads - Volkswagen Virtus - lead_form,Fiat,Virtus,0km,calificado,Sofia Torres,40,no,si
L001484,2026-09-19,08:18:00,Agustin,Sanchez,+5491129442715,agustin.sanchez338@mail.com,Mendoza,Mendoza Norte,meta_ads,CAMP045,Meta Ads - Chevrolet S10 - lead_form,Chevrolet,S10,0km,test_drive,Martina Silva,46,si,si
L001485,2025-06-24,11:19:00,Valentina,Gonzalez,+5491130429932,valentina.gonzalez351@mail.com,Salta,Mendoza Norte,meta_ads,CAMP009,Google Ads - Volkswagen Amarok - trafico,Volkswagen,Amarok,plan_ahorro,cotizado,Juan Perez,97,si,si
L001486,2025-08-18,21:47:00,Sofia,Ramirez,+5491154423849,sofia.ramirez367@mail.com,CABA,Moron,organico,,,Fiat,Tracker,usado,calificado,Sofia Torres,31,si,si
L001487,2024-09-06,11:39:00,Tomas,Ramirez,+5491137798784,tomas.ramirez771@mail.com,Mendoza,Cordoba Centro,google_ads,CAMP019,Google Ads - Renault Alaskan - trafico,Renault,Alaskan,0km,contactado,Diego Acosta,32,si,si
L001488,2026-03-19,18:10:00,Camila,Benitez,+5491155964977,camila.benitez857@mail.com,Tucuman,Mendoza Norte,meta_ads,CAMP058,Meta Ads - Toyota Corolla Cross - lead_form,Toyota,Corolla Cross,plan_ahorro,contactado,Diego Acosta,69,si,si
L001489,2025-10-03,20:39:00,Sofia,Fernandez,+5491139850993,sofia.fernandez619@mail.com,Tucuman,La Plata,meta_ads,CAMP054,Meta Ads - Chevrolet S10 - remarketing,Chevrolet,S10,financiado,contactado,Juan Perez,52,si,no
L001490,2026-07-14,19:17:00,Mateo,Lopez,+5491139371812,mateo.lopez199@mail.com,Salta,Cordoba Centro,meta_ads,CAMP050,Meta Ads - Chevrolet Tracker - lead_form,Ford,Tracker,0km,contactado,Nicolas Ruiz,62,si,no
L001491,2025-05-18,13:25:00,Lucia,Diaz,+5491125169479,lucia.diaz766@mail.com,Salta,Rosario,google_ads,CAMP007,Google Ads - Volkswagen Nivus - lead_form,Chevrolet,Spin,usado,contactado,Camila Lopez,94,si,no
L001492,2024-09-14,10:44:00,Franco,Ruiz,+5491150907301,franco.ruiz788@mail.com,Salta,Avellaneda,meta_ads,CAMP031,Meta Ads - Volkswagen Polo - trafico,Volkswagen,Nivus,usado,contactado,Sofia Torres,63,si,no
L001493,2025-10-09,20:08:00,Mateo,Acosta,+5491130632567,mateo.acosta508@mail.com,Tucuman,Cordoba Centro,meta_ads,CAMP041,Meta Ads - Toyota Corolla - lead_form,Toyota,Corolla,usado,perdido,Sofia Torres,23,no,si
L001494,2026-02-26,09:15:00,Martina,Fernandez,+5491165256512,martina.fernandez108@mail.com,Entre Rios,Moron,google_ads,CAMP012,Google Ads - Ford Territory - whatsapp,Ford,Territory,0km,perdido,Lucas Gomez,52,no,si
L001495,2026-07-21,13:17:00,Julieta,Garcia,+5491162210623,julieta.garcia665@mail.com,Mendoza,Avellaneda,google_ads,CAMP017,Google Ads - Chevrolet Onix - remarketing,Chevrolet,Onix,usado,contactado,Nicolas Ruiz,83,no,no
L001496,2024-12-05,21:01:00,Tomas,Gonzalez,+5491128418235,tomas.gonzalez657@mail.com,Neuquen,Rosario,google_ads,CAMP029,Google Ads - Ford Bronco Sport - whatsapp,Ford,Kuga,usado,calificado,Ana Perez,77,si,si
L001497,2024-04-13,20:06:00,Emma,Martinez,+5491134662555,emma.martinez55@mail.com,Mendoza,Avellaneda,google_ads,CAMP022,Google Ads - Toyota Hilux - lead_form,Toyota,Hilux,plan_ahorro,contactado,Camila Lopez,74,no,si
L001498,2024-02-08,13:24:00,Florencia,Ruiz,+5491138274509,florencia.ruiz819@mail.com,Salta,Cordoba Centro,google_ads,CAMP007,Google Ads - Volkswagen Nivus - lead_form,Volkswagen,Nivus,0km,nuevo,Lucas Gomez,16,si,si
L001499,2024-03-20,09:28:00,Lucas,Ramirez,+5491161367195,lucas.ramirez277@mail.com,Cordoba,Avellaneda,meta_ads,CAMP038,Meta Ads - Peugeot Expert - remarketing,Peugeot,Partner,plan_ahorro,nuevo,Camila Lopez,51,si,si
L001500,2025-08-04,08:14:00,Martina,Benitez,+5491127100420,martina.benitez535@mail.com,Neuquen,Mendoza Norte,google_ads,CAMP001,Google Ads - Peugeot 208 - lead_form,Peugeot,208,usado,sin_respuesta,Lucas Gomez,29,no,si
